,Berdichev,Україна-64,Kremenchuk - Zazuliak Team,Chess dream (Ivano-Frankivsk),Kherson Atlant,Рогатин,Zhydachiv chess team,ЛША тренер МГ Фірман Назар,KHARKIV REGIONAL PALACE,Кривбас- Кривий Ріг,КПДЮ-1,Школа Інтелектуального Розвитку Розвій,DOLYNACHESS (Шахова Долина),Вінницька шахова школа,ШШК 15,Лозовской ШШК,Шахтар Кристинопіль,Team Zaporizhzhia Region | Збірна Запорізької області,MARAMARA,Тисмениця,The Chess Elite (Stryi L'viv Region),POLTAVA,Метрополитен 90 и старше. Харьков,Рівне,МенаКлубШахмат,Myrhorod Chess Club - Yavorovsky Team,Колос (Бучач),Івано-Франківська ДЮСШ №3,Team Odessa,Ukrainian national team,
18:00,0,0,0,0,0,0,0,0,0,0,0,0,0,0,0,0,0,0,0,0,0,0,0,0,0,0,0,0,0,0,
18:00:01,0,0,0,0,0,0,0,0,0,0,0,0,0,0,0,0,0,0,0,0,0,0,0,0,0,0,0,0,0,0,
18:00:02,0,0,0,0,2,0,0,0,0,0,0,0,0,0,0,0,0,0,0,0,0,0,0,0,0,0,0,0,0,0,
18:00:03,0,0,0,0,2,0,0,0,0,0,0,0,0,0,0,0,0,0,0,0,0,0,0,0,0,0,0,0,0,0,
18:00:04,0,0,0,0,2,0,0,0,0,0,0,0,0,0,0,0,0,0,0,0,0,0,0,0,0,0,0,0,0,0,
18:00:05,0,0,0,0,2,0,0,0,0,0,0,0,0,0,0,0,0,0,0,0,0,0,0,0,0,0,0,0,0,0,
18:00:06,0,0,0,0,2,0,0,0,0,0,0,0,0,0,0,0,0,0,0,0,0,0,0,0,0,0,0,0,0,0,
18:00:07,0,0,0,0,2,0,0,0,0,0,0,0,0,0,0,0,0,0,0,0,0,0,0,0,0,0,0,0,0,0,
18:00:08,0,0,0,0,2,0,0,0,0,0,0,0,0,0,0,0,0,0,0,0,0,0,0,0,0,0,0,0,0,0,
18:00:09,0,0,0,0,2,0,0,0,0,0,0,0,0,0,0,0,0,0,0,0,0,0,0,0,0,0,0,0,0,0,
18:00:10,0,0,0,0,2,0,0,0,0,0,0,0,0,0,0,0,0,0,0,0,0,0,0,0,0,0,0,0,0,0,
18:00:11,0,0,0,0,2,0,0,0,0,0,0,0,0,0,0,0,0,0,0,0,0,0,0,0,0,0,0,0,0,0,
18:00:12,0,0,0,0,2,0,0,0,0,0,0,0,0,0,0,0,0,0,0,0,0,0,0,0,0,0,0,0,0,0,
18:00:13,0,0,0,0,2,0,0,0,0,0,0,0,0,0,0,0,0,0,0,0,0,0,0,0,0,0,0,0,0,0,
18:00:14,0,0,0,0,2,0,0,0,0,0,0,0,0,0,0,0,0,0,0,0,0,0,0,0,0,0,0,0,0,0,
18:00:15,0,0,0,0,2,0,0,0,0,0,0,0,0,0,0,0,0,0,0,0,0,0,0,0,0,0,0,0,0,0,
18:00:16,0,0,0,0,2,0,0,0,0,0,0,0,0,0,0,0,0,0,0,0,0,0,0,0,0,0,0,0,0,0,
18:00:17,0,0,0,0,2,0,0,0,0,0,0,0,0,0,0,0,0,0,0,0,0,0,0,0,0,0,0,0,0,0,
18:00:18,0,0,0,0,2,0,0,0,0,0,0,0,0,0,0,0,0,0,0,0,0,0,0,0,0,0,0,0,0,0,
18:00:19,0,0,0,0,2,0,0,0,0,0,0,0,0,0,0,0,0,0,0,0,0,0,0,0,0,0,0,0,0,0,
18:00:20,0,0,0,0,2,0,0,0,0,0,0,0,0,0,0,0,0,0,0,0,0,0,0,0,0,0,0,0,0,0,
18:00:21,0,0,0,0,2,0,0,0,0,0,0,0,0,0,0,0,0,0,0,0,0,0,0,0,0,0,0,0,0,0,
18:00:22,0,0,0,0,2,0,0,0,0,0,0,0,0,0,0,0,0,0,0,0,0,0,0,0,0,0,0,0,0,0,
18:00:23,0,0,0,0,2,0,0,0,0,0,0,0,0,0,0,0,0,0,0,0,0,0,0,0,0,0,0,0,0,0,
18:00:24,0,0,0,0,2,0,0,0,0,0,0,0,0,0,0,0,0,0,0,0,0,0,0,0,0,0,0,0,0,0,
18:00:25,0,0,0,0,2,0,0,0,0,0,0,0,0,0,0,0,0,0,0,0,0,0,0,0,0,0,0,0,0,0,
18:00:26,0,0,0,0,2,0,0,0,0,0,0,0,0,0,0,0,0,0,0,0,0,0,0,0,0,0,0,0,0,0,
18:00:27,0,0,0,0,2,0,0,0,0,0,0,0,0,0,0,0,0,0,0,0,0,0,0,0,0,0,0,0,0,0,
18:00:28,0,0,0,0,2,0,0,0,0,0,0,0,0,0,0,0,0,0,0,0,0,0,0,0,0,0,0,0,0,0,
18:00:29,0,0,0,0,2,0,0,0,0,0,0,0,0,0,0,0,0,0,0,0,0,0,0,0,0,0,0,0,0,0,
18:00:30,0,0,0,0,2,0,0,0,0,0,0,0,0,0,0,0,0,0,0,0,0,0,0,0,0,0,0,0,0,0,
18:00:31,0,0,0,0,2,0,0,0,0,0,0,0,0,0,0,0,0,0,0,0,0,0,0,0,0,0,0,0,0,0,
18:00:32,0,0,0,0,2,0,0,0,0,0,0,0,0,0,0,0,0,0,0,0,0,0,0,0,0,0,0,0,0,0,
18:00:33,0,0,0,0,2,0,0,0,0,0,0,0,0,0,0,0,0,0,0,0,0,0,0,0,0,0,0,0,0,0,
18:00:34,0,0,0,0,2,0,0,0,0,0,0,0,0,0,0,0,0,0,0,0,0,0,0,0,0,0,0,0,0,0,
18:00:35,0,0,0,0,2,0,0,0,0,0,0,0,0,0,0,0,0,0,0,0,0,0,0,0,0,0,0,0,0,0,
18:00:36,0,0,0,0,3,0,0,0,0,0,0,0,0,0,0,0,0,0,0,0,0,0,0,0,0,1,0,0,0,0,
18:00:37,0,0,0,0,3,0,0,0,0,0,0,0,0,0,0,0,0,0,0,0,0,0,0,0,0,1,0,0,0,0,
18:00:38,0,0,0,0,3,0,0,0,0,0,0,0,0,0,0,0,0,0,0,0,0,0,0,0,0,1,0,0,0,0,
18:00:39,0,0,0,0,3,0,0,0,0,0,0,0,0,0,0,0,0,0,0,0,0,0,0,0,0,1,0,0,0,0,
18:00:40,0,0,0,0,3,0,0,0,0,0,0,0,0,0,0,0,0,0,0,0,0,0,0,0,0,1,0,0,0,0,
18:00:41,0,0,0,0,3,0,0,0,0,0,0,0,0,0,0,0,0,0,0,0,0,0,0,0,0,1,0,0,0,0,
18:00:42,0,0,0,0,3,0,0,0,0,0,0,0,0,0,0,0,0,0,0,0,0,0,0,0,0,1,0,0,0,0,
18:00:43,0,0,0,0,3,0,0,0,0,0,0,0,0,0,0,0,0,0,0,0,0,0,0,0,0,1,0,0,0,0,
18:00:44,0,0,0,0,3,0,0,0,0,0,0,0,0,0,0,0,0,0,0,0,0,0,0,0,0,1,0,0,0,0,
18:00:45,0,0,0,0,3,0,0,0,0,0,0,0,0,0,0,0,0,0,0,0,0,0,0,0,0,1,0,0,0,0,
18:00:46,0,0,0,0,3,0,0,0,0,0,0,0,0,0,0,0,0,0,0,0,0,0,0,0,0,1,0,0,0,0,
18:00:47,0,0,0,0,3,0,0,0,0,0,0,0,0,0,0,0,0,0,0,0,0,0,0,0,0,1,0,0,0,0,
18:00:48,0,0,0,0,3,0,0,0,0,0,0,0,0,0,0,0,0,0,0,0,0,0,0,0,0,1,0,0,0,0,
18:00:49,0,0,0,0,3,0,0,0,0,0,0,0,0,0,0,0,0,0,0,0,0,0,0,0,0,1,0,0,0,0,
18:00:50,0,0,0,0,3,0,0,0,0,0,0,0,0,0,0,0,0,0,0,0,0,0,0,0,0,1,0,0,0,0,
18:00:51,0,0,0,0,3,0,0,0,0,0,0,0,0,0,0,0,0,0,0,0,0,0,0,0,0,1,0,0,0,0,
18:00:52,0,0,0,0,3,0,0,0,0,0,0,0,0,0,0,0,0,0,0,0,0,0,0,0,0,1,0,0,0,0,
18:00:53,0,0,0,0,3,0,0,0,0,0,0,0,0,0,0,0,0,0,0,0,0,0,0,0,0,1,0,0,0,0,
18:00:54,0,0,0,0,3,0,0,0,0,0,0,0,0,0,0,0,0,0,0,0,0,0,0,0,0,1,0,0,0,0,
18:00:55,0,0,0,0,3,0,0,0,0,0,0,0,0,0,0,0,0,0,0,0,0,0,0,0,0,1,0,0,0,0,
18:00:56,0,0,0,0,3,0,0,0,0,0,0,0,0,0,0,0,0,0,0,0,0,0,0,0,0,1,0,0,0,0,
18:00:57,0,0,0,0,3,0,0,0,0,0,0,0,0,0,0,0,0,0,0,0,0,0,0,0,0,1,0,0,0,0,
18:00:58,0,0,0,0,3,0,0,0,0,0,0,0,0,0,0,0,0,0,0,0,0,0,0,0,0,1,0,0,0,0,
18:00:59,0,0,0,0,3,0,0,0,0,0,0,0,0,0,0,0,0,0,0,0,0,0,0,0,0,1,0,0,0,0,
18:01,0,0,0,0,3,0,0,0,0,0,0,0,0,0,0,0,0,0,0,0,0,0,0,0,0,1,0,0,0,0,
18:01:01,0,0,0,0,3,0,0,0,0,0,0,0,0,0,0,0,0,0,0,0,0,0,0,0,0,1,0,0,0,0,
18:01:02,0,0,0,0,3,0,0,0,0,0,0,0,0,0,0,0,0,0,0,0,0,0,0,0,0,1,0,0,0,0,
18:01:03,0,0,0,0,3,0,0,0,0,0,0,0,0,0,0,0,0,0,0,0,0,0,0,0,0,1,0,0,0,0,
18:01:04,0,0,0,0,3,0,0,0,0,0,0,0,0,0,0,0,0,0,0,0,0,0,0,0,0,1,0,0,0,0,
18:01:05,0,0,0,0,3,0,0,0,0,0,0,0,0,0,0,0,0,0,0,0,0,0,0,0,0,1,0,0,0,0,
18:01:06,0,0,0,0,3,0,0,0,0,0,0,0,0,0,0,0,0,0,0,0,0,0,0,0,0,1,0,0,0,0,
18:01:07,0,0,0,0,3,0,0,0,0,0,0,0,0,0,0,0,0,0,0,0,0,0,0,0,0,1,0,0,0,0,
18:01:08,0,0,0,0,3,0,0,0,0,0,0,0,0,0,0,0,0,0,0,0,0,0,0,0,0,1,0,0,0,0,
18:01:09,0,0,0,0,3,0,0,0,0,0,0,0,0,0,0,0,0,0,0,0,0,0,0,0,0,1,0,0,0,0,
18:01:10,0,0,0,0,3,0,0,0,0,0,0,0,0,0,0,0,0,0,0,0,0,0,0,0,0,1,0,0,0,0,
18:01:11,0,0,0,0,3,0,0,0,0,0,0,0,0,0,0,0,0,0,0,0,0,0,0,0,0,1,0,0,0,0,
18:01:12,0,0,0,0,3,0,0,0,0,0,0,0,0,0,0,0,0,0,0,0,0,0,0,0,0,1,0,0,0,0,
18:01:13,0,0,0,0,3,0,0,0,0,0,0,0,0,0,0,0,0,0,0,0,0,0,0,0,0,1,0,0,0,0,
18:01:14,0,0,0,0,3,0,0,0,0,0,0,0,0,0,0,0,0,0,0,0,0,0,0,0,0,1,0,0,0,0,
18:01:15,0,0,0,0,3,0,0,0,0,0,0,0,0,0,0,0,0,0,0,0,0,0,0,0,0,1,0,0,0,0,
18:01:16,0,0,0,0,3,0,0,0,0,0,0,0,0,0,0,0,0,0,0,0,0,0,0,0,0,1,0,0,0,0,
18:01:17,0,0,0,0,3,0,0,0,0,0,0,0,0,0,0,0,0,0,0,0,0,0,0,0,0,1,0,0,0,0,
18:01:18,0,0,0,0,3,0,0,0,0,0,0,0,0,0,0,0,0,0,0,0,0,0,0,0,0,1,0,0,0,0,
18:01:19,0,0,0,0,3,0,0,0,0,0,0,0,0,0,0,0,0,0,0,0,0,0,0,0,0,1,0,0,0,0,
18:01:20,0,0,0,0,3,0,0,0,0,0,0,0,0,0,0,0,0,0,0,0,0,0,0,0,0,1,0,0,0,0,
18:01:21,0,0,0,0,3,0,0,0,0,0,0,0,0,0,0,0,0,0,0,0,0,0,0,0,0,1,0,0,0,0,
18:01:22,0,0,0,0,3,0,0,0,0,0,0,0,0,0,0,0,0,0,0,0,0,0,0,0,0,1,0,0,0,0,
18:01:23,0,0,0,0,3,0,0,0,0,0,0,0,0,0,0,0,0,0,0,0,0,0,0,0,0,1,0,0,0,0,
18:01:24,0,0,0,0,3,0,0,0,0,0,0,0,0,0,0,0,0,0,0,0,0,0,0,0,0,1,0,0,0,0,
18:01:25,0,0,0,0,3,0,0,0,0,0,0,0,0,0,0,0,0,0,0,0,0,0,0,0,0,1,0,0,0,0,
18:01:26,0,0,0,0,3,0,0,0,0,0,0,0,0,0,0,0,0,0,0,0,0,0,0,0,0,1,0,0,0,0,
18:01:27,0,0,0,0,3,0,0,0,0,0,0,0,0,0,0,0,0,0,0,0,0,0,0,0,0,1,0,0,0,0,
18:01:28,0,0,0,0,3,0,0,0,0,0,0,0,0,0,0,0,0,0,0,0,0,0,0,0,0,1,0,0,0,0,
18:01:29,0,0,0,0,3,0,0,0,0,0,0,0,0,0,0,0,0,0,0,0,0,0,0,0,0,1,0,0,0,0,
18:01:30,0,0,0,0,3,0,0,0,0,0,0,0,0,0,0,0,0,0,0,0,0,0,0,0,0,1,0,0,0,0,
18:01:31,0,0,0,0,3,0,0,0,0,0,0,0,0,0,0,0,0,0,0,0,0,0,0,0,0,1,0,0,0,0,
18:01:32,3,0,4,0,15,0,4,0,0,13,0,0,3,0,2,10,0,0,0,2,3,0,2,9,3,1,15,0,6,0,
18:01:33,3,0,4,0,15,0,4,0,0,13,0,0,3,0,2,10,0,0,0,2,3,0,2,9,3,1,15,0,6,0,
18:01:34,3,0,4,0,15,0,4,0,0,13,0,0,3,0,2,10,0,0,0,2,3,0,2,9,3,1,15,0,6,0,
18:01:35,3,0,4,0,15,0,4,0,0,13,0,0,3,0,2,10,0,0,0,2,3,0,2,9,3,1,15,0,6,0,
18:01:36,3,0,4,0,15,0,4,0,0,13,0,0,3,0,2,10,0,0,0,2,3,0,2,9,3,1,15,0,6,0,
18:01:37,3,0,4,0,15,0,4,0,0,13,0,0,3,0,2,10,0,0,0,2,3,0,2,9,3,1,15,0,6,0,
18:01:38,3,0,4,0,15,0,4,0,0,13,0,0,3,0,2,10,0,0,0,2,3,0,2,9,3,1,15,0,6,0,
18:01:39,3,0,4,0,15,0,4,0,0,13,0,0,3,0,2,10,0,0,0,2,3,0,2,9,3,1,15,0,6,0,
18:01:40,3,0,4,0,15,0,4,0,0,13,0,0,3,0,2,10,0,0,0,2,3,0,2,9,3,1,15,0,6,0,
18:01:41,3,0,4,0,15,0,4,0,0,13,0,0,3,0,2,10,0,0,0,2,3,0,2,9,3,1,15,0,6,0,
18:01:42,3,0,4,0,15,0,4,0,0,13,0,0,3,0,2,10,0,0,0,2,3,0,2,9,3,1,15,0,6,0,
18:01:43,3,0,4,0,15,0,4,0,0,13,0,0,3,0,2,10,0,0,0,2,3,0,2,9,3,1,15,0,6,0,
18:01:44,3,0,4,0,15,0,4,0,0,13,0,0,3,0,2,10,0,0,0,2,3,0,2,9,3,1,15,0,6,0,
18:01:45,3,0,4,0,15,0,4,0,0,13,0,0,3,0,2,10,0,0,0,2,3,0,2,9,3,1,15,0,6,0,
18:01:46,3,0,4,0,15,0,4,0,0,13,0,0,3,0,2,10,0,0,0,2,3,0,2,9,3,1,15,0,6,0,
18:01:47,3,0,4,0,15,0,4,0,0,13,0,0,3,0,2,10,0,0,0,2,3,0,2,9,3,1,15,0,6,0,
18:01:48,3,0,4,0,15,0,4,0,0,13,0,0,3,0,2,10,0,0,0,2,3,0,2,9,3,1,15,0,6,0,
18:01:49,3,0,4,0,15,0,4,0,0,13,0,0,3,0,2,10,0,0,0,2,3,0,2,9,3,1,15,0,6,0,
18:01:50,3,0,4,0,15,0,4,0,0,13,0,0,3,0,2,10,0,0,0,2,3,0,2,9,3,1,15,0,6,0,
18:01:51,3,0,4,0,15,0,4,0,0,13,0,0,3,0,2,10,0,0,0,2,3,0,2,9,3,1,15,0,6,0,
18:01:52,3,0,4,0,15,0,4,0,0,13,0,0,3,0,2,10,0,0,0,2,3,0,2,9,3,1,15,0,6,0,
18:01:53,3,0,4,0,15,0,4,0,0,13,0,0,3,0,2,10,0,0,0,2,3,0,2,9,3,1,15,0,6,0,
18:01:54,3,0,4,0,15,0,4,0,0,13,0,0,3,0,2,10,0,0,0,2,3,0,2,9,3,1,15,0,6,0,
18:01:55,3,0,4,0,15,0,4,0,0,13,0,0,3,0,2,10,0,0,0,2,3,0,2,9,3,1,15,0,6,0,
18:01:56,3,0,4,0,15,0,4,0,0,13,0,0,3,0,2,10,0,0,0,2,3,0,2,9,3,1,15,0,6,0,
18:01:57,3,0,4,0,15,0,4,0,0,13,0,0,3,0,2,10,0,0,0,2,3,0,2,9,3,1,15,0,6,0,
18:01:58,3,0,4,0,15,0,4,0,0,13,0,0,3,0,2,10,0,0,0,2,3,0,2,9,3,1,15,0,6,0,
18:01:59,3,0,4,0,15,0,4,0,0,13,0,0,3,0,2,10,0,0,0,2,3,0,2,9,3,1,15,0,6,0,
18:02,3,0,4,0,15,0,4,0,0,13,0,0,3,0,2,10,0,0,0,2,3,0,2,9,3,1,15,0,6,0,
18:02:01,3,0,4,0,15,0,4,0,0,13,0,0,3,0,2,10,0,0,0,2,3,0,2,9,3,1,15,0,6,0,
18:02:02,3,0,4,0,15,0,4,0,0,13,0,0,3,0,2,10,0,0,0,2,3,0,2,9,3,1,15,0,6,0,
18:02:03,3,0,4,0,15,0,4,0,0,13,0,0,3,0,2,10,0,0,0,2,3,0,2,9,3,1,15,0,6,0,
18:02:04,3,0,4,0,15,0,4,0,0,13,0,0,3,0,2,10,0,0,0,2,3,0,2,9,3,1,15,0,6,0,
18:02:05,3,0,4,0,15,0,4,0,0,13,0,0,3,0,2,10,0,0,0,2,3,0,2,9,3,1,15,0,6,0,
18:02:06,3,0,4,0,15,0,4,0,0,13,0,0,3,0,2,10,0,0,0,2,5,0,2,9,3,1,15,0,6,0,
18:02:07,3,0,4,0,15,0,4,0,0,13,0,0,3,0,2,10,0,0,0,2,5,0,2,9,3,1,15,0,6,0,
18:02:08,3,0,4,0,15,0,4,0,0,13,0,0,3,0,2,10,0,0,0,2,5,0,2,9,3,1,15,0,6,0,
18:02:09,3,0,4,0,15,0,4,0,0,13,0,0,3,0,2,10,0,0,0,2,5,0,2,9,3,1,15,0,6,0,
18:02:10,3,0,4,0,15,0,4,0,0,13,0,0,3,0,2,10,0,0,0,2,5,0,2,9,3,1,15,0,6,0,
18:02:11,3,0,4,0,15,0,4,0,0,13,0,0,3,0,2,10,0,0,0,2,5,0,2,9,3,1,15,0,6,0,
18:02:12,3,0,4,0,15,0,4,0,0,13,0,0,3,0,2,10,0,0,0,2,5,0,2,9,3,1,15,0,6,0,
18:02:13,3,0,4,0,15,0,4,0,0,13,0,0,3,0,2,10,0,0,0,2,5,0,2,9,3,1,15,0,6,0,
18:02:14,3,0,4,0,15,0,4,0,0,13,0,0,3,0,2,10,0,0,0,2,5,0,2,9,3,1,15,0,6,0,
18:02:15,3,0,4,0,15,0,4,0,0,13,0,0,3,0,2,10,0,0,0,2,5,0,2,9,3,1,15,0,6,0,
18:02:16,3,0,4,0,15,0,4,0,0,13,0,0,3,0,2,10,0,0,0,2,5,0,2,9,3,1,15,0,6,0,
18:02:17,3,0,4,0,15,0,4,0,0,13,0,0,3,0,2,10,0,0,0,2,5,0,2,9,3,1,15,0,6,0,
18:02:18,3,0,4,0,15,0,4,0,0,13,0,0,3,0,2,10,0,0,0,2,5,0,2,9,3,1,15,0,6,0,
18:02:19,3,0,4,0,15,0,4,0,0,13,0,0,3,0,2,10,0,0,0,2,5,0,2,9,3,1,15,0,6,0,
18:02:20,3,0,4,0,15,0,4,0,0,13,0,0,3,0,2,10,0,0,0,2,5,0,2,9,3,1,15,0,6,0,
18:02:21,3,0,4,0,15,0,4,0,0,13,0,0,3,0,2,10,0,0,0,2,5,0,2,9,3,1,15,0,6,0,
18:02:22,3,0,4,0,15,0,4,0,0,13,0,0,3,0,2,10,0,0,0,2,5,0,2,9,3,1,15,0,6,0,
18:02:23,3,0,4,0,15,0,4,0,0,13,0,0,3,0,2,10,0,0,0,2,5,0,2,9,3,1,15,0,6,0,
18:02:24,3,0,4,0,15,0,4,0,0,13,0,0,3,0,2,10,0,0,0,2,5,0,2,9,3,1,15,0,6,0,
18:02:25,3,0,4,0,15,0,4,0,0,13,0,0,3,0,2,10,0,0,0,2,5,0,2,9,3,1,15,0,6,0,
18:02:26,3,0,4,0,15,0,4,0,0,13,0,0,3,0,2,10,0,0,0,2,5,0,2,9,3,1,15,0,6,0,
18:02:27,3,0,4,0,15,0,4,0,0,13,0,0,3,0,2,10,0,0,0,2,5,0,2,9,3,1,15,0,6,0,
18:02:28,3,0,4,0,15,0,4,0,0,13,0,0,3,0,2,10,0,0,0,2,5,0,2,9,3,1,15,0,6,0,
18:02:29,3,0,4,0,15,0,4,0,0,13,0,0,3,0,2,10,0,0,0,2,5,0,2,9,3,1,15,0,6,0,
18:02:30,3,0,4,0,15,0,4,0,0,13,0,0,3,0,2,10,0,0,0,2,5,0,2,9,3,1,15,0,6,0,
18:02:31,3,0,4,0,15,0,4,0,0,13,0,0,3,0,2,10,0,0,0,2,5,0,2,9,3,1,15,0,6,0,
18:02:32,3,0,4,0,15,0,4,0,0,13,0,0,3,0,2,10,0,0,0,2,5,0,2,9,3,1,15,0,6,0,
18:02:33,3,0,4,0,15,0,4,0,0,13,0,0,3,0,2,10,0,0,0,2,5,0,2,9,3,1,15,0,6,0,
18:02:34,3,0,4,0,15,0,4,0,0,13,0,0,3,0,2,10,0,0,0,2,5,0,2,9,3,1,15,0,6,0,
18:02:35,3,0,4,0,15,0,4,0,0,13,0,0,3,0,2,10,0,0,0,2,5,0,2,9,3,1,15,0,6,0,
18:02:36,3,0,4,0,15,0,4,0,0,13,0,0,3,0,2,10,0,0,0,2,5,0,2,9,3,1,15,0,6,0,
18:02:37,4,0,4,0,17,0,4,0,0,13,0,0,3,0,2,10,0,0,0,2,5,0,2,9,3,1,15,0,6,0,
18:02:38,4,0,4,0,17,0,4,0,0,13,0,0,3,0,2,10,0,0,0,2,5,0,2,9,3,1,15,0,6,0,
18:02:39,4,0,4,0,17,0,4,0,0,13,0,0,3,0,2,10,0,0,0,2,5,0,2,9,3,1,15,0,6,0,
18:02:40,4,0,4,0,17,0,4,0,0,13,0,0,3,0,2,10,0,0,0,2,5,0,2,9,3,1,15,0,6,0,
18:02:41,4,0,4,0,17,0,4,0,0,13,0,0,3,0,2,10,0,0,0,2,5,0,2,9,3,1,15,0,6,0,
18:02:42,4,0,4,0,17,0,4,0,0,13,0,0,3,0,2,10,0,0,0,2,5,0,2,9,3,1,15,0,6,0,
18:02:43,4,0,4,0,17,0,4,0,0,13,0,0,3,0,2,10,0,0,0,2,5,0,2,9,3,1,15,0,6,0,
18:02:44,4,0,4,0,17,0,4,0,0,13,0,0,3,0,2,10,0,0,0,2,5,0,2,9,3,1,15,0,6,0,
18:02:45,4,0,4,0,17,0,4,0,0,13,0,0,3,0,2,10,0,0,0,2,5,0,2,9,3,1,15,0,6,0,
18:02:46,4,0,4,0,17,0,4,0,0,13,0,0,3,0,2,10,0,0,0,2,5,0,2,9,3,1,15,0,6,0,
18:02:47,4,0,4,0,17,0,4,0,0,13,0,0,3,0,2,10,0,0,0,2,5,0,2,9,3,1,15,0,6,0,
18:02:48,4,0,4,0,17,0,4,0,0,13,0,0,3,0,2,10,0,0,0,2,5,0,2,9,3,1,15,0,6,0,
18:02:49,4,0,4,0,17,0,4,0,0,13,0,0,3,0,2,10,0,0,0,2,5,0,2,9,3,1,15,0,6,0,
18:02:50,4,0,4,0,17,0,4,0,0,13,0,0,3,0,2,10,0,0,0,2,5,0,2,9,3,1,15,0,6,0,
18:02:51,4,0,4,0,17,0,4,0,0,13,0,0,3,0,2,10,0,0,0,2,5,0,2,9,3,1,15,0,6,0,
18:02:52,4,0,4,0,17,0,4,0,0,13,0,0,3,0,2,10,0,0,0,2,5,0,2,9,3,1,15,0,6,0,
18:02:53,4,0,4,0,17,0,4,0,0,13,0,0,3,0,2,10,0,0,0,2,5,0,2,9,3,1,15,0,6,0,
18:02:54,4,0,4,0,17,0,4,0,0,13,0,0,3,0,2,10,0,0,0,2,5,0,2,9,3,1,15,0,6,0,
18:02:55,4,0,4,0,17,0,4,0,0,13,0,0,3,0,2,10,0,0,0,2,5,0,2,9,3,1,15,0,6,0,
18:02:56,4,0,4,0,17,0,4,0,0,13,0,0,3,0,2,10,0,0,0,2,5,0,2,9,3,1,15,0,6,0,
18:02:57,4,0,4,0,17,0,4,0,0,13,0,0,3,0,2,10,0,0,0,2,5,0,2,9,3,1,15,0,6,0,
18:02:58,4,0,4,0,17,0,4,0,0,13,0,0,3,0,2,10,0,0,0,2,5,0,2,9,3,1,15,0,6,0,
18:02:59,4,0,4,0,17,0,4,0,0,13,0,0,3,0,2,10,0,0,0,2,5,0,2,9,3,1,15,0,6,0,
18:03,4,0,4,0,17,0,4,0,0,13,0,0,3,0,2,10,0,0,0,2,5,0,2,9,3,1,15,0,6,0,
18:03:01,4,0,4,0,17,0,4,0,0,13,0,0,3,0,2,10,0,0,0,2,5,0,2,9,3,1,15,0,6,0,
18:03:02,4,0,4,0,17,0,4,0,0,13,0,0,3,0,2,10,0,0,0,2,5,0,2,9,3,1,15,0,6,0,
18:03:03,4,0,4,0,17,0,4,0,0,13,0,0,3,0,2,10,0,0,0,2,5,0,2,9,3,1,15,0,6,0,
18:03:04,4,0,4,0,17,0,4,0,0,13,0,0,3,0,2,10,0,0,0,2,5,0,2,9,3,1,15,0,6,0,
18:03:05,4,0,4,0,17,0,4,0,0,13,0,0,3,0,2,10,0,0,0,2,5,0,2,9,3,1,15,0,6,0,
18:03:06,4,0,4,0,17,0,4,0,0,13,0,0,3,0,2,10,0,0,0,2,5,0,2,9,3,1,15,0,6,0,
18:03:07,4,0,4,0,17,0,4,0,0,13,0,0,3,0,2,10,0,0,0,2,5,0,2,9,3,1,15,0,6,0,
18:03:08,4,0,4,0,17,0,4,0,0,13,0,0,3,0,2,10,0,0,0,2,5,0,2,9,3,1,15,0,6,0,
18:03:09,4,0,4,0,17,0,4,0,0,13,0,0,3,0,2,10,0,0,0,2,5,0,2,9,3,1,15,0,6,0,
18:03:10,4,0,4,0,17,0,4,0,0,13,0,0,3,0,2,10,0,0,0,2,5,0,2,9,3,1,15,0,6,0,
18:03:11,4,0,4,0,17,0,4,0,0,13,0,0,3,0,2,10,0,0,0,2,5,1,2,9,3,1,15,0,6,0,
18:03:12,4,0,4,0,17,0,4,0,0,13,0,0,3,0,2,10,0,0,0,2,5,1,2,9,3,1,15,0,6,0,
18:03:13,4,0,4,0,17,0,4,0,0,13,0,0,3,0,2,10,0,0,0,2,5,1,2,9,3,1,15,0,6,0,
18:03:14,4,0,4,0,17,0,4,0,0,13,0,0,3,0,2,10,0,0,0,2,5,1,2,9,3,1,15,0,6,0,
18:03:15,4,0,4,0,17,0,4,0,0,13,0,0,3,0,2,10,0,0,0,2,5,1,2,9,3,1,15,0,6,0,
18:03:16,4,0,4,0,17,0,4,0,0,13,0,0,3,0,2,10,0,0,0,2,5,1,2,9,3,1,15,0,6,0,
18:03:17,4,0,4,0,17,0,4,0,0,13,0,0,3,0,2,10,0,0,0,2,5,1,2,9,3,1,15,0,6,0,
18:03:18,4,0,4,0,17,0,4,0,0,13,0,0,3,0,2,10,0,0,0,2,5,1,2,9,3,1,15,0,6,0,
18:03:19,4,0,4,0,17,0,4,0,0,13,0,0,3,0,2,10,0,0,0,2,5,1,2,9,3,1,15,0,6,0,
18:03:20,4,0,4,0,17,0,4,0,0,13,0,0,3,0,2,10,0,0,0,2,5,1,2,9,3,3,15,0,6,0,
18:03:21,4,0,4,0,17,0,4,0,0,13,0,0,3,0,2,10,0,0,0,2,5,1,2,9,3,3,15,0,6,0,
18:03:22,4,0,4,0,17,0,4,0,0,13,0,0,3,0,2,10,0,0,0,2,5,1,2,9,3,3,15,0,6,0,
18:03:23,4,0,4,0,17,0,4,0,0,13,0,0,3,0,2,10,0,0,0,2,5,1,2,9,3,3,15,0,6,0,
18:03:24,4,0,4,0,17,0,4,0,0,13,0,0,3,0,2,10,0,0,0,2,5,1,2,9,3,3,15,0,6,0,
18:03:25,4,0,4,0,17,0,4,0,0,13,0,0,3,0,2,10,0,0,0,2,5,1,2,9,3,3,15,0,6,0,
18:03:26,4,0,4,0,17,0,4,0,0,13,0,0,3,0,2,10,0,0,0,2,5,1,2,9,3,3,15,0,6,0,
18:03:27,4,0,4,0,17,0,4,0,0,13,0,0,3,0,2,10,0,0,0,2,5,1,2,9,3,3,15,0,6,0,
18:03:28,4,0,4,0,17,0,4,0,0,13,0,0,3,0,2,10,0,0,0,2,5,1,2,9,3,3,15,0,6,0,
18:03:29,4,0,4,0,17,0,4,0,0,13,0,0,3,0,2,10,0,0,0,2,5,1,2,9,3,3,15,0,6,0,
18:03:30,4,0,4,0,17,0,4,0,0,13,0,0,3,0,2,10,0,0,0,2,5,1,2,9,3,3,15,0,6,0,
18:03:31,4,0,4,0,17,0,4,0,0,13,0,0,3,0,2,10,0,0,0,2,5,1,2,9,3,3,15,0,6,0,
18:03:32,4,0,4,0,17,0,4,0,0,13,0,0,3,0,2,10,0,0,0,2,5,1,2,9,3,3,15,0,6,0,
18:03:33,4,0,4,0,17,0,4,0,0,13,0,0,3,0,2,10,0,0,0,2,5,1,2,9,3,3,15,0,6,0,
18:03:34,4,0,4,0,17,0,4,0,0,13,0,0,3,0,2,10,0,0,0,2,5,1,2,9,3,3,15,0,6,0,
18:03:35,4,0,4,0,17,0,4,0,0,13,0,0,3,0,2,10,0,0,0,2,5,1,2,9,3,3,15,0,6,0,
18:03:36,4,0,4,0,17,0,4,0,0,13,0,0,3,0,2,10,0,0,0,2,5,1,2,9,3,3,15,0,6,0,
18:03:37,4,0,4,0,17,0,4,0,0,13,0,0,3,0,2,10,0,0,0,2,5,1,2,9,3,3,15,0,6,0,
18:03:38,4,0,4,0,17,0,4,0,0,13,0,0,3,0,2,10,0,0,0,2,5,1,2,9,3,3,15,0,6,0,
18:03:39,4,0,6,0,17,0,4,0,0,14,0,0,3,0,2,12,0,0,0,2,5,1,2,9,3,3,15,0,6,0,
18:03:40,4,0,6,0,17,0,4,0,0,14,0,0,3,0,2,12,0,0,0,2,5,1,2,9,3,3,15,0,6,0,
18:03:41,4,0,6,0,17,0,4,0,0,14,0,0,3,0,2,12,0,0,0,2,5,1,2,9,3,3,15,0,6,0,
18:03:42,4,0,6,0,17,0,4,0,0,14,0,0,3,0,2,12,0,0,0,2,5,1,2,9,3,3,15,0,6,0,
18:03:43,4,0,6,0,17,0,4,0,0,14,0,0,3,0,2,12,0,0,0,2,5,1,2,9,3,3,15,0,6,0,
18:03:44,4,0,6,0,17,0,4,0,0,14,0,0,3,0,2,12,0,0,0,2,5,1,2,9,3,3,15,0,6,0,
18:03:45,4,0,6,0,17,0,4,0,0,14,0,0,3,0,2,12,0,0,0,2,5,1,2,9,3,3,15,0,6,0,
18:03:46,4,0,6,0,17,0,4,0,0,14,0,0,3,0,2,12,0,0,0,2,5,1,2,9,3,3,15,0,6,0,
18:03:47,4,0,6,0,17,0,4,0,0,14,0,0,3,0,2,12,0,0,0,2,5,1,2,9,3,3,15,0,6,0,
18:03:48,4,0,6,0,17,0,4,0,0,14,0,0,3,0,2,12,0,0,0,2,5,1,2,9,3,3,15,0,6,0,
18:03:49,4,0,6,0,17,0,4,0,0,14,0,0,3,0,2,12,0,0,0,2,5,1,2,9,3,3,15,0,6,0,
18:03:50,4,0,6,0,17,0,4,0,0,14,0,0,3,0,2,12,0,0,0,2,5,1,2,9,3,3,15,0,6,0,
18:03:51,4,0,6,0,17,0,4,0,0,14,0,0,3,0,2,12,0,0,0,2,5,1,2,9,3,3,15,0,6,0,
18:03:52,4,0,6,0,17,0,4,0,0,14,0,0,3,0,2,12,0,0,0,2,5,1,2,9,3,3,15,0,6,0,
18:03:53,4,0,6,0,17,0,4,0,0,14,0,0,3,0,2,12,0,0,0,2,5,1,2,9,3,3,15,0,6,0,
18:03:54,4,0,6,0,17,0,4,0,0,14,0,0,3,0,2,12,0,0,0,2,5,1,2,9,3,3,15,0,6,0,
18:03:55,4,0,6,0,17,0,4,0,0,14,0,0,3,0,2,12,0,0,0,2,5,1,2,9,3,3,15,0,6,0,
18:03:56,4,0,6,0,17,0,4,0,0,14,0,0,3,0,2,12,0,0,0,2,5,1,2,9,3,3,15,0,6,0,
18:03:57,4,0,6,0,17,0,4,0,0,14,0,0,3,0,2,12,0,0,0,2,5,1,2,9,3,3,15,0,6,0,
18:03:58,4,0,6,0,17,0,4,0,0,14,0,0,3,0,2,12,0,0,0,2,5,1,2,9,3,3,15,0,6,0,
18:03:59,4,0,6,0,17,0,4,0,0,14,0,0,3,0,2,12,0,0,0,2,5,1,2,9,3,3,15,0,6,0,
18:04,4,0,6,0,17,0,4,0,0,14,0,0,3,0,2,12,0,0,0,2,5,1,2,9,3,3,15,0,6,0,
18:04:01,4,0,6,0,17,0,4,0,0,14,0,0,3,0,2,12,0,0,0,2,5,1,2,9,3,3,15,0,6,0,
18:04:02,4,0,6,0,17,0,4,0,0,14,0,0,3,0,2,12,0,0,0,2,5,1,2,9,3,3,15,0,6,0,
18:04:03,4,0,6,0,17,0,4,0,0,14,0,0,3,0,2,12,0,0,0,2,5,1,2,9,3,3,15,0,6,0,
18:04:04,4,0,6,0,17,0,4,0,0,14,0,0,3,0,2,12,0,0,0,2,5,1,2,9,3,3,15,0,6,0,
18:04:05,4,0,6,0,17,0,4,0,0,14,0,0,3,0,2,12,0,0,0,2,5,1,2,9,3,3,15,0,6,0,
18:04:06,4,0,6,0,17,0,4,0,0,14,0,0,3,0,2,12,0,0,0,2,5,1,2,9,3,3,15,0,6,0,
18:04:07,4,0,6,0,17,0,4,0,0,14,0,0,3,0,2,12,0,0,0,2,5,1,2,9,3,3,15,0,6,0,
18:04:08,4,0,6,0,17,0,4,0,0,14,0,0,3,0,2,12,0,0,0,2,5,1,2,9,3,3,15,0,6,0,
18:04:09,4,0,6,0,17,0,4,0,0,14,0,0,3,0,2,12,0,0,0,2,5,1,2,9,3,3,15,0,6,0,
18:04:10,4,0,6,0,17,0,4,0,0,14,0,0,3,0,2,12,0,0,0,2,5,1,2,9,3,3,15,0,6,0,
18:04:11,4,0,6,0,17,0,4,0,0,14,0,0,3,0,2,12,0,0,0,2,5,1,2,9,3,3,15,0,6,0,
18:04:12,4,0,6,0,17,0,4,0,0,14,0,0,3,0,2,12,0,0,0,2,5,1,2,9,3,3,15,0,6,0,
18:04:13,4,0,6,0,17,0,4,0,0,14,0,0,3,0,2,12,0,0,0,2,5,1,2,9,3,3,15,0,6,0,
18:04:14,4,0,6,0,17,0,4,0,0,14,0,0,3,0,2,12,0,0,0,2,5,1,2,9,3,3,15,0,6,0,
18:04:15,4,0,6,0,17,0,4,0,0,14,0,0,3,0,2,12,0,0,0,2,5,1,2,9,3,3,15,0,6,0,
18:04:16,4,0,6,0,17,0,4,0,0,14,0,0,3,0,2,12,0,0,0,2,5,1,2,9,3,3,15,0,6,0,
18:04:17,4,0,6,0,17,0,4,0,0,14,0,0,3,0,2,12,0,0,0,2,5,1,2,9,3,3,15,0,6,0,
18:04:18,4,0,6,0,17,0,4,0,0,14,0,0,3,0,2,12,0,0,0,2,5,1,2,9,3,3,15,0,6,0,
18:04:19,4,0,6,0,17,0,4,0,0,14,0,0,3,0,2,12,2,0,0,2,5,4,2,11,3,3,15,0,6,0,
18:04:20,4,0,6,0,17,0,4,0,0,14,0,0,3,0,2,12,2,0,0,2,5,4,2,11,3,3,15,0,6,0,
18:04:21,4,0,6,0,17,0,4,0,0,14,0,0,3,0,2,12,2,0,0,2,5,4,2,11,3,3,15,0,6,0,
18:04:22,4,0,6,0,17,0,4,0,0,14,0,0,3,0,2,12,2,0,0,2,5,4,2,11,3,3,15,0,6,0,
18:04:23,4,0,6,0,17,0,4,0,0,14,0,0,3,0,2,12,2,0,0,2,5,4,2,11,3,3,15,0,6,0,
18:04:24,4,0,6,0,17,0,4,0,0,14,0,0,3,0,2,12,2,0,0,2,5,4,2,11,3,3,15,0,6,0,
18:04:25,4,0,6,0,17,0,4,0,0,14,0,0,3,0,2,12,2,0,0,2,5,4,2,11,3,3,15,0,6,0,
18:04:26,4,0,6,0,17,0,4,0,0,14,0,0,3,0,2,12,2,0,0,2,5,4,2,11,3,3,15,0,6,0,
18:04:27,4,0,6,0,17,0,4,0,0,14,0,0,3,0,2,12,2,0,0,2,5,4,2,11,3,3,15,0,6,0,
18:04:28,4,0,6,0,17,0,4,0,0,14,0,0,3,0,2,12,2,0,0,2,5,4,2,11,3,3,15,0,6,0,
18:04:29,4,0,6,0,17,0,4,0,0,14,0,0,3,0,2,12,2,0,0,2,5,4,2,11,3,3,15,0,6,0,
18:04:30,4,0,6,0,17,0,4,0,0,14,0,0,3,0,2,12,2,0,0,2,5,4,2,11,3,3,15,0,6,0,
18:04:31,4,0,6,0,17,0,4,0,0,14,0,0,3,0,2,12,2,0,0,2,5,4,2,11,3,3,15,0,6,0,
18:04:32,4,0,6,0,17,0,4,0,0,14,0,0,3,0,2,12,2,0,0,2,5,4,2,11,3,3,15,0,6,0,
18:04:33,4,0,6,0,17,0,4,0,0,14,0,0,3,0,2,12,2,0,0,2,5,4,2,11,3,3,15,0,6,0,
18:04:34,4,0,6,0,17,0,4,0,0,14,0,0,3,0,2,12,2,0,0,2,5,4,2,11,3,3,15,0,6,0,
18:04:35,4,0,6,0,17,0,4,0,0,14,0,0,3,0,2,12,2,0,0,2,5,4,2,11,3,3,15,0,6,0,
18:04:36,4,0,6,0,17,0,4,0,0,14,0,0,3,0,2,12,2,0,0,2,5,4,2,11,3,3,15,0,6,0,
18:04:37,4,0,6,0,17,0,4,0,0,14,0,0,3,0,2,12,2,0,0,2,5,4,2,11,3,3,15,0,6,0,
18:04:38,4,0,6,0,17,0,4,0,0,14,0,0,3,0,2,12,2,0,0,2,5,4,2,11,3,3,15,0,6,0,
18:04:39,4,0,6,0,17,0,4,0,0,14,0,0,3,0,2,12,2,0,0,2,5,4,2,11,3,3,15,0,6,0,
18:04:40,4,0,6,0,17,0,4,0,0,14,0,0,3,0,2,12,2,0,0,2,5,4,2,11,3,3,15,0,6,0,
18:04:41,4,0,6,0,17,0,4,0,0,14,0,0,3,0,2,12,2,0,0,2,5,4,2,11,3,3,15,0,6,0,
18:04:42,4,0,6,0,17,0,4,0,0,14,0,0,3,0,2,12,2,0,0,2,5,4,2,11,3,3,15,0,6,0,
18:04:43,4,0,6,0,17,0,4,0,0,14,0,0,3,0,2,12,2,0,0,2,5,4,2,11,3,3,15,0,6,0,
18:04:44,4,0,6,0,17,0,4,0,0,14,0,0,3,0,2,12,2,0,0,2,5,4,2,11,3,3,15,0,6,0,
18:04:45,4,0,6,0,17,0,4,0,0,14,0,0,3,0,2,12,2,0,0,2,5,4,2,11,3,3,15,0,6,0,
18:04:46,4,0,6,0,17,0,4,0,0,14,0,0,3,0,2,12,2,0,0,2,5,4,2,11,3,3,15,0,6,0,
18:04:47,4,0,6,0,17,0,4,0,0,14,0,0,3,0,2,12,2,0,0,2,5,4,2,11,3,3,15,0,6,0,
18:04:48,4,0,6,0,17,0,4,0,0,14,0,0,3,0,2,12,2,0,0,2,5,4,2,11,3,3,15,0,6,0,
18:04:49,4,0,6,0,17,0,4,0,0,14,0,0,3,0,2,12,2,0,0,2,5,4,2,11,3,3,15,0,6,0,
18:04:50,4,0,6,0,17,0,4,0,0,14,0,0,3,0,2,12,2,0,0,4,7,4,2,11,6,3,15,0,6,0,
18:04:51,4,0,6,0,17,0,4,0,0,14,0,0,3,0,2,12,2,0,0,4,7,4,2,11,6,3,15,0,6,0,
18:04:52,4,0,6,0,17,0,4,0,0,14,0,0,3,0,2,12,2,0,0,4,7,4,2,11,6,3,15,0,6,0,
18:04:53,4,0,6,0,17,0,4,0,0,14,0,0,3,0,2,12,2,0,0,4,7,4,2,11,6,3,15,0,6,0,
18:04:54,4,0,6,0,17,0,4,0,0,14,0,0,3,0,2,12,2,0,0,4,7,4,2,11,6,3,15,0,6,0,
18:04:55,4,0,6,0,17,0,4,0,0,14,0,0,3,0,2,12,2,0,0,4,7,4,2,11,6,3,15,0,6,0,
18:04:56,4,0,6,0,17,0,4,0,0,14,0,0,3,0,2,12,2,0,0,4,7,4,2,11,6,3,15,0,6,0,
18:04:57,4,0,6,0,17,0,4,0,0,14,0,0,3,0,2,12,2,0,0,4,7,4,2,11,6,3,15,0,6,0,
18:04:58,4,0,6,0,17,0,4,0,0,14,0,0,3,0,2,12,2,0,0,4,7,4,2,11,6,3,15,0,6,0,
18:04:59,4,0,6,0,17,0,4,0,0,14,0,0,3,0,2,12,2,0,0,4,7,4,2,11,6,3,15,0,6,0,
18:05,4,0,6,0,17,0,4,0,0,14,0,0,3,0,2,12,2,0,0,4,7,4,2,11,6,3,15,0,6,0,
18:05:01,4,0,6,0,17,0,4,0,0,14,0,0,3,0,2,12,2,0,0,4,7,4,2,11,6,3,15,0,6,0,
18:05:02,4,0,6,0,17,0,4,0,0,14,0,0,3,0,2,12,2,0,0,4,7,4,2,11,6,3,15,0,6,0,
18:05:03,4,0,6,0,17,0,4,0,0,14,0,0,3,0,2,12,2,0,0,4,7,4,2,11,6,3,15,0,6,0,
18:05:04,4,0,6,0,17,0,4,0,0,14,0,0,3,0,2,12,2,0,0,4,7,4,2,11,6,3,15,0,6,0,
18:05:05,4,0,6,0,17,0,4,0,0,14,0,0,3,0,2,12,2,0,0,4,7,4,2,11,6,3,15,0,6,0,
18:05:06,4,0,6,0,17,0,4,0,0,14,0,0,3,0,2,12,2,0,0,4,7,4,2,11,6,3,15,0,6,0,
18:05:07,4,0,6,0,17,0,4,0,0,14,0,0,3,0,2,12,2,0,0,4,7,4,2,11,6,3,15,0,6,0,
18:05:08,4,0,6,0,17,0,4,0,0,14,0,0,3,0,2,12,2,0,0,4,7,4,2,11,6,3,15,0,6,0,
18:05:09,4,0,6,0,17,0,4,0,0,14,0,0,3,0,2,12,2,0,0,4,7,4,2,11,6,3,15,0,6,0,
18:05:10,4,0,6,0,17,0,4,0,0,14,0,0,3,0,2,12,2,0,0,4,7,4,2,11,6,3,15,0,6,0,
18:05:11,4,0,6,0,17,0,4,0,0,14,0,0,3,0,2,12,2,0,0,4,7,4,2,11,6,3,15,0,6,0,
18:05:12,4,0,6,0,17,0,4,0,0,14,0,0,3,0,2,12,2,0,0,4,7,4,2,11,6,3,15,0,6,0,
18:05:13,4,0,6,0,17,0,4,0,0,14,0,0,3,0,2,12,2,0,0,4,7,4,2,11,6,3,15,0,6,0,
18:05:14,4,0,6,0,17,0,4,0,0,14,0,0,3,0,2,12,2,0,0,4,7,4,2,11,6,3,15,0,6,0,
18:05:15,4,0,6,0,17,0,4,0,0,14,0,0,3,0,2,12,2,0,0,4,7,4,2,11,6,3,15,0,6,0,
18:05:16,4,0,6,0,17,0,4,0,0,14,0,0,3,0,2,12,2,0,0,4,7,4,2,11,6,3,15,0,6,0,
18:05:17,4,0,6,0,17,0,4,0,0,14,0,0,3,0,2,12,2,0,0,4,7,4,2,11,6,3,15,0,6,0,
18:05:18,4,0,6,0,17,0,4,0,0,14,0,0,3,0,2,12,2,0,0,4,7,4,2,11,6,3,15,0,6,0,
18:05:19,6,0,6,0,17,0,4,0,0,14,0,0,3,0,2,12,2,0,0,4,7,4,2,11,6,5,17,0,6,0,
18:05:20,6,0,6,0,17,0,4,0,0,14,0,0,3,0,2,12,2,0,0,4,7,4,2,11,6,5,17,0,6,0,
18:05:21,6,0,6,0,17,0,4,0,0,14,0,0,3,0,2,12,2,0,0,4,7,4,2,11,6,5,17,0,6,0,
18:05:22,6,0,6,0,17,0,4,0,0,14,0,0,3,0,2,12,2,0,0,4,7,4,2,11,6,5,17,0,6,0,
18:05:23,6,0,6,0,17,0,4,0,0,14,0,0,3,0,2,12,2,0,0,4,7,4,2,11,6,5,17,0,6,0,
18:05:24,6,0,6,0,17,0,4,0,0,14,0,0,3,0,2,12,2,0,0,4,7,4,2,11,6,5,17,0,6,0,
18:05:25,6,0,6,0,17,0,4,0,0,14,0,0,3,0,2,12,2,0,0,4,7,4,2,11,6,5,17,0,6,0,
18:05:26,6,0,6,0,17,0,4,0,0,14,0,0,3,0,2,12,2,0,0,4,7,4,2,11,6,5,17,0,6,0,
18:05:27,6,0,6,0,17,0,4,0,0,14,0,0,3,0,2,12,2,0,0,4,7,4,2,11,6,5,17,0,6,0,
18:05:28,6,0,6,0,17,0,4,0,0,14,0,0,3,0,2,12,2,0,0,4,7,4,2,11,6,5,17,0,6,0,
18:05:29,6,0,6,0,17,0,4,0,0,14,0,0,3,0,2,12,2,0,0,4,7,4,2,11,6,5,17,0,6,0,
18:05:30,6,0,6,0,17,0,4,0,0,14,0,0,3,0,2,12,2,0,0,4,7,4,2,11,6,5,17,0,6,0,
18:05:31,6,0,6,0,17,0,4,0,0,14,0,0,3,0,2,12,2,0,0,4,7,4,2,11,6,5,17,0,6,0,
18:05:32,6,0,6,0,17,0,4,0,0,14,0,0,3,0,2,12,2,0,0,4,7,4,2,11,6,5,17,0,6,0,
18:05:33,6,0,6,0,17,0,4,0,0,14,0,0,3,0,2,12,2,0,0,4,7,4,2,11,6,5,17,0,6,0,
18:05:34,6,0,6,0,17,0,4,0,0,14,0,0,3,0,2,12,2,0,0,4,7,4,2,11,6,5,17,0,6,0,
18:05:35,6,0,6,0,17,0,4,0,0,14,0,0,3,0,2,12,2,0,0,4,7,4,2,11,6,5,17,0,6,0,
18:05:36,6,0,6,0,17,0,4,0,0,14,0,0,3,0,2,12,2,0,0,4,7,4,2,11,6,5,17,0,6,0,
18:05:37,6,0,6,0,17,0,4,0,0,14,0,0,3,0,2,12,2,0,0,4,7,4,2,11,6,5,17,0,6,0,
18:05:38,6,0,6,0,17,0,4,0,0,14,0,0,3,0,2,12,2,0,0,4,7,4,2,11,6,5,17,0,6,0,
18:05:39,6,0,6,0,17,0,4,0,0,14,0,0,3,0,2,12,2,0,0,4,7,4,2,11,6,5,17,0,6,0,
18:05:40,6,0,6,0,17,0,4,0,0,14,0,0,3,0,2,12,2,0,0,4,7,4,2,11,6,5,17,0,6,0,
18:05:41,6,0,6,0,17,0,4,0,0,14,0,0,3,0,2,12,2,0,0,4,7,4,2,11,6,5,17,0,6,0,
18:05:42,6,0,6,0,17,0,4,0,0,14,0,0,3,0,2,12,2,0,0,4,7,4,2,11,6,5,17,0,6,0,
18:05:43,6,0,6,0,17,0,4,0,0,14,0,0,3,0,2,12,2,0,0,4,7,4,2,11,6,5,17,0,6,0,
18:05:44,6,0,6,0,17,0,4,0,0,14,0,0,3,0,2,12,2,0,0,4,7,4,2,11,6,5,17,0,6,0,
18:05:45,6,0,6,0,17,0,4,0,0,14,0,0,3,0,2,12,2,0,0,4,7,4,2,11,6,5,17,0,6,0,
18:05:46,6,0,6,0,17,0,4,0,0,14,0,0,3,0,2,12,2,0,0,4,7,4,2,11,6,5,17,0,6,0,
18:05:47,6,0,6,0,17,0,4,0,0,14,0,0,3,0,2,12,2,0,0,4,7,4,2,11,6,5,17,0,6,0,
18:05:48,6,0,6,0,17,0,4,0,0,14,0,0,3,0,2,12,2,0,0,4,7,4,2,11,6,5,17,0,6,0,
18:05:49,6,0,6,0,17,0,4,0,0,14,0,0,3,0,2,12,2,0,0,4,7,4,2,11,6,5,17,0,6,0,
18:05:50,6,0,6,0,17,0,4,0,0,14,0,0,3,0,2,12,2,0,0,4,7,4,2,11,6,5,17,0,6,0,
18:05:51,6,0,6,0,17,0,4,0,0,14,0,0,3,0,2,12,2,0,0,4,7,4,2,11,6,5,17,0,6,0,
18:05:52,6,0,6,0,17,0,4,0,0,14,0,0,3,0,2,12,2,0,0,4,7,4,2,11,6,5,17,0,6,0,
18:05:53,6,0,6,0,17,0,4,0,0,14,0,0,3,0,2,12,2,0,0,4,7,4,2,11,6,5,17,0,6,0,
18:05:54,6,3,6,0,17,1,4,0,0,14,0,0,3,0,2,19,2,0,0,4,9,4,2,11,6,5,17,0,6,0,
18:05:55,6,3,6,0,17,1,4,0,0,14,0,0,3,0,2,19,2,0,0,4,9,4,2,11,6,5,17,0,6,0,
18:05:56,6,3,6,0,17,1,4,0,0,14,0,0,3,0,2,19,2,0,0,4,9,4,2,11,6,5,17,0,6,0,
18:05:57,6,3,6,0,17,1,4,0,0,14,0,0,3,0,2,19,2,0,0,4,9,4,2,11,6,5,17,0,6,0,
18:05:58,6,3,6,0,17,1,4,0,0,14,0,0,3,0,2,19,2,0,0,4,9,4,2,11,6,5,17,0,6,0,
18:05:59,6,3,6,0,17,1,4,0,0,14,0,0,3,0,2,19,2,0,0,4,9,4,2,11,6,5,17,0,6,0,
18:06,6,3,6,0,17,1,4,0,0,14,0,0,3,0,2,19,2,0,0,4,9,4,2,11,6,5,17,0,6,0,
18:06:01,6,3,6,0,17,1,4,0,0,14,0,0,3,0,2,19,2,0,0,4,9,4,2,11,6,5,17,0,6,0,
18:06:02,6,3,6,0,17,1,4,0,0,14,0,0,3,0,2,19,2,0,0,4,9,4,2,11,6,5,17,0,6,0,
18:06:03,6,3,6,0,17,1,4,0,0,14,0,0,3,0,2,19,2,0,0,4,9,4,2,11,6,5,17,0,6,0,
18:06:04,6,3,6,0,17,1,4,0,0,14,0,0,3,0,2,19,2,0,0,4,9,4,2,11,6,5,17,0,6,0,
18:06:05,6,3,6,0,17,1,4,0,0,14,0,0,3,0,2,19,2,0,0,4,9,4,2,11,6,5,17,0,6,0,
18:06:06,6,3,6,0,17,1,4,0,0,14,0,0,3,0,2,19,2,0,0,4,9,4,2,11,6,5,17,0,6,0,
18:06:07,6,3,6,0,17,1,4,0,0,14,0,0,3,0,2,19,2,0,0,4,9,4,2,11,6,5,17,0,6,0,
18:06:08,6,3,6,0,17,1,4,0,0,14,0,0,3,0,2,19,2,0,0,4,9,4,2,11,6,5,17,0,6,0,
18:06:09,6,3,6,0,17,1,4,0,0,14,0,0,3,0,2,19,2,0,0,4,9,4,2,11,6,5,17,0,6,0,
18:06:10,6,3,6,0,17,1,4,0,0,14,0,0,3,0,2,19,2,0,0,4,9,4,2,11,6,5,17,0,6,0,
18:06:11,6,3,6,0,17,1,4,0,0,14,0,0,3,0,2,19,2,0,0,4,9,4,2,11,6,5,17,0,6,0,
18:06:12,6,3,6,0,17,1,4,0,0,14,0,0,3,0,2,19,2,0,0,4,9,4,2,11,6,5,17,0,6,0,
18:06:13,6,3,6,0,17,1,4,0,0,14,0,0,3,0,2,19,2,0,0,4,9,4,2,11,6,5,17,0,6,0,
18:06:14,6,3,6,0,17,1,4,0,0,14,0,0,3,0,2,19,2,0,0,4,9,4,2,11,6,5,17,0,6,0,
18:06:15,6,3,6,0,17,1,4,0,0,14,0,0,3,0,2,19,2,0,0,4,9,4,2,11,6,5,17,0,6,0,
18:06:16,6,3,6,0,17,1,4,0,0,14,0,0,3,0,2,19,2,0,0,4,9,4,2,11,6,5,17,0,6,0,
18:06:17,6,3,6,0,17,1,4,0,0,14,0,0,3,0,2,19,2,0,0,4,9,4,2,11,6,5,17,0,6,0,
18:06:18,6,3,6,0,17,1,4,0,0,14,0,0,3,0,2,19,2,0,0,4,9,4,2,11,6,5,17,0,6,0,
18:06:19,6,3,6,0,17,1,4,0,0,14,0,0,3,0,2,19,2,0,0,4,9,4,2,11,6,5,17,0,6,0,
18:06:20,6,3,6,0,17,1,4,0,0,14,0,0,3,0,2,19,2,0,0,4,9,4,2,11,6,5,17,0,6,0,
18:06:21,6,3,6,0,17,4,6,0,0,17,4,0,4,0,2,19,2,0,0,4,10,4,6,11,6,5,19,0,6,0,
18:06:22,6,3,6,0,17,4,6,0,0,17,4,0,4,0,2,19,2,0,0,4,10,4,6,11,6,5,19,0,6,0,
18:06:23,6,3,6,0,17,4,6,0,0,17,4,0,4,0,2,19,2,0,0,4,10,4,6,11,6,5,19,0,6,0,
18:06:24,6,3,6,0,17,4,6,0,0,17,4,0,4,0,2,19,2,0,0,4,10,4,6,11,6,5,19,0,6,0,
18:06:25,6,3,6,0,17,4,6,0,0,17,4,0,4,0,2,19,2,0,0,4,10,4,6,11,6,5,19,0,6,0,
18:06:26,6,3,6,0,17,4,6,0,0,17,4,0,4,0,2,19,2,0,0,4,10,4,6,11,6,5,19,0,6,0,
18:06:27,6,3,6,0,17,4,6,0,0,17,4,0,4,0,2,19,2,0,0,4,10,4,6,11,6,5,19,0,6,0,
18:06:28,6,3,6,0,17,4,6,0,0,17,4,0,4,0,2,19,2,0,0,4,10,4,6,11,6,5,19,0,6,0,
18:06:29,6,3,6,0,17,4,6,0,0,17,4,0,4,0,2,19,2,0,0,4,10,4,6,11,6,5,19,0,6,0,
18:06:30,6,3,6,0,17,4,6,0,0,17,4,0,4,0,2,19,2,0,0,4,10,4,6,11,6,5,19,0,6,0,
18:06:31,6,3,6,0,17,4,6,0,0,17,4,0,4,0,2,19,2,0,0,4,10,4,6,11,6,5,19,0,6,0,
18:06:32,6,3,6,0,17,4,6,0,0,17,4,0,4,0,2,19,2,0,0,4,10,4,6,11,6,5,19,0,6,0,
18:06:33,6,3,6,0,17,4,6,0,0,17,4,0,4,0,2,19,2,0,0,4,10,4,6,11,6,5,19,0,6,0,
18:06:34,6,3,6,0,17,4,6,0,0,17,4,0,4,0,2,19,2,0,0,4,10,4,6,11,6,5,19,0,6,0,
18:06:35,6,3,6,0,17,4,6,0,0,17,4,0,4,0,2,19,2,0,0,4,10,4,6,11,6,5,19,0,6,0,
18:06:36,6,3,6,0,17,4,6,0,0,17,4,0,4,0,2,19,2,0,0,4,10,4,6,11,6,5,19,0,6,0,
18:06:37,6,3,6,0,17,4,6,0,0,17,4,0,4,0,2,19,2,0,0,4,10,4,6,11,6,5,19,0,6,0,
18:06:38,6,3,6,0,17,4,6,0,0,17,4,0,4,0,2,19,2,0,0,4,10,4,6,11,6,5,19,0,6,0,
18:06:39,6,3,6,0,17,4,6,0,0,17,4,0,4,0,2,19,2,0,0,4,10,4,6,11,6,5,19,0,6,0,
18:06:40,6,3,6,0,17,4,6,0,0,17,4,0,4,0,2,19,2,0,0,4,10,4,6,11,6,5,19,0,6,0,
18:06:41,6,3,6,0,17,4,6,0,0,17,4,0,4,0,2,19,2,0,0,4,10,4,6,11,6,5,19,0,6,0,
18:06:42,6,3,6,0,17,4,6,0,0,17,4,0,4,0,2,19,2,0,0,4,10,4,6,11,6,5,19,0,6,0,
18:06:43,6,3,6,0,17,4,6,0,0,17,4,0,4,0,2,19,2,0,0,4,10,4,6,11,6,5,19,0,6,0,
18:06:44,6,3,6,0,17,4,6,0,0,17,4,0,4,0,2,19,2,0,0,4,10,4,6,11,6,5,19,0,6,0,
18:06:45,6,3,6,0,17,4,6,0,0,17,4,0,4,0,2,19,2,0,0,4,10,4,6,11,6,5,19,0,6,0,
18:06:46,6,3,6,0,17,4,6,0,0,17,4,0,4,0,2,19,2,0,0,4,10,4,6,11,6,5,19,0,6,0,
18:06:47,6,3,6,0,17,4,6,0,0,17,4,0,4,0,2,19,2,0,0,4,10,4,6,11,6,5,19,0,6,0,
18:06:48,6,3,6,0,17,4,8,0,0,17,4,0,4,0,2,19,2,0,0,4,13,4,6,18,6,5,20,0,6,0,
18:06:49,6,3,6,0,17,4,8,0,0,17,4,0,4,0,2,19,2,0,0,4,13,4,6,18,6,5,20,0,6,0,
18:06:50,6,3,6,0,17,4,8,0,0,17,4,0,4,0,2,19,2,0,0,4,13,4,6,18,6,5,20,0,6,0,
18:06:51,6,3,6,0,17,4,8,0,0,17,4,0,4,0,2,19,2,0,0,4,13,4,6,18,6,5,20,0,6,0,
18:06:52,6,3,6,0,17,4,8,0,0,17,4,0,4,0,2,19,2,0,0,4,13,4,6,18,6,5,20,0,6,0,
18:06:53,6,3,6,0,17,4,8,0,0,17,4,0,4,0,2,19,2,0,0,4,13,4,6,18,6,5,20,0,6,0,
18:06:54,6,3,6,0,17,4,8,0,0,17,4,0,4,0,2,19,2,0,0,4,13,4,6,18,6,5,20,0,6,0,
18:06:55,6,3,6,0,17,4,8,0,0,17,4,0,4,0,2,19,2,0,0,4,13,4,6,18,6,5,20,0,6,0,
18:06:56,6,3,6,0,17,4,8,0,0,17,4,0,4,0,2,19,2,0,0,4,13,4,6,18,6,5,20,0,6,0,
18:06:57,6,3,6,0,17,4,8,0,0,17,4,0,4,0,2,19,2,0,0,4,13,4,6,18,6,5,20,0,6,0,
18:06:58,6,3,6,0,17,4,8,0,0,17,4,0,4,0,2,19,2,0,0,4,13,4,6,18,6,5,20,0,6,0,
18:06:59,6,3,6,0,17,4,8,0,0,17,4,0,4,0,2,19,2,0,0,4,13,4,6,18,6,5,20,0,6,0,
18:07,6,3,6,0,17,4,8,0,0,17,4,0,4,0,2,19,2,0,0,4,13,4,6,18,6,5,20,0,6,0,
18:07:01,6,3,6,0,17,4,8,0,0,17,4,0,4,0,2,19,2,0,0,4,13,4,6,18,6,5,20,0,6,0,
18:07:02,6,3,6,0,17,4,8,0,0,17,4,0,4,0,2,19,2,0,0,4,13,4,6,18,6,5,20,0,6,0,
18:07:03,6,3,6,0,17,4,8,0,0,17,4,0,4,0,2,19,2,0,0,4,13,4,6,18,6,5,20,0,6,0,
18:07:04,6,3,6,0,17,4,8,0,0,17,4,0,4,0,2,19,2,0,0,4,13,4,6,18,6,5,20,0,6,0,
18:07:05,6,3,6,0,17,4,8,0,0,17,4,0,4,0,2,19,2,0,0,4,13,4,6,18,6,5,20,0,6,0,
18:07:06,6,3,6,0,17,4,8,0,0,17,4,0,4,0,2,19,2,0,0,4,13,4,6,18,6,5,20,0,6,0,
18:07:07,6,3,6,0,17,4,8,0,0,17,4,0,4,0,2,19,2,0,0,4,13,4,6,18,6,5,20,0,6,0,
18:07:08,6,3,6,0,17,4,8,0,0,17,4,0,4,0,2,19,2,0,0,4,13,4,6,18,6,5,20,0,6,0,
18:07:09,6,3,6,0,17,4,8,0,0,17,4,0,4,0,2,19,2,0,0,4,13,4,6,18,6,5,20,0,6,0,
18:07:10,6,3,6,0,17,4,8,0,0,17,4,0,4,0,2,19,2,0,0,4,13,4,6,18,6,5,20,0,6,0,
18:07:11,6,3,6,0,17,4,8,0,0,17,4,0,4,0,2,19,2,0,0,4,13,4,6,18,6,5,20,0,6,0,
18:07:12,6,3,6,0,17,4,8,0,0,17,4,0,4,0,2,19,2,0,0,4,13,4,6,18,6,5,20,0,6,0,
18:07:13,6,3,6,0,17,4,8,0,0,17,4,0,4,0,2,19,2,0,0,4,13,4,6,18,6,5,20,0,6,0,
18:07:14,6,3,6,0,17,4,8,0,0,17,4,0,4,0,2,19,2,0,0,4,13,4,6,18,6,5,20,0,6,0,
18:07:15,6,3,10,0,19,4,10,0,0,19,8,0,4,0,2,19,2,0,0,4,13,6,6,18,6,6,20,0,6,0,
18:07:16,6,3,10,0,19,4,10,0,0,19,8,0,4,0,2,19,2,0,0,4,13,6,6,18,6,6,20,0,6,0,
18:07:17,6,3,10,0,19,4,10,0,0,19,8,0,4,0,2,19,2,0,0,4,13,6,6,18,6,6,20,0,6,0,
18:07:18,6,3,10,0,19,4,10,0,0,19,8,0,4,0,2,19,2,0,0,4,13,6,6,18,6,6,20,0,6,0,
18:07:19,6,3,10,0,19,4,10,0,0,19,8,0,4,0,2,19,2,0,0,4,13,6,6,18,6,6,20,0,6,0,
18:07:20,6,3,10,0,19,4,10,0,0,19,8,0,4,0,2,19,2,0,0,4,13,6,6,18,6,6,20,0,6,0,
18:07:21,6,3,10,0,19,4,10,0,0,19,8,0,4,0,2,19,2,0,0,4,13,6,6,18,6,6,20,0,6,0,
18:07:22,6,3,10,0,19,4,10,0,0,19,8,0,4,0,2,19,2,0,0,4,13,6,6,18,6,6,20,0,6,0,
18:07:23,6,3,10,0,19,4,10,0,0,19,8,0,4,0,2,19,2,0,0,4,13,6,6,18,6,6,20,0,6,0,
18:07:24,6,3,10,0,19,4,10,0,0,19,8,0,4,0,2,19,2,0,0,4,13,6,6,18,6,6,20,0,6,0,
18:07:25,6,3,10,0,19,4,10,0,0,19,8,0,4,0,2,19,2,0,0,4,13,6,6,18,6,6,20,0,6,0,
18:07:26,6,3,10,0,19,4,10,0,0,19,8,0,4,0,2,19,2,0,0,4,13,6,6,18,6,6,20,0,6,0,
18:07:27,6,3,10,0,19,4,10,0,0,19,8,0,4,0,2,19,2,0,0,4,13,6,6,18,6,6,20,0,6,0,
18:07:28,6,3,10,0,19,4,10,0,0,19,8,0,4,0,2,19,2,0,0,4,13,6,6,18,6,6,20,0,6,0,
18:07:29,6,3,10,0,19,4,10,0,0,19,8,0,4,0,2,19,2,0,0,4,13,6,6,18,6,6,20,0,6,0,
18:07:30,6,3,10,0,19,4,10,0,0,19,8,0,4,0,2,19,2,0,0,4,13,6,6,18,6,6,20,0,6,0,
18:07:31,6,3,10,0,19,4,10,0,0,19,8,0,4,0,2,19,2,0,0,4,13,6,6,18,6,6,20,0,6,0,
18:07:32,6,3,10,0,19,4,10,0,0,19,8,0,4,0,2,19,2,0,0,4,13,6,6,18,6,6,20,0,6,0,
18:07:33,6,3,10,0,19,4,10,0,0,19,8,0,4,0,2,19,2,0,0,4,13,6,6,18,6,6,20,0,6,0,
18:07:34,6,3,10,0,19,4,10,0,0,19,8,0,4,0,2,19,2,0,0,4,13,6,6,18,6,6,20,0,6,0,
18:07:35,6,3,10,0,19,4,10,0,0,19,8,0,4,0,2,19,2,0,0,4,13,6,6,18,6,6,20,0,6,0,
18:07:36,6,3,10,0,19,4,10,0,0,19,8,0,4,0,2,19,2,0,0,4,13,6,6,18,6,6,20,0,6,0,
18:07:37,6,3,10,0,19,4,10,0,0,19,8,0,4,0,2,19,2,0,0,4,13,6,6,18,6,6,20,0,6,0,
18:07:38,6,3,10,0,19,4,10,0,0,19,8,0,4,0,2,19,2,0,0,4,13,6,6,18,6,6,20,0,6,0,
18:07:39,6,3,10,0,19,4,10,0,0,19,8,0,4,0,2,19,2,0,0,4,13,6,6,18,6,6,20,0,6,0,
18:07:40,6,3,10,0,19,4,10,0,0,19,8,0,4,0,2,19,2,0,0,4,13,6,6,18,6,6,20,0,6,0,
18:07:41,6,3,10,0,19,4,10,0,0,19,8,0,4,0,2,19,2,0,0,4,13,6,6,18,6,6,20,0,6,0,
18:07:42,6,3,10,0,19,4,10,0,0,19,8,0,4,0,2,19,2,0,0,4,13,6,6,18,6,6,20,0,6,0,
18:07:43,6,3,14,0,26,4,10,0,0,23,12,2,4,0,4,19,4,0,0,4,16,6,8,18,6,6,26,0,6,0,
18:07:44,6,3,14,0,26,4,10,0,0,23,12,2,4,0,4,19,4,0,0,4,16,6,8,18,6,6,26,0,6,0,
18:07:45,6,3,14,0,26,4,10,0,0,23,12,2,4,0,4,19,4,0,0,4,16,6,8,18,6,6,26,0,6,0,
18:07:46,6,3,14,0,26,4,10,0,0,23,12,2,4,0,4,19,4,0,0,4,16,6,8,18,6,6,26,0,6,0,
18:07:47,6,3,14,0,26,4,10,0,0,23,12,2,4,0,4,19,4,0,0,4,16,6,8,18,6,6,26,0,6,0,
18:07:48,6,3,14,0,26,4,10,0,0,23,12,2,4,0,4,19,4,0,0,4,16,6,8,18,6,6,26,0,6,0,
18:07:49,6,3,14,0,26,4,10,0,0,23,12,2,4,0,4,19,4,0,0,4,16,6,8,18,6,6,26,0,6,0,
18:07:50,6,3,14,0,26,4,10,0,0,23,12,2,4,0,4,19,4,0,0,4,16,6,8,18,6,6,26,0,6,0,
18:07:51,6,3,14,0,26,4,10,0,0,23,12,2,4,0,4,19,4,0,0,4,16,6,8,18,6,6,26,0,6,0,
18:07:52,6,3,14,0,26,4,10,0,0,23,12,2,4,0,4,19,4,0,0,4,16,6,8,18,6,6,26,0,6,0,
18:07:53,6,3,14,0,26,4,10,0,0,23,12,2,4,0,4,19,4,0,0,4,16,6,8,18,6,6,26,0,6,0,
18:07:54,6,3,14,0,26,4,10,0,0,23,12,2,4,0,4,19,4,0,0,4,16,6,8,18,6,6,26,0,6,0,
18:07:55,6,3,14,0,26,4,10,0,0,23,12,2,4,0,4,19,4,0,0,4,16,6,8,18,6,6,26,0,6,0,
18:07:56,6,3,14,0,26,4,10,0,0,23,12,2,4,0,4,19,4,0,0,4,16,6,8,18,6,6,26,0,6,0,
18:07:57,6,3,14,0,26,4,10,0,0,23,12,2,4,0,4,19,4,0,0,4,16,6,8,18,6,6,26,0,6,0,
18:07:58,6,3,14,0,26,4,10,0,0,23,12,2,4,0,4,19,4,0,0,4,16,6,8,18,6,6,26,0,6,0,
18:07:59,6,3,14,0,26,4,10,0,0,23,12,2,4,0,4,19,4,0,0,4,16,6,8,18,6,6,26,0,6,0,
18:08,6,3,14,0,26,4,10,0,0,23,12,2,4,0,4,19,4,0,0,4,16,6,8,18,6,6,26,0,6,0,
18:08:01,6,3,14,0,26,4,10,0,0,23,12,2,4,0,4,19,4,0,0,4,16,6,8,18,6,6,26,0,6,0,
18:08:02,6,3,14,0,26,4,10,0,0,23,12,2,4,0,4,19,4,0,0,4,16,6,8,18,6,6,26,0,6,0,
18:08:03,6,3,14,0,26,4,10,0,0,23,12,2,4,0,4,19,4,0,0,4,16,6,8,18,6,6,26,0,6,0,
18:08:04,6,3,14,0,26,4,10,0,0,23,12,2,4,0,4,19,4,0,0,4,16,6,8,18,6,6,26,0,6,0,
18:08:05,6,3,14,0,26,4,10,0,0,23,12,2,4,0,4,19,4,0,0,4,16,6,8,18,6,6,26,0,6,0,
18:08:06,6,3,14,0,26,4,10,0,0,23,12,2,4,0,4,19,4,0,0,4,16,6,8,18,6,6,26,0,6,0,
18:08:07,6,3,14,0,26,4,10,0,0,23,12,2,4,0,4,19,4,0,0,4,16,6,8,18,6,6,26,0,6,0,
18:08:08,6,3,14,0,26,4,10,0,0,23,12,2,4,0,4,19,4,0,0,4,16,6,8,18,6,6,26,0,6,0,
18:08:09,6,3,14,0,26,4,10,0,0,23,12,2,4,0,4,19,4,0,0,4,16,6,8,18,6,6,26,0,6,0,
18:08:10,6,3,14,0,26,4,10,0,0,23,12,2,4,0,4,19,4,0,0,4,16,6,8,18,6,6,26,0,6,0,
18:08:11,8,3,14,0,28,4,12,0,0,24,12,2,4,0,4,19,6,0,0,4,19,6,8,20,6,6,26,0,6,0,
18:08:12,8,3,14,0,28,4,12,0,0,24,12,2,4,0,4,19,6,0,0,4,19,6,8,20,6,6,26,0,6,0,
18:08:13,8,3,14,0,28,4,12,0,0,24,12,2,4,0,4,19,6,0,0,4,19,6,8,20,6,6,26,0,6,0,
18:08:14,8,3,14,0,28,4,12,0,0,24,12,2,4,0,4,19,6,0,0,4,19,6,8,20,6,6,26,0,6,0,
18:08:15,8,3,14,0,28,4,12,0,0,24,12,2,4,0,4,19,6,0,0,4,19,6,8,20,6,6,26,0,6,0,
18:08:16,8,3,14,0,28,4,12,0,0,24,12,2,4,0,4,19,6,0,0,4,19,6,8,20,6,6,26,0,6,0,
18:08:17,8,3,14,0,28,4,12,0,0,24,12,2,4,0,4,19,6,0,0,4,19,6,8,20,6,6,26,0,6,0,
18:08:18,8,3,14,0,28,4,12,0,0,24,12,2,4,0,4,19,6,0,0,4,19,6,8,20,6,6,26,0,6,0,
18:08:19,8,3,14,0,28,4,12,0,0,24,12,2,4,0,4,19,6,0,0,4,19,6,8,20,6,6,26,0,6,0,
18:08:20,8,3,14,0,28,4,12,0,0,24,12,2,4,0,4,19,6,0,0,4,19,6,8,20,6,6,26,0,6,0,
18:08:21,8,3,14,0,28,4,12,0,0,24,12,2,4,0,4,19,6,0,0,4,19,6,8,20,6,6,26,0,6,0,
18:08:22,8,3,14,0,28,4,12,0,0,24,12,2,4,0,4,19,6,0,0,4,19,6,8,20,6,6,26,0,6,0,
18:08:23,8,3,14,0,28,4,12,0,0,24,12,2,4,0,4,19,6,0,0,4,19,6,8,20,6,6,26,0,6,0,
18:08:24,8,3,14,0,28,4,12,0,0,24,12,2,4,0,4,19,6,0,0,4,19,6,8,20,6,6,26,0,6,0,
18:08:25,8,3,14,0,28,4,12,0,0,24,12,2,4,0,4,19,6,0,0,4,19,6,8,20,6,6,26,0,6,0,
18:08:26,8,3,14,0,28,4,12,0,0,24,12,2,4,0,4,19,6,0,0,4,19,6,8,20,6,6,26,0,6,0,
18:08:27,8,3,14,0,28,4,12,0,0,24,12,2,4,0,4,19,6,0,0,4,19,6,8,20,6,6,26,0,6,0,
18:08:28,8,3,14,0,28,4,12,0,0,24,12,2,4,0,4,19,6,0,0,4,19,6,8,20,6,6,26,0,6,0,
18:08:29,8,3,14,0,28,4,12,0,0,24,12,2,4,0,4,19,6,0,0,4,19,6,8,20,6,6,26,0,6,0,
18:08:30,8,3,14,0,28,4,12,0,0,24,12,2,4,0,4,19,6,0,0,4,19,6,8,20,6,6,26,0,6,0,
18:08:31,8,3,14,0,28,4,12,0,0,24,12,2,4,0,4,19,6,0,0,4,19,6,8,20,6,6,26,0,6,0,
18:08:32,8,3,14,0,28,4,12,0,0,24,12,2,4,0,4,19,6,0,0,4,19,6,8,20,6,6,26,0,6,0,
18:08:33,8,3,14,0,28,4,12,0,0,24,12,2,4,0,4,19,6,0,0,4,19,6,8,20,6,6,26,0,6,0,
18:08:34,8,3,14,0,28,4,12,0,0,24,12,2,4,0,4,19,6,0,0,4,19,6,8,20,6,6,26,0,6,0,
18:08:35,8,3,14,0,28,4,12,0,0,24,12,2,4,0,4,19,6,0,0,4,19,6,8,20,6,6,26,0,6,0,
18:08:36,8,3,14,0,28,4,12,0,0,24,12,2,4,0,4,19,6,0,0,4,19,6,8,20,6,6,26,0,6,0,
18:08:37,8,3,14,0,28,4,12,0,0,24,12,2,4,0,4,19,6,0,0,4,19,6,8,20,6,6,26,0,6,0,
18:08:38,8,3,14,0,28,4,12,0,0,24,12,2,4,0,4,19,6,0,0,4,19,6,8,20,6,6,26,0,6,0,
18:08:39,8,3,14,0,28,4,12,0,0,24,12,2,4,0,4,19,6,0,0,4,19,6,8,20,6,6,26,0,6,0,
18:08:40,8,3,14,0,28,4,12,0,0,24,12,2,4,0,4,19,6,0,0,4,19,6,8,20,6,6,26,0,6,0,
18:08:41,8,3,14,0,28,4,12,0,0,24,12,2,4,0,4,19,6,0,0,4,19,6,8,20,6,6,26,0,6,0,
18:08:42,8,3,14,0,28,4,12,0,0,25,12,2,6,0,4,19,6,0,0,4,20,10,8,20,6,6,29,0,6,2,
18:08:43,8,3,14,0,28,4,12,0,0,25,12,2,6,0,4,19,6,0,0,4,20,10,8,20,6,6,29,0,6,2,
18:08:44,8,3,14,0,28,4,12,0,0,25,12,2,6,0,4,19,6,0,0,4,20,10,8,20,6,6,29,0,6,2,
18:08:45,8,3,14,0,28,4,12,0,0,25,12,2,6,0,4,19,6,0,0,4,20,10,8,20,6,6,29,0,6,2,
18:08:46,8,3,14,0,28,4,12,0,0,25,12,2,6,0,4,19,6,0,0,4,20,10,8,20,6,6,29,0,6,2,
18:08:47,8,3,14,0,28,4,12,0,0,25,12,2,6,0,4,19,6,0,0,4,20,10,8,20,6,6,29,0,6,2,
18:08:48,8,3,14,0,28,4,12,0,0,25,12,2,6,0,4,19,6,0,0,4,20,10,8,20,6,6,29,0,6,2,
18:08:49,8,3,14,0,28,4,12,0,0,25,12,2,6,0,4,19,6,0,0,4,20,10,8,20,6,6,29,0,6,2,
18:08:50,8,3,14,0,28,4,12,0,0,25,12,2,6,0,4,19,6,0,0,4,20,10,8,20,6,6,29,0,6,2,
18:08:51,8,3,14,0,28,4,12,0,0,25,12,2,6,0,4,19,6,0,0,4,20,10,8,20,6,6,29,0,6,2,
18:08:52,8,3,14,0,28,4,12,0,0,25,12,2,6,0,4,19,6,0,0,4,20,10,8,20,6,6,29,0,6,2,
18:08:53,8,3,14,0,28,4,12,0,0,25,12,2,6,0,4,19,6,0,0,4,20,10,8,20,6,6,29,0,6,2,
18:08:54,8,3,14,0,28,4,12,0,0,25,12,2,6,0,4,19,6,0,0,4,20,10,8,20,6,6,29,0,6,2,
18:08:55,8,3,14,0,28,4,12,0,0,25,12,2,6,0,4,19,6,0,0,4,20,10,8,20,6,6,29,0,6,2,
18:08:56,8,3,14,0,28,4,12,0,0,25,12,2,6,0,4,19,6,0,0,4,20,10,8,20,6,6,29,0,6,2,
18:08:57,8,3,14,0,28,4,12,0,0,25,12,2,6,0,4,19,6,0,0,4,20,10,8,20,6,6,29,0,6,2,
18:08:58,8,3,14,0,28,4,12,0,0,25,12,2,6,0,4,19,6,0,0,4,20,10,8,20,6,6,29,0,6,2,
18:08:59,8,3,14,0,28,4,12,0,0,25,12,2,6,0,4,19,6,0,0,4,20,10,8,20,6,6,29,0,6,2,
18:09,8,3,14,0,28,4,12,0,0,25,12,2,6,0,4,19,6,0,0,4,20,10,8,20,6,6,29,0,6,2,
18:09:01,8,3,14,0,28,4,12,0,0,25,12,2,6,0,4,19,6,0,0,4,20,10,8,20,6,6,29,0,6,2,
18:09:02,8,3,14,0,28,4,12,0,0,25,12,2,6,0,4,19,6,0,0,4,20,10,8,20,6,6,29,0,6,2,
18:09:03,8,3,14,0,28,4,12,0,0,25,12,2,6,0,4,19,6,0,0,4,20,10,8,20,6,6,29,0,6,2,
18:09:04,8,3,14,0,28,4,12,0,0,25,12,2,6,0,4,19,6,0,0,4,20,10,8,20,6,6,29,0,6,2,
18:09:05,8,3,14,0,28,4,12,0,0,25,12,2,6,0,4,19,6,0,0,4,20,10,8,20,6,6,29,0,6,2,
18:09:06,8,3,14,0,28,4,12,0,0,25,12,2,6,0,4,19,6,0,0,4,20,10,8,20,6,6,29,0,6,2,
18:09:07,8,3,14,0,28,4,12,0,0,25,12,2,6,0,4,19,6,0,0,4,20,10,8,20,6,6,29,0,6,2,
18:09:08,8,3,14,0,28,4,12,0,0,25,12,2,6,0,4,19,6,0,0,4,20,10,8,20,6,6,29,0,6,2,
18:09:09,8,3,14,0,28,4,12,0,0,25,12,2,6,0,4,19,6,0,0,4,20,10,8,20,6,6,29,0,6,2,
18:09:10,8,3,14,0,28,4,12,0,0,25,12,2,6,0,4,19,6,0,0,4,20,10,8,20,6,6,29,0,6,2,
18:09:11,8,3,14,0,28,4,12,0,0,25,12,2,6,0,4,19,6,0,0,4,20,10,8,20,6,6,29,0,6,2,
18:09:12,8,3,14,0,28,4,12,0,0,25,12,2,6,0,4,19,6,0,0,4,20,10,8,20,6,6,29,0,6,2,
18:09:13,8,3,14,0,28,4,12,0,0,25,12,2,6,0,4,19,6,0,0,4,20,10,8,20,6,6,29,0,6,2,
18:09:14,8,3,14,0,28,4,12,0,0,25,12,2,6,0,4,19,6,0,0,4,20,10,8,20,6,6,29,0,6,2,
18:09:15,8,3,14,0,28,4,12,0,0,25,12,2,6,0,4,19,6,0,0,4,20,10,8,20,6,6,29,0,6,2,
18:09:16,8,3,14,0,28,4,12,0,0,25,12,2,6,0,4,19,6,0,0,4,20,10,8,20,6,6,29,0,6,2,
18:09:17,8,3,14,0,28,4,12,0,0,25,12,2,6,0,4,19,6,0,0,4,20,10,8,20,6,6,29,0,6,2,
18:09:18,8,3,17,0,28,8,12,0,0,25,12,2,6,0,4,19,6,0,0,4,21,10,8,20,6,6,31,0,6,2,
18:09:19,8,3,17,0,28,8,12,0,0,25,12,2,6,0,4,19,6,0,0,4,21,10,8,20,6,6,31,0,6,2,
18:09:20,8,3,17,0,28,8,12,0,0,25,12,2,6,0,4,19,6,0,0,4,21,10,8,20,6,6,31,0,6,2,
18:09:21,8,3,17,0,28,8,12,0,0,25,12,2,6,0,4,19,6,0,0,4,21,10,8,20,6,6,31,0,6,2,
18:09:22,8,3,17,0,28,8,12,0,0,25,12,2,6,0,4,19,6,0,0,4,21,10,8,20,6,6,31,0,6,2,
18:09:23,8,3,17,0,28,8,12,0,0,25,12,2,6,0,4,19,6,0,0,4,21,10,8,20,6,6,31,0,6,2,
18:09:24,8,3,17,0,28,8,12,0,0,25,12,2,6,0,4,19,6,0,0,4,21,10,8,20,6,6,31,0,6,2,
18:09:25,8,3,17,0,28,8,12,0,0,25,12,2,6,0,4,19,6,0,0,4,21,10,8,20,6,6,31,0,6,2,
18:09:26,8,3,17,0,28,8,12,0,0,25,12,2,6,0,4,19,6,0,0,4,21,10,8,20,6,6,31,0,6,2,
18:09:27,8,3,17,0,28,8,12,0,0,25,12,2,6,0,4,19,6,0,0,4,21,10,8,20,6,6,31,0,6,2,
18:09:28,8,3,17,0,28,8,12,0,0,25,12,2,6,0,4,19,6,0,0,4,21,10,8,20,6,6,31,0,6,2,
18:09:29,8,3,17,0,28,8,12,0,0,25,12,2,6,0,4,19,6,0,0,4,21,10,8,20,6,6,31,0,6,2,
18:09:30,8,3,17,0,28,8,12,0,0,25,12,2,6,0,4,19,6,0,0,4,21,10,8,20,6,6,31,0,6,2,
18:09:31,8,3,17,0,28,8,12,0,0,25,12,2,6,0,4,19,6,0,0,4,21,10,8,20,6,6,31,0,6,2,
18:09:32,8,3,17,0,28,8,12,0,0,25,12,2,6,0,4,19,6,0,0,4,21,10,8,20,6,6,31,0,6,2,
18:09:33,8,3,17,0,28,8,12,0,0,25,12,2,6,0,4,19,6,0,0,4,21,10,8,20,6,6,31,0,6,2,
18:09:34,8,3,17,0,28,8,12,0,0,25,12,2,6,0,4,19,6,0,0,4,21,10,8,20,6,6,31,0,6,2,
18:09:35,8,3,17,0,28,8,12,0,0,25,12,2,6,0,4,19,6,0,0,4,21,10,8,20,6,6,31,0,6,2,
18:09:36,8,3,17,0,28,8,12,0,0,25,12,2,6,0,4,19,6,0,0,4,21,10,8,20,6,6,31,0,6,2,
18:09:37,8,3,17,0,28,8,12,0,0,25,12,2,6,0,4,19,6,0,0,4,21,10,8,20,6,6,31,0,6,2,
18:09:38,8,3,17,0,28,8,12,0,0,25,12,2,6,0,4,19,6,0,0,4,21,10,8,20,6,6,31,0,6,2,
18:09:39,8,3,17,0,28,8,12,0,0,25,12,2,6,0,4,19,6,0,0,4,21,10,8,20,6,6,31,0,6,2,
18:09:40,8,3,17,0,28,8,12,0,0,25,12,2,6,0,4,19,6,0,0,4,21,10,8,20,6,6,31,0,6,2,
18:09:41,8,3,17,0,28,8,12,0,0,25,12,2,6,0,4,19,6,0,0,4,21,10,8,20,6,6,31,0,6,2,
18:09:42,8,3,17,0,28,8,12,0,0,25,12,2,6,0,4,19,6,0,0,4,21,10,8,20,6,6,31,0,6,2,
18:09:43,8,3,17,0,28,8,12,0,0,25,12,2,6,0,4,19,6,0,0,4,21,10,8,20,6,6,31,0,6,2,
18:09:44,8,3,17,0,28,8,12,0,0,25,12,2,6,0,4,19,6,0,0,4,21,10,8,20,6,6,31,0,6,2,
18:09:45,8,3,17,0,28,8,12,0,0,25,12,2,6,0,4,19,6,0,0,4,21,10,8,20,6,6,31,0,6,2,
18:09:46,8,3,17,0,31,8,12,0,0,25,12,2,6,0,4,22,6,0,0,4,23,10,8,20,6,6,35,0,10,2,
18:09:47,8,3,17,0,31,8,12,0,0,25,12,2,6,0,4,22,6,0,0,4,23,10,8,20,6,6,35,0,10,2,
18:09:48,8,3,17,0,31,8,12,0,0,25,12,2,6,0,4,22,6,0,0,4,23,10,8,20,6,6,35,0,10,2,
18:09:49,8,3,17,0,31,8,12,0,0,25,12,2,6,0,4,22,6,0,0,4,23,10,8,20,6,6,35,0,10,2,
18:09:50,8,3,17,0,31,8,12,0,0,25,12,2,6,0,4,22,6,0,0,4,23,10,8,20,6,6,35,0,10,2,
18:09:51,8,3,17,0,31,8,12,0,0,25,12,2,6,0,4,22,6,0,0,4,23,10,8,20,6,6,35,0,10,2,
18:09:52,8,3,17,0,31,8,12,0,0,25,12,2,6,0,4,22,6,0,0,4,23,10,8,20,6,6,35,0,10,2,
18:09:53,8,3,17,0,31,8,12,0,0,25,12,2,6,0,4,22,6,0,0,4,23,10,8,20,6,6,35,0,10,2,
18:09:54,8,3,17,0,31,8,12,0,0,25,12,2,6,0,4,22,6,0,0,4,23,10,8,20,6,6,35,0,10,2,
18:09:55,8,3,17,0,31,8,12,0,0,25,12,2,6,0,4,22,6,0,0,4,23,10,8,20,6,6,35,0,10,2,
18:09:56,8,3,17,0,31,8,12,0,0,25,12,2,6,0,4,22,6,0,0,4,23,10,8,20,6,6,35,0,10,2,
18:09:57,8,3,17,0,31,8,12,0,0,25,12,2,6,0,4,22,6,0,0,4,23,10,8,20,6,6,35,0,10,2,
18:09:58,8,3,17,0,31,8,12,0,0,25,12,2,6,0,4,22,6,0,0,4,23,10,8,20,6,6,35,0,10,2,
18:09:59,8,3,17,0,31,8,12,0,0,25,12,2,6,0,4,22,6,0,0,4,23,10,8,20,6,6,35,0,10,2,
18:10,8,3,17,0,31,8,12,0,0,25,12,2,6,0,4,22,6,0,0,4,23,10,8,20,6,6,35,0,10,2,
18:10:01,8,3,17,0,31,8,12,0,0,25,12,2,6,0,4,22,6,0,0,4,23,10,8,20,6,6,35,0,10,2,
18:10:02,8,3,17,0,31,8,12,0,0,25,12,2,6,0,4,22,6,0,0,4,23,10,8,20,6,6,35,0,10,2,
18:10:03,8,3,17,0,31,8,12,0,0,25,12,2,6,0,4,22,6,0,0,4,23,10,8,20,6,6,35,0,10,2,
18:10:04,8,3,17,0,31,8,12,0,0,25,12,2,6,0,4,22,6,0,0,4,23,10,8,20,6,6,35,0,10,2,
18:10:05,8,3,17,0,31,8,12,0,0,25,12,2,6,0,4,22,6,0,0,4,23,10,8,20,6,6,35,0,10,2,
18:10:06,8,3,17,0,31,8,12,0,0,25,12,2,6,0,4,22,6,0,0,4,23,10,8,20,6,6,35,0,10,2,
18:10:07,8,3,17,0,31,8,12,0,0,25,12,2,6,0,4,22,6,0,0,4,23,10,8,20,6,6,35,0,10,2,
18:10:08,8,3,17,0,31,8,12,0,0,25,12,2,6,0,4,22,6,0,0,4,23,10,8,20,6,6,35,0,10,2,
18:10:09,8,3,17,0,31,8,12,0,0,25,12,2,6,0,4,22,6,0,0,4,23,10,8,20,6,6,35,0,10,2,
18:10:10,8,3,17,0,31,8,12,0,0,25,12,2,6,0,4,22,6,0,0,4,23,10,8,20,6,6,35,0,10,2,
18:10:11,8,3,17,0,31,8,12,0,0,25,12,2,6,0,4,22,6,0,0,4,23,10,8,20,6,6,35,0,10,2,
18:10:12,8,3,17,0,31,8,12,0,0,25,12,2,6,0,4,22,6,0,0,4,23,10,8,20,6,6,35,0,10,2,
18:10:13,8,3,17,0,31,10,12,0,0,25,16,2,6,0,4,28,6,0,0,4,23,10,8,26,6,6,37,0,12,2,
18:10:14,8,3,17,0,31,10,12,0,0,25,16,2,6,0,4,28,6,0,0,4,23,10,8,26,6,6,37,0,12,2,
18:10:15,8,3,17,0,31,10,12,0,0,25,16,2,6,0,4,28,6,0,0,4,23,10,8,26,6,6,37,0,12,2,
18:10:16,8,3,17,0,31,10,12,0,0,25,16,2,6,0,4,28,6,0,0,4,23,10,8,26,6,6,37,0,12,2,
18:10:17,8,3,17,0,31,10,12,0,0,25,16,2,6,0,4,28,6,0,0,4,23,10,8,26,6,6,37,0,12,2,
18:10:18,8,3,17,0,31,10,12,0,0,25,16,2,6,0,4,28,6,0,0,4,23,10,8,26,6,6,37,0,12,2,
18:10:19,8,3,17,0,31,10,12,0,0,25,16,2,6,0,4,28,6,0,0,4,23,10,8,26,6,6,37,0,12,2,
18:10:20,8,3,17,0,31,10,12,0,0,25,16,2,6,0,4,28,6,0,0,4,23,10,8,26,6,6,37,0,12,2,
18:10:21,8,3,17,0,31,10,12,0,0,25,16,2,6,0,4,28,6,0,0,4,23,10,8,26,6,6,37,0,12,2,
18:10:22,8,3,17,0,31,10,12,0,0,25,16,2,6,0,4,28,6,0,0,4,23,10,8,26,6,6,37,0,12,2,
18:10:23,8,3,17,0,31,10,12,0,0,25,16,2,6,0,4,28,6,0,0,4,23,10,8,26,6,6,37,0,12,2,
18:10:24,8,3,17,0,31,10,12,0,0,25,16,2,6,0,4,28,6,0,0,4,23,10,8,26,6,6,37,0,12,2,
18:10:25,8,3,17,0,31,10,12,0,0,25,16,2,6,0,4,28,6,0,0,4,23,10,8,26,6,6,37,0,12,2,
18:10:26,8,3,17,0,31,10,12,0,0,25,16,2,6,0,4,28,6,0,0,4,23,10,8,26,6,6,37,0,12,2,
18:10:27,8,3,17,0,31,10,12,0,0,25,16,2,6,0,4,28,6,0,0,4,23,10,8,26,6,6,37,0,12,2,
18:10:28,8,3,17,0,31,10,12,0,0,25,16,2,6,0,4,28,6,0,0,4,23,10,8,26,6,6,37,0,12,2,
18:10:29,8,3,17,0,31,10,12,0,0,25,16,2,6,0,4,28,6,0,0,4,23,10,8,26,6,6,37,0,12,2,
18:10:30,8,3,17,0,31,10,12,0,0,25,16,2,6,0,4,28,6,0,0,4,23,10,8,26,6,6,37,0,12,2,
18:10:31,8,3,17,0,31,10,12,0,0,25,16,2,6,0,4,28,6,0,0,4,23,10,8,26,6,6,37,0,12,2,
18:10:32,8,3,17,0,31,10,12,0,0,25,16,2,6,0,4,28,6,0,0,4,23,10,8,26,6,6,37,0,12,2,
18:10:33,8,3,17,0,31,10,12,0,0,25,16,2,6,0,4,28,6,0,0,4,23,10,8,26,6,6,37,0,12,2,
18:10:34,8,3,17,0,31,10,12,0,0,25,16,2,6,0,4,28,6,0,0,4,23,10,8,26,6,6,37,0,12,2,
18:10:35,8,3,17,0,31,10,12,0,0,25,16,2,6,0,4,28,6,0,0,4,23,10,8,26,6,6,37,0,12,2,
18:10:36,8,3,17,0,31,10,12,0,0,25,16,2,6,0,4,28,6,0,0,4,23,10,8,26,6,6,37,0,12,2,
18:10:37,8,3,17,0,31,10,12,0,0,25,16,2,6,0,4,28,6,0,0,4,23,10,8,26,6,6,37,0,12,2,
18:10:38,8,3,17,0,31,10,12,0,0,25,16,2,6,0,4,28,6,0,0,4,23,10,8,26,6,6,37,0,12,2,
18:10:39,8,3,17,0,31,10,12,0,0,25,16,2,6,0,4,28,6,0,0,4,23,10,8,26,6,6,37,0,12,2,
18:10:40,8,3,17,0,31,10,12,0,0,25,16,2,6,0,4,28,6,0,0,4,23,10,8,26,6,6,37,0,12,2,
18:10:41,8,3,17,0,31,10,12,0,0,25,16,2,6,0,4,28,6,0,0,4,23,10,8,26,6,6,37,0,12,2,
18:10:42,8,3,17,0,31,10,12,0,0,25,16,2,6,0,4,28,6,0,0,4,23,10,8,26,6,6,37,0,12,2,
18:10:43,8,3,17,0,31,12,12,0,0,25,16,2,6,0,4,28,6,0,0,4,23,10,8,26,6,6,37,0,12,2,
18:10:44,8,3,17,0,31,12,12,0,0,25,16,2,6,0,4,28,6,0,0,4,23,10,8,26,6,6,37,0,12,2,
18:10:45,8,3,17,0,31,12,12,0,0,25,16,2,6,0,4,28,6,0,0,4,23,10,8,26,6,6,37,0,12,2,
18:10:46,8,3,17,0,31,12,12,0,0,25,16,2,6,0,4,28,6,0,0,4,23,10,8,26,6,6,37,0,12,2,
18:10:47,8,3,17,0,31,12,12,0,0,25,16,2,6,0,4,28,6,0,0,4,23,10,8,26,6,6,37,0,12,2,
18:10:48,8,3,17,0,31,12,12,0,0,25,16,2,6,0,4,28,6,0,0,4,23,10,8,26,6,6,37,0,12,2,
18:10:49,8,3,17,0,31,12,12,0,0,25,16,2,6,0,4,28,6,0,0,4,23,10,8,26,6,6,37,0,12,2,
18:10:50,8,3,17,0,31,12,12,0,0,25,16,2,6,0,4,28,6,0,0,4,23,10,8,26,6,6,37,0,12,2,
18:10:51,8,3,17,0,31,12,12,0,0,25,16,2,6,0,4,28,6,0,0,4,23,10,8,26,6,6,37,0,12,2,
18:10:52,8,3,17,0,31,12,12,0,0,25,16,2,6,0,4,28,6,0,0,4,23,10,8,26,6,6,37,0,12,2,
18:10:53,8,3,17,0,31,12,12,0,0,25,16,2,6,0,4,28,6,0,0,4,23,10,8,26,6,6,37,0,12,2,
18:10:54,8,3,17,0,31,12,12,0,0,25,16,2,6,0,4,28,6,0,0,4,23,10,8,26,6,6,37,0,12,2,
18:10:55,8,3,17,0,31,12,12,0,0,25,16,2,6,0,4,28,6,0,0,4,23,10,8,26,6,6,37,0,12,2,
18:10:56,8,3,17,0,31,12,12,0,0,25,16,2,6,0,4,28,6,0,0,4,23,10,8,26,6,6,37,0,12,2,
18:10:57,8,3,17,0,31,12,12,0,0,25,16,2,6,0,4,28,6,0,0,4,23,10,8,26,6,6,37,0,12,2,
18:10:58,8,3,17,0,31,12,12,0,0,25,16,2,6,0,4,28,6,0,0,4,23,10,8,26,6,6,37,0,12,2,
18:10:59,8,3,17,0,31,12,12,0,0,25,16,2,6,0,4,28,6,0,0,4,23,10,8,26,6,6,37,0,12,2,
18:11,8,3,17,0,31,12,12,0,0,25,16,2,6,0,4,28,6,0,0,4,23,10,8,26,6,6,37,0,12,2,
18:11:01,8,3,17,0,31,12,12,0,0,25,16,2,6,0,4,28,6,0,0,4,23,10,8,26,6,6,37,0,12,2,
18:11:02,8,3,17,0,31,12,12,0,0,25,16,2,6,0,4,28,6,0,0,4,23,10,8,26,6,6,37,0,12,2,
18:11:03,8,3,17,0,31,12,12,0,0,25,16,2,6,0,4,28,6,0,0,4,23,10,8,26,6,6,37,0,12,2,
18:11:04,8,3,17,0,31,12,12,0,0,25,16,2,6,0,4,28,6,0,0,4,23,10,8,26,6,6,37,0,12,2,
18:11:05,8,3,17,0,31,12,12,0,0,25,16,2,6,0,4,28,6,0,0,4,23,10,8,26,6,6,37,0,12,2,
18:11:06,8,3,17,0,31,12,12,0,0,25,16,2,6,0,4,28,6,0,0,4,23,10,8,26,6,6,37,0,12,2,
18:11:07,8,3,17,0,31,12,12,0,0,25,16,2,6,0,4,28,6,0,0,4,23,10,8,26,6,6,37,0,12,2,
18:11:08,8,3,17,0,31,12,12,0,0,25,16,2,6,0,4,28,6,0,0,4,23,10,8,26,6,6,37,0,12,2,
18:11:09,8,3,17,0,31,12,12,0,0,25,16,2,6,0,4,28,6,0,0,4,23,10,8,26,6,6,37,0,12,2,
18:11:10,8,3,18,0,31,12,12,0,0,25,16,2,6,0,4,28,6,0,0,4,23,10,8,26,8,6,37,0,12,2,
18:11:11,8,3,18,0,31,12,12,0,0,25,16,2,6,0,4,28,6,0,0,4,23,10,8,26,8,6,37,0,12,2,
18:11:12,8,3,18,0,31,12,12,0,0,25,16,2,6,0,4,28,6,0,0,4,23,10,8,26,8,6,37,0,12,2,
18:11:13,8,3,18,0,31,12,12,0,0,25,16,2,6,0,4,28,6,0,0,4,23,10,8,26,8,6,37,0,12,2,
18:11:14,8,3,18,0,31,12,12,0,0,25,16,2,6,0,4,28,6,0,0,4,23,10,8,26,8,6,37,0,12,2,
18:11:15,8,3,18,0,31,12,12,0,0,25,16,2,6,0,4,28,6,0,0,4,23,10,8,26,8,6,37,0,12,2,
18:11:16,8,3,18,0,31,12,12,0,0,25,16,2,6,0,4,28,6,0,0,4,23,10,8,26,8,6,37,0,12,2,
18:11:17,8,3,18,0,31,12,12,0,0,25,16,2,6,0,4,28,6,0,0,4,23,10,8,26,8,6,37,0,12,2,
18:11:18,8,3,18,0,31,12,12,0,0,25,16,2,6,0,4,28,6,0,0,4,23,10,8,26,8,6,37,0,12,2,
18:11:19,8,3,18,0,31,12,12,0,0,25,16,2,6,0,4,28,6,0,0,4,23,10,8,26,8,6,37,0,12,2,
18:11:20,8,3,18,0,31,12,12,0,0,25,16,2,6,0,4,28,6,0,0,4,23,10,8,26,8,6,37,0,12,2,
18:11:21,8,3,18,0,31,12,12,0,0,25,16,2,6,0,4,28,6,0,0,4,23,10,8,26,8,6,37,0,12,2,
18:11:22,8,3,18,0,31,12,12,0,0,25,16,2,6,0,4,28,6,0,0,4,23,10,8,26,8,6,37,0,12,2,
18:11:23,8,3,18,0,31,12,12,0,0,25,16,2,6,0,4,28,6,0,0,4,23,10,8,26,8,6,37,0,12,2,
18:11:24,8,3,18,0,31,12,12,0,0,25,16,2,6,0,4,28,6,0,0,4,23,10,8,26,8,6,37,0,12,2,
18:11:25,8,3,18,0,31,12,12,0,0,25,16,2,6,0,4,28,6,0,0,4,23,10,8,26,8,6,37,0,12,2,
18:11:26,8,3,18,0,31,12,12,0,0,25,16,2,6,0,4,28,6,0,0,4,23,10,8,26,8,6,37,0,12,2,
18:11:27,8,3,18,0,31,12,12,0,0,25,16,2,6,0,4,28,6,0,0,4,23,10,8,26,8,6,37,0,12,2,
18:11:28,8,3,18,0,31,12,12,0,0,25,16,2,6,0,4,28,6,0,0,4,23,10,8,26,8,6,37,0,12,2,
18:11:29,8,3,18,0,31,12,12,0,0,25,16,2,6,0,4,28,6,0,0,4,23,10,8,26,8,6,37,0,12,2,
18:11:30,8,3,18,0,31,12,12,0,0,25,16,2,6,0,4,28,6,0,0,4,23,10,8,26,8,6,37,0,12,2,
18:11:31,8,3,18,0,31,12,12,0,0,25,16,2,6,0,4,28,6,0,0,4,23,10,8,26,8,6,37,0,12,2,
18:11:32,8,3,18,0,31,12,12,0,0,25,16,2,6,0,4,28,6,0,0,4,23,10,8,26,8,6,37,0,12,2,
18:11:33,8,3,18,0,31,12,12,0,0,25,16,2,6,0,4,28,6,0,0,4,23,10,8,26,8,6,37,0,12,2,
18:11:34,8,3,18,0,31,12,12,0,0,25,16,2,6,0,4,28,6,0,0,4,23,10,8,26,8,6,37,0,12,2,
18:11:35,8,3,18,0,31,12,12,0,0,27,16,2,6,0,4,28,8,0,0,4,23,12,8,26,8,6,39,0,12,2,
18:11:36,8,3,18,0,31,12,12,0,0,27,16,2,6,0,4,28,8,0,0,4,23,12,8,26,8,6,39,0,12,2,
18:11:37,8,3,18,0,31,12,12,0,0,27,16,2,6,0,4,28,8,0,0,4,23,12,8,26,8,6,39,0,12,2,
18:11:38,8,3,18,0,31,12,12,0,0,27,16,2,6,0,4,28,8,0,0,4,23,12,8,26,8,6,39,0,12,2,
18:11:39,8,3,18,0,31,12,12,0,0,27,16,2,6,0,4,28,8,0,0,4,23,12,8,26,8,6,39,0,12,2,
18:11:40,8,3,18,0,31,12,12,0,0,27,16,2,6,0,4,28,8,0,0,4,23,12,8,26,8,6,39,0,12,2,
18:11:41,8,3,18,0,31,12,12,0,0,27,16,2,6,0,4,28,8,0,0,4,23,12,8,26,8,6,39,0,12,2,
18:11:42,8,3,18,0,31,12,12,0,0,27,16,2,6,0,4,28,8,0,0,4,23,12,8,26,8,6,39,0,12,2,
18:11:43,8,3,18,0,31,12,12,0,0,27,16,2,6,0,4,28,8,0,0,4,23,12,8,26,8,6,39,0,12,2,
18:11:44,8,3,18,0,31,12,12,0,0,27,16,2,6,0,4,28,8,0,0,4,23,12,8,26,8,6,39,0,12,2,
18:11:45,8,3,18,0,31,12,12,0,0,27,16,2,6,0,4,28,8,0,0,4,23,12,8,26,8,6,39,0,12,2,
18:11:46,8,3,18,0,31,12,12,0,0,27,16,2,6,0,4,28,8,0,0,4,23,12,8,26,8,6,39,0,12,2,
18:11:47,8,3,18,0,31,12,12,0,0,27,16,2,6,0,4,28,8,0,0,4,23,12,8,26,8,6,39,0,12,2,
18:11:48,8,3,18,0,31,12,12,0,0,27,16,2,6,0,4,28,8,0,0,4,23,12,8,26,8,6,39,0,12,2,
18:11:49,8,3,18,0,31,12,12,0,0,27,16,2,6,0,4,28,8,0,0,4,23,12,8,26,8,6,39,0,12,2,
18:11:50,8,3,18,0,31,12,12,0,0,27,16,2,6,0,4,28,8,0,0,4,23,12,8,26,8,6,39,0,12,2,
18:11:51,8,3,18,0,31,12,12,0,0,27,16,2,6,0,4,28,8,0,0,4,23,12,8,26,8,6,39,0,12,2,
18:11:52,8,3,18,0,31,12,12,0,0,27,16,2,6,0,4,28,8,0,0,4,23,12,8,26,8,6,39,0,12,2,
18:11:53,8,3,18,0,31,12,12,0,0,27,16,2,6,0,4,28,8,0,0,4,23,12,8,26,8,6,39,0,12,2,
18:11:54,8,3,18,0,31,12,12,0,0,27,16,2,6,0,4,28,8,0,0,4,23,12,8,26,8,6,39,0,12,2,
18:11:55,8,3,18,0,31,12,12,0,0,27,16,2,6,0,4,28,8,0,0,4,23,12,8,26,8,6,39,0,12,2,
18:11:56,8,3,18,0,31,12,12,0,0,27,16,2,6,0,4,28,8,0,0,4,23,12,8,26,8,6,39,0,12,2,
18:11:57,8,3,18,0,31,12,12,0,0,27,16,2,6,0,4,28,8,0,0,4,23,12,8,26,8,6,39,0,12,2,
18:11:58,8,3,18,0,31,12,12,0,0,27,16,2,6,0,4,28,8,0,0,4,23,12,8,26,8,6,39,0,12,2,
18:11:59,8,3,18,0,31,12,12,0,0,27,16,2,6,0,4,28,8,0,0,4,23,12,8,26,8,6,39,0,12,2,
18:12,8,3,18,0,31,12,12,0,0,27,16,2,6,0,4,28,8,0,0,4,23,12,8,26,8,6,39,0,12,2,
18:12:01,8,3,18,0,31,12,12,0,0,27,16,2,6,0,4,28,8,0,0,4,23,12,8,26,8,6,39,0,12,2,
18:12:02,8,3,18,0,31,12,12,0,0,27,16,2,6,0,4,28,8,0,0,4,23,12,8,26,8,6,39,0,12,2,
18:12:03,8,3,18,0,31,12,12,0,0,29,18,2,6,0,4,28,8,0,0,4,23,12,8,26,11,6,39,0,15,2,
18:12:04,8,3,18,0,31,12,12,0,0,29,18,2,6,0,4,28,8,0,0,4,23,12,8,26,11,6,39,0,15,2,
18:12:05,8,3,18,0,31,12,12,0,0,29,18,2,6,0,4,28,8,0,0,4,23,12,8,26,11,6,39,0,15,2,
18:12:06,8,3,18,0,31,12,12,0,0,29,18,2,6,0,4,28,8,0,0,4,23,12,8,26,11,6,39,0,15,2,
18:12:07,8,3,18,0,31,12,12,0,0,29,18,2,6,0,4,28,8,0,0,4,23,12,8,26,11,6,39,0,15,2,
18:12:08,8,3,18,0,31,12,12,0,0,29,18,2,6,0,4,28,8,0,0,4,23,12,8,26,11,6,39,0,15,2,
18:12:09,8,3,18,0,31,12,12,0,0,29,18,2,6,0,4,28,8,0,0,4,23,12,8,26,11,6,39,0,15,2,
18:12:10,8,3,18,0,31,12,12,0,0,29,18,2,6,0,4,28,8,0,0,4,23,12,8,26,11,6,39,0,15,2,
18:12:11,8,3,18,0,31,12,12,0,0,29,18,2,6,0,4,28,8,0,0,4,23,12,8,26,11,6,39,0,15,2,
18:12:12,8,3,18,0,31,12,12,0,0,29,18,2,6,0,4,28,8,0,0,4,23,12,8,26,11,6,39,0,15,2,
18:12:13,8,3,18,0,31,12,12,0,0,29,18,2,6,0,4,28,8,0,0,4,23,12,8,26,11,6,39,0,15,2,
18:12:14,8,3,18,0,31,12,12,0,0,29,18,2,6,0,4,28,8,0,0,4,23,12,8,26,11,6,39,0,15,2,
18:12:15,8,3,18,0,31,12,12,0,0,29,18,2,6,0,4,28,8,0,0,4,23,12,8,26,11,6,39,0,15,2,
18:12:16,8,3,18,0,31,12,12,0,0,29,18,2,6,0,4,28,8,0,0,4,23,12,8,26,11,6,39,0,15,2,
18:12:17,8,3,18,0,31,12,12,0,0,29,18,2,6,0,4,28,8,0,0,4,23,12,8,26,11,6,39,0,15,2,
18:12:18,8,3,18,0,31,12,12,0,0,29,18,2,6,0,4,28,8,0,0,4,23,12,8,26,11,6,39,0,15,2,
18:12:19,8,3,18,0,31,12,12,0,0,29,18,2,6,0,4,28,8,0,0,4,23,12,8,26,11,6,39,0,15,2,
18:12:20,8,3,18,0,31,12,12,0,0,29,18,2,6,0,4,28,8,0,0,4,23,12,8,26,11,6,39,0,15,2,
18:12:21,8,3,18,0,31,12,12,0,0,29,18,2,6,0,4,28,8,0,0,4,23,12,8,26,11,6,39,0,15,2,
18:12:22,8,3,18,0,31,12,12,0,0,29,18,2,6,0,4,28,8,0,0,4,23,12,8,26,11,6,39,0,15,2,
18:12:23,8,3,18,0,31,12,12,0,0,29,18,2,6,0,4,28,8,0,0,4,23,12,8,26,11,6,39,0,15,2,
18:12:24,8,3,18,0,31,12,12,0,0,29,18,2,6,0,4,28,8,0,0,4,23,12,8,26,11,6,39,0,15,2,
18:12:25,8,3,18,0,31,12,12,0,0,29,18,2,6,0,4,28,8,0,0,4,23,12,8,26,11,6,39,0,15,2,
18:12:26,8,3,18,0,31,12,12,0,0,29,18,2,6,0,4,28,8,0,0,4,23,12,8,26,11,6,39,0,15,2,
18:12:27,8,3,18,0,31,12,12,0,0,29,18,2,6,0,4,28,8,0,0,4,23,12,8,26,11,6,39,0,15,2,
18:12:28,8,3,18,0,31,12,12,0,0,29,18,2,6,0,4,28,8,0,0,4,23,12,8,26,11,6,39,0,15,2,
18:12:29,8,3,18,0,31,12,12,0,0,29,18,2,6,0,4,28,8,0,0,4,23,12,8,26,11,6,39,0,15,2,
18:12:30,8,3,18,0,31,12,12,0,0,29,18,2,6,0,4,28,8,0,0,4,23,12,8,26,11,6,39,0,15,2,
18:12:31,8,3,18,0,31,12,12,0,0,29,18,2,6,0,4,28,8,0,0,4,23,12,8,26,11,6,39,0,15,2,
18:12:32,8,3,21,0,31,12,12,0,0,29,22,2,6,0,4,28,8,0,0,4,23,21,8,26,11,6,39,0,17,2,
18:12:33,8,3,21,0,31,12,12,0,0,29,22,2,6,0,4,28,8,0,0,4,23,21,8,26,11,6,39,0,17,2,
18:12:34,8,3,21,0,31,12,12,0,0,29,22,2,6,0,4,28,8,0,0,4,23,21,8,26,11,6,39,0,17,2,
18:12:35,8,3,21,0,31,12,12,0,0,29,22,2,6,0,4,28,8,0,0,4,23,21,8,26,11,6,39,0,17,2,
18:12:36,8,3,21,0,31,12,12,0,0,29,22,2,6,0,4,28,8,0,0,4,23,21,8,26,11,6,39,0,17,2,
18:12:37,8,3,21,0,31,12,12,0,0,29,22,2,6,0,4,28,8,0,0,4,23,21,8,26,11,6,39,0,17,2,
18:12:38,8,3,21,0,31,12,12,0,0,29,22,2,6,0,4,28,8,0,0,4,23,21,8,26,11,6,39,0,17,2,
18:12:39,8,3,21,0,31,12,12,0,0,29,22,2,6,0,4,28,8,0,0,4,23,21,8,26,11,6,39,0,17,2,
18:12:40,8,3,21,0,31,12,12,0,0,29,22,2,6,0,4,28,8,0,0,4,23,21,8,26,11,6,39,0,17,2,
18:12:41,8,3,21,0,31,12,12,0,0,29,22,2,6,0,4,28,8,0,0,4,23,21,8,26,11,6,39,0,17,2,
18:12:42,8,3,21,0,31,12,12,0,0,29,22,2,6,0,4,28,8,0,0,4,23,21,8,26,11,6,39,0,17,2,
18:12:43,8,3,21,0,31,12,12,0,0,29,22,2,6,0,4,28,8,0,0,4,23,21,8,26,11,6,39,0,17,2,
18:12:44,8,3,21,0,31,12,12,0,0,29,22,2,6,0,4,28,8,0,0,4,23,21,8,26,11,6,39,0,17,2,
18:12:45,8,3,21,0,31,12,12,0,0,29,22,2,6,0,4,28,8,0,0,4,23,21,8,26,11,6,39,0,17,2,
18:12:46,8,3,21,0,31,12,12,0,0,29,22,2,6,0,4,28,8,0,0,4,23,21,8,26,11,6,39,0,17,2,
18:12:47,8,3,21,0,31,12,12,0,0,29,22,2,6,0,4,28,8,0,0,4,23,21,8,26,11,6,39,0,17,2,
18:12:48,8,3,21,0,31,12,12,0,0,29,22,2,6,0,4,28,8,0,0,4,23,21,8,26,11,6,39,0,17,2,
18:12:49,8,3,21,0,31,12,12,0,0,29,22,2,6,0,4,28,8,0,0,4,23,21,8,26,11,6,39,0,17,2,
18:12:50,8,3,21,0,31,12,12,0,0,29,22,2,6,0,4,28,8,0,0,4,23,21,8,26,11,6,39,0,17,2,
18:12:51,8,3,21,0,31,12,12,0,0,29,22,2,6,0,4,28,8,0,0,4,23,21,8,26,11,6,39,0,17,2,
18:12:52,8,3,21,0,31,12,12,0,0,29,22,2,6,0,4,28,8,0,0,4,23,21,8,26,11,6,39,0,17,2,
18:12:53,8,3,21,0,31,12,12,0,0,29,22,2,6,0,4,28,8,0,0,4,23,21,8,26,11,6,39,0,17,2,
18:12:54,8,3,21,0,31,12,12,0,0,29,22,2,6,0,4,28,8,0,0,4,23,21,8,26,11,6,39,0,17,2,
18:12:55,8,3,21,0,31,12,12,0,0,29,22,2,6,0,4,28,8,0,0,4,23,21,8,26,11,6,39,0,17,2,
18:12:56,8,3,21,0,31,12,12,0,0,29,22,2,6,0,4,28,8,0,0,4,23,21,8,26,11,6,39,0,17,2,
18:12:57,8,3,21,0,31,12,12,0,0,29,22,2,6,0,4,28,8,0,0,4,23,21,8,26,11,6,39,0,17,2,
18:12:58,8,3,21,0,31,12,12,0,0,29,22,2,6,0,4,28,8,0,0,4,23,21,8,26,11,6,39,0,17,2,
18:12:59,8,3,21,0,31,12,12,0,0,29,22,2,6,0,4,28,8,0,0,4,23,21,8,26,11,6,39,0,17,2,
18:13,8,3,24,0,31,12,12,0,0,29,26,2,6,0,4,28,10,0,0,4,23,21,12,28,11,6,39,0,17,2,
18:13:01,8,3,24,0,31,12,12,0,0,29,26,2,6,0,4,28,10,0,0,4,23,21,12,28,11,6,39,0,17,2,
18:13:02,8,3,24,0,31,12,12,0,0,29,26,2,6,0,4,28,10,0,0,4,23,21,12,28,11,6,39,0,17,2,
18:13:03,8,3,24,0,31,12,12,0,0,29,26,2,6,0,4,28,10,0,0,4,23,21,12,28,11,6,39,0,17,2,
18:13:04,8,3,24,0,31,12,12,0,0,29,26,2,6,0,4,28,10,0,0,4,23,21,12,28,11,6,39,0,17,2,
18:13:05,8,3,24,0,31,12,12,0,0,29,26,2,6,0,4,28,10,0,0,4,23,21,12,28,11,6,39,0,17,2,
18:13:06,8,3,24,0,31,12,12,0,0,29,26,2,6,0,4,28,10,0,0,4,23,21,12,28,11,6,39,0,17,2,
18:13:07,8,3,24,0,31,12,12,0,0,29,26,2,6,0,4,28,10,0,0,4,23,21,12,28,11,6,39,0,17,2,
18:13:08,8,3,24,0,31,12,12,0,0,29,26,2,6,0,4,28,10,0,0,4,23,21,12,28,11,6,39,0,17,2,
18:13:09,8,3,24,0,31,12,12,0,0,29,26,2,6,0,4,28,10,0,0,4,23,21,12,28,11,6,39,0,17,2,
18:13:10,8,3,24,0,31,12,12,0,0,29,26,2,6,0,4,28,10,0,0,4,23,21,12,28,11,6,39,0,17,2,
18:13:11,8,3,24,0,31,12,12,0,0,29,26,2,6,0,4,28,10,0,0,4,23,21,12,28,11,6,39,0,17,2,
18:13:12,8,3,24,0,31,12,12,0,0,29,26,2,6,0,4,28,10,0,0,4,23,21,12,28,11,6,39,0,17,2,
18:13:13,8,3,24,0,31,12,12,0,0,29,26,2,6,0,4,28,10,0,0,4,23,21,12,28,11,6,39,0,17,2,
18:13:14,8,3,24,0,31,12,12,0,0,29,26,2,6,0,4,28,10,0,0,4,23,21,12,28,11,6,39,0,17,2,
18:13:15,8,3,24,0,31,12,12,0,0,29,26,2,6,0,4,28,10,0,0,4,23,21,12,28,11,6,39,0,17,2,
18:13:16,8,3,24,0,31,12,12,0,0,29,26,2,6,0,4,28,10,0,0,4,23,21,12,28,11,6,39,0,17,2,
18:13:17,8,3,24,0,31,12,12,0,0,29,26,2,6,0,4,28,10,0,0,4,23,21,12,28,11,6,39,0,17,2,
18:13:18,8,3,24,0,31,12,12,0,0,29,26,2,6,0,4,28,10,0,0,4,23,21,12,28,11,6,39,0,17,2,
18:13:19,8,3,24,0,31,12,12,0,0,29,26,2,6,0,4,28,10,0,0,4,23,21,12,28,11,6,39,0,17,2,
18:13:20,8,3,24,0,31,12,12,0,0,29,26,2,6,0,4,28,10,0,0,4,23,21,12,28,11,6,39,0,17,2,
18:13:21,8,3,24,0,31,12,12,0,0,29,26,2,6,0,4,28,10,0,0,4,23,21,12,28,11,6,39,0,17,2,
18:13:22,8,3,24,0,31,12,12,0,0,29,26,2,6,0,4,28,10,0,0,4,23,21,12,28,11,6,39,0,17,2,
18:13:23,8,3,24,0,31,12,12,0,0,29,26,2,6,0,4,28,10,0,0,4,23,21,12,28,11,6,39,0,17,2,
18:13:24,8,3,24,0,31,12,12,0,0,29,26,2,6,0,4,28,10,0,0,4,23,21,12,28,11,6,39,0,17,2,
18:13:25,8,3,24,0,31,12,12,0,0,29,26,2,6,0,4,28,10,0,0,4,23,21,12,28,11,6,39,0,17,2,
18:13:26,8,3,24,0,31,12,12,0,0,29,26,2,6,0,4,28,10,0,0,4,23,21,12,28,11,6,39,0,17,2,
18:13:27,8,3,28,0,34,12,12,0,0,29,26,2,6,0,4,28,10,0,0,4,25,21,12,30,11,6,39,0,20,2,
18:13:28,8,3,28,0,34,12,12,0,0,29,26,2,6,0,4,28,10,0,0,4,25,21,12,30,11,6,39,0,20,2,
18:13:29,8,3,28,0,34,12,12,0,0,29,26,2,6,0,4,28,10,0,0,4,25,21,12,30,11,6,39,0,20,2,
18:13:30,8,3,28,0,34,12,12,0,0,29,26,2,6,0,4,28,10,0,0,4,25,21,12,30,11,6,39,0,20,2,
18:13:31,8,3,28,0,34,12,12,0,0,29,26,2,6,0,4,28,10,0,0,4,25,21,12,30,11,6,39,0,20,2,
18:13:32,8,3,28,0,34,12,12,0,0,29,26,2,6,0,4,28,10,0,0,4,25,21,12,30,11,6,39,0,20,2,
18:13:33,8,3,28,0,34,12,12,0,0,29,26,2,6,0,4,28,10,0,0,4,25,21,12,30,11,6,39,0,20,2,
18:13:34,8,3,28,0,34,12,12,0,0,29,26,2,6,0,4,28,10,0,0,4,25,21,12,30,11,6,39,0,20,2,
18:13:35,8,3,28,0,34,12,12,0,0,29,26,2,6,0,4,28,10,0,0,4,25,21,12,30,11,6,39,0,20,2,
18:13:36,8,3,28,0,34,12,12,0,0,29,26,2,6,0,4,28,10,0,0,4,25,21,12,30,11,6,39,0,20,2,
18:13:37,8,3,28,0,34,12,12,0,0,29,26,2,6,0,4,28,10,0,0,4,25,21,12,30,11,6,39,0,20,2,
18:13:38,8,3,28,0,34,12,12,0,0,29,26,2,6,0,4,28,10,0,0,4,25,21,12,30,11,6,39,0,20,2,
18:13:39,8,3,28,0,34,12,12,0,0,29,26,2,6,0,4,28,10,0,0,4,25,21,12,30,11,6,39,0,20,2,
18:13:40,8,3,28,0,34,12,12,0,0,29,26,2,6,0,4,28,10,0,0,4,25,21,12,30,11,6,39,0,20,2,
18:13:41,8,3,28,0,34,12,12,0,0,29,26,2,6,0,4,28,10,0,0,4,25,21,12,30,11,6,39,0,20,2,
18:13:42,8,3,28,0,34,12,12,0,0,29,26,2,6,0,4,28,10,0,0,4,25,21,12,30,11,6,39,0,20,2,
18:13:43,8,3,28,0,34,12,12,0,0,29,26,2,6,0,4,28,10,0,0,4,25,21,12,30,11,6,39,0,20,2,
18:13:44,8,3,28,0,34,12,12,0,0,29,26,2,6,0,4,28,10,0,0,4,25,21,12,30,11,6,39,0,20,2,
18:13:45,8,3,28,0,34,12,12,0,0,29,26,2,6,0,4,28,10,0,0,4,25,21,12,30,11,6,39,0,20,2,
18:13:46,8,3,28,0,34,12,12,0,0,29,26,2,6,0,4,28,10,0,0,4,25,21,12,30,11,6,39,0,20,2,
18:13:47,8,3,28,0,34,12,12,0,0,29,26,2,6,0,4,28,10,0,0,4,25,21,12,30,11,6,39,0,20,2,
18:13:48,8,3,28,0,34,12,12,0,0,29,26,2,6,0,4,28,10,0,0,4,25,21,12,30,11,6,39,0,20,2,
18:13:49,8,3,28,0,34,12,12,0,0,29,26,2,6,0,4,28,10,0,0,4,25,21,12,30,11,6,39,0,20,2,
18:13:50,8,3,28,0,34,12,12,0,0,29,26,2,6,0,4,28,10,0,0,4,25,21,12,30,11,6,39,0,20,2,
18:13:51,8,3,28,0,34,12,12,0,0,29,26,2,6,0,4,28,10,0,0,4,25,21,12,30,11,6,39,0,20,2,
18:13:52,8,3,28,0,34,12,12,0,0,29,26,2,6,0,4,28,10,0,0,4,25,21,12,30,11,6,39,0,20,2,
18:13:53,8,3,28,0,34,12,12,0,0,29,26,2,6,0,4,28,10,0,0,4,25,21,12,30,11,6,39,0,20,2,
18:13:54,8,3,28,0,34,12,12,0,0,29,26,2,6,0,4,28,10,0,0,4,25,21,12,30,11,6,39,0,20,2,
18:13:55,8,3,28,0,34,12,12,0,0,29,26,2,6,0,4,28,10,0,0,4,25,21,12,30,11,6,39,0,20,2,
18:13:56,8,3,28,0,34,12,12,0,0,29,26,2,6,0,4,28,10,0,0,4,25,21,12,30,11,6,39,0,20,2,
18:13:57,8,3,28,0,34,12,12,0,0,29,26,2,6,0,4,28,10,0,0,4,25,21,12,30,11,6,39,0,20,2,
18:13:58,8,3,28,0,34,12,12,0,0,29,26,2,6,0,4,28,10,0,0,4,25,21,12,30,11,6,39,0,20,2,
18:13:59,8,3,28,0,34,12,12,0,0,29,26,2,6,0,4,28,10,0,0,4,25,21,12,30,11,6,39,0,20,2,
18:14,8,3,28,0,34,12,12,0,0,29,26,2,6,0,4,28,10,0,0,4,25,21,12,30,11,6,39,0,20,2,
18:14:01,8,3,28,0,34,12,12,0,0,29,26,2,6,0,4,28,10,0,0,4,25,21,12,30,11,6,39,0,20,2,
18:14:02,8,3,28,0,34,12,12,0,0,29,26,2,6,0,4,28,10,0,0,4,25,21,12,30,11,6,39,0,20,2,
18:14:03,8,3,28,0,34,12,12,0,0,29,26,2,6,0,4,28,10,0,0,4,25,21,12,30,11,6,39,0,20,2,
18:14:04,8,3,28,0,34,12,12,0,0,29,26,2,6,0,4,28,10,0,0,4,25,21,12,30,11,6,39,0,20,2,
18:14:05,8,5,28,0,34,12,12,0,0,29,26,2,6,0,4,28,13,0,0,4,25,21,12,32,11,6,41,0,24,2,
18:14:06,8,5,28,0,34,12,12,0,0,29,26,2,6,0,4,28,13,0,0,4,25,21,12,32,11,6,41,0,24,2,
18:14:07,8,5,28,0,34,12,12,0,0,29,26,2,6,0,4,28,13,0,0,4,25,21,12,32,11,6,41,0,24,2,
18:14:08,8,5,28,0,34,12,12,0,0,29,26,2,6,0,4,28,13,0,0,4,25,21,12,32,11,6,41,0,24,2,
18:14:09,8,5,28,0,34,12,12,0,0,29,26,2,6,0,4,28,13,0,0,4,25,21,12,32,11,6,41,0,24,2,
18:14:10,8,5,28,0,34,12,12,0,0,29,26,2,6,0,4,28,13,0,0,4,25,21,12,32,11,6,41,0,24,2,
18:14:11,8,5,28,0,34,12,12,0,0,29,26,2,6,0,4,28,13,0,0,4,25,21,12,32,11,6,41,0,24,2,
18:14:12,8,5,28,0,34,12,12,0,0,29,26,2,6,0,4,28,13,0,0,4,25,21,12,32,11,6,41,0,24,2,
18:14:13,8,5,28,0,34,12,12,0,0,29,26,2,6,0,4,28,13,0,0,4,25,21,12,32,11,6,41,0,24,2,
18:14:14,8,5,28,0,34,12,12,0,0,29,26,2,6,0,4,28,13,0,0,4,25,21,12,32,11,6,41,0,24,2,
18:14:15,8,5,28,0,34,12,12,0,0,29,26,2,6,0,4,28,13,0,0,4,25,21,12,32,11,6,41,0,24,2,
18:14:16,8,5,28,0,34,12,12,0,0,29,26,2,6,0,4,28,13,0,0,4,25,21,12,32,11,6,41,0,24,2,
18:14:17,8,5,28,0,34,12,12,0,0,29,26,2,6,0,4,28,13,0,0,4,25,21,12,32,11,6,41,0,24,2,
18:14:18,8,5,28,0,34,12,12,0,0,29,26,2,6,0,4,28,13,0,0,4,25,21,12,32,11,6,41,0,24,2,
18:14:19,8,5,28,0,34,12,12,0,0,29,26,2,6,0,4,28,13,0,0,4,25,21,12,32,11,6,41,0,24,2,
18:14:20,8,5,28,0,34,12,12,0,0,29,26,2,6,0,4,28,13,0,0,4,25,21,12,32,11,6,41,0,24,2,
18:14:21,8,5,28,0,34,12,12,0,0,29,26,2,6,0,4,28,13,0,0,4,25,21,12,32,11,6,41,0,24,2,
18:14:22,8,5,28,0,34,12,12,0,0,29,26,2,6,0,4,28,13,0,0,4,25,21,12,32,11,6,41,0,24,2,
18:14:23,8,5,28,0,34,12,12,0,0,29,26,2,6,0,4,28,13,0,0,4,25,21,12,32,11,6,41,0,24,2,
18:14:24,8,5,28,0,34,12,12,0,0,29,26,2,6,0,4,28,13,0,0,4,25,21,12,32,11,6,41,0,24,2,
18:14:25,8,5,28,0,34,12,12,0,0,29,26,2,6,0,4,28,13,0,0,4,25,21,12,32,11,6,41,0,24,2,
18:14:26,8,5,28,0,34,12,12,0,0,29,26,2,6,0,4,28,13,0,0,4,25,21,12,32,11,6,41,0,24,2,
18:14:27,8,5,28,0,34,12,12,0,0,29,26,2,6,0,4,28,13,0,0,4,25,21,12,32,11,6,41,0,24,2,
18:14:28,8,5,28,0,34,12,12,0,0,29,26,2,6,0,4,28,13,0,0,4,25,21,12,32,11,6,41,0,24,2,
18:14:29,8,5,28,0,34,12,12,0,0,29,26,2,6,0,4,28,13,0,0,4,25,21,12,32,11,6,41,0,24,2,
18:14:30,8,5,28,0,34,12,12,0,0,29,26,2,6,0,4,28,13,0,0,4,25,21,12,32,11,6,41,0,24,2,
18:14:31,8,5,28,0,34,12,12,0,0,29,26,2,6,0,4,28,13,0,0,4,25,21,12,32,11,6,41,0,24,2,
18:14:32,8,5,28,0,34,12,12,0,0,29,26,2,6,0,4,28,13,0,0,4,25,21,12,32,11,6,41,0,24,2,
18:14:33,8,5,28,0,34,12,12,0,0,29,26,2,6,0,4,28,13,0,0,4,25,21,12,32,11,6,41,0,24,2,
18:14:34,9,5,28,0,34,12,14,0,0,31,26,2,6,0,4,32,13,0,0,4,25,23,14,32,11,6,41,0,24,2,
18:14:35,9,5,28,0,34,12,14,0,0,31,26,2,6,0,4,32,13,0,0,4,25,23,14,32,11,6,41,0,24,2,
18:14:36,9,5,28,0,34,12,14,0,0,31,26,2,6,0,4,32,13,0,0,4,25,23,14,32,11,6,41,0,24,2,
18:14:37,9,5,28,0,34,12,14,0,0,31,26,2,6,0,4,32,13,0,0,4,25,23,14,32,11,6,41,0,24,2,
18:14:38,9,5,28,0,34,12,14,0,0,31,26,2,6,0,4,32,13,0,0,4,25,23,14,32,11,6,41,0,24,2,
18:14:39,9,5,28,0,34,12,14,0,0,31,26,2,6,0,4,32,13,0,0,4,25,23,14,32,11,6,41,0,24,2,
18:14:40,9,5,28,0,34,12,14,0,0,31,26,2,6,0,4,32,13,0,0,4,25,23,14,32,11,6,41,0,24,2,
18:14:41,9,5,28,0,34,12,14,0,0,31,26,2,6,0,4,32,13,0,0,4,25,23,14,32,11,6,41,0,24,2,
18:14:42,9,5,28,0,34,12,14,0,0,31,26,2,6,0,4,32,13,0,0,4,25,23,14,32,11,6,41,0,24,2,
18:14:43,9,5,28,0,34,12,14,0,0,31,26,2,6,0,4,32,13,0,0,4,25,23,14,32,11,6,41,0,24,2,
18:14:44,9,5,28,0,34,12,14,0,0,31,26,2,6,0,4,32,13,0,0,4,25,23,14,32,11,6,41,0,24,2,
18:14:45,9,5,28,0,34,12,14,0,0,31,26,2,6,0,4,32,13,0,0,4,25,23,14,32,11,6,41,0,24,2,
18:14:46,9,5,28,0,34,12,14,0,0,31,26,2,6,0,4,32,13,0,0,4,25,23,14,32,11,6,41,0,24,2,
18:14:47,9,5,28,0,34,12,14,0,0,31,26,2,6,0,4,32,13,0,0,4,25,23,14,32,11,6,41,0,24,2,
18:14:48,9,5,28,0,34,12,14,0,0,31,26,2,6,0,4,32,13,0,0,4,25,23,14,32,11,6,41,0,24,2,
18:14:49,9,5,28,0,34,12,14,0,0,31,26,2,6,0,4,32,13,0,0,4,25,23,14,32,11,6,41,0,24,2,
18:14:50,9,5,28,0,34,12,14,0,0,31,26,2,6,0,4,32,13,0,0,4,25,23,14,32,11,6,41,0,24,2,
18:14:51,9,5,28,0,34,12,14,0,0,31,26,2,6,0,4,32,13,0,0,4,25,23,14,32,11,6,41,0,24,2,
18:14:52,9,5,28,0,34,12,14,0,0,31,26,2,6,0,4,32,13,0,0,4,25,23,14,32,11,6,41,0,24,2,
18:14:53,9,5,28,0,34,12,14,0,0,31,26,2,6,0,4,32,13,0,0,4,25,23,14,32,11,6,41,0,24,2,
18:14:54,9,5,28,0,34,12,14,0,0,31,26,2,6,0,4,32,13,0,0,4,25,23,14,32,11,6,41,0,24,2,
18:14:55,9,5,28,0,34,12,14,0,0,31,26,2,6,0,4,32,13,0,0,4,25,23,14,32,11,6,41,0,24,2,
18:14:56,9,5,28,0,34,12,14,0,0,31,26,2,6,0,4,32,13,0,0,4,25,23,14,32,11,6,41,0,24,2,
18:14:57,9,5,28,0,34,12,14,0,0,31,26,2,6,0,4,32,13,0,0,4,25,23,14,32,11,6,41,0,24,2,
18:14:58,9,5,28,0,34,12,14,0,0,31,26,2,6,0,4,32,13,0,0,4,25,23,14,32,11,6,41,0,24,2,
18:14:59,9,5,28,0,34,12,14,0,0,31,26,2,6,0,4,32,13,0,0,4,25,23,14,32,11,6,41,0,24,2,
18:15,9,5,28,0,34,12,14,0,0,31,26,2,6,0,4,32,13,0,0,4,25,23,14,32,11,6,41,0,24,2,
18:15:01,9,5,28,0,34,12,14,0,0,31,26,2,6,0,4,32,13,0,0,4,25,23,14,32,11,6,41,0,24,2,
18:15:02,9,5,28,0,34,12,14,0,0,31,26,2,6,0,4,32,13,0,0,4,25,23,14,32,11,6,41,0,24,2,
18:15:03,9,5,28,0,34,12,14,0,0,31,26,2,6,0,4,32,13,0,0,4,25,23,14,32,11,6,41,0,24,2,
18:15:04,9,5,28,0,34,12,14,0,0,31,26,2,6,0,4,32,13,0,0,6,25,23,14,32,11,6,43,0,24,2,
18:15:05,9,5,28,0,34,12,14,0,0,31,26,2,6,0,4,32,13,0,0,6,25,23,14,32,11,6,43,0,24,2,
18:15:06,9,5,28,0,34,12,14,0,0,31,26,2,6,0,4,32,13,0,0,6,25,23,14,32,11,6,43,0,24,2,
18:15:07,9,5,28,0,34,12,14,0,0,31,26,2,6,0,4,32,13,0,0,6,25,23,14,32,11,6,43,0,24,2,
18:15:08,9,5,28,0,34,12,14,0,0,31,26,2,6,0,4,32,13,0,0,6,25,23,14,32,11,6,43,0,24,2,
18:15:09,9,5,28,0,34,12,14,0,0,31,26,2,6,0,4,32,13,0,0,6,25,23,14,32,11,6,43,0,24,2,
18:15:10,9,5,28,0,34,12,14,0,0,31,26,2,6,0,4,32,13,0,0,6,25,23,14,32,11,6,43,0,24,2,
18:15:11,9,5,28,0,34,12,14,0,0,31,26,2,6,0,4,32,13,0,0,6,25,23,14,32,11,6,43,0,24,2,
18:15:12,9,5,28,0,34,12,14,0,0,31,26,2,6,0,4,32,13,0,0,6,25,23,14,32,11,6,43,0,24,2,
18:15:13,9,5,28,0,34,12,14,0,0,31,26,2,6,0,4,32,13,0,0,6,25,23,14,32,11,6,43,0,24,2,
18:15:14,9,5,28,0,34,12,14,0,0,31,26,2,6,0,4,32,13,0,0,6,25,23,14,32,11,6,43,0,24,2,
18:15:15,9,5,28,0,34,12,14,0,0,31,26,2,6,0,4,32,13,0,0,6,25,23,14,32,11,6,43,0,24,2,
18:15:16,9,5,28,0,34,12,14,0,0,31,26,2,6,0,4,32,13,0,0,6,25,23,14,32,11,6,43,0,24,2,
18:15:17,9,5,28,0,34,12,14,0,0,31,26,2,6,0,4,32,13,0,0,6,25,23,14,32,11,6,43,0,24,2,
18:15:18,9,5,28,0,34,12,14,0,0,31,26,2,6,0,4,32,13,0,0,6,25,23,14,32,11,6,43,0,24,2,
18:15:19,9,5,28,0,34,12,14,0,0,31,26,2,6,0,4,32,13,0,0,6,25,23,14,32,11,6,43,0,24,2,
18:15:20,9,5,28,0,34,12,14,0,0,31,26,2,6,0,4,32,13,0,0,6,25,23,14,32,11,6,43,0,24,2,
18:15:21,9,5,28,0,34,12,14,0,0,31,26,2,6,0,4,32,13,0,0,6,25,23,14,32,11,6,43,0,24,2,
18:15:22,9,5,28,0,34,12,14,0,0,31,26,2,6,0,4,32,13,0,0,6,25,23,14,32,11,6,43,0,24,2,
18:15:23,9,5,28,0,34,12,14,0,0,31,26,2,6,0,4,32,13,0,0,6,25,23,14,32,11,6,43,0,24,2,
18:15:24,9,5,28,0,34,12,14,0,0,31,26,2,6,0,4,32,13,0,0,6,25,23,14,32,11,6,43,0,24,2,
18:15:25,9,5,28,0,34,12,14,0,0,31,26,2,6,0,4,32,13,0,0,6,25,23,14,32,11,6,43,0,24,2,
18:15:26,9,5,28,0,34,12,14,0,0,31,26,2,6,0,4,32,13,0,0,6,25,23,14,32,11,6,43,0,24,2,
18:15:27,9,5,28,0,34,12,14,0,0,31,26,2,6,0,4,32,13,0,0,6,25,23,14,32,11,6,43,0,24,2,
18:15:28,9,5,28,0,34,12,14,0,0,31,26,2,6,0,4,32,13,0,0,6,25,23,14,32,11,6,43,0,24,2,
18:15:29,9,5,28,0,34,12,14,0,0,31,26,2,6,0,4,32,13,0,0,6,25,23,14,32,11,6,43,0,24,2,
18:15:30,9,5,28,0,34,12,14,0,0,31,26,2,6,0,4,32,13,0,0,6,25,23,14,32,11,6,43,0,24,2,
18:15:31,9,5,28,0,34,12,14,0,0,31,26,2,6,0,4,32,13,0,0,6,25,23,14,32,11,6,43,0,24,2,
18:15:32,10,5,28,0,36,16,14,0,0,35,28,3,10,0,4,34,13,0,0,6,27,32,16,35,11,6,43,0,24,2,
18:15:33,10,5,28,0,36,16,14,0,0,35,28,3,10,0,4,34,13,0,0,6,27,32,16,35,11,6,43,0,24,2,
18:15:34,10,5,28,0,36,16,14,0,0,35,28,3,10,0,4,34,13,0,0,6,27,32,16,35,11,6,43,0,24,2,
18:15:35,10,5,28,0,36,16,14,0,0,35,28,3,10,0,4,34,13,0,0,6,27,32,16,35,11,6,43,0,24,2,
18:15:36,10,5,28,0,36,16,14,0,0,35,28,3,10,0,4,34,13,0,0,6,27,32,16,35,11,6,43,0,24,2,
18:15:37,10,5,28,0,36,16,14,0,0,35,28,3,10,0,4,34,13,0,0,6,27,32,16,35,11,6,43,0,24,2,
18:15:38,10,5,28,0,36,16,14,0,0,35,28,3,10,0,4,34,13,0,0,6,27,32,16,35,11,6,43,0,24,2,
18:15:39,10,5,28,0,36,16,14,0,0,35,28,3,10,0,4,34,13,0,0,6,27,32,16,35,11,6,43,0,24,2,
18:15:40,10,5,28,0,36,16,14,0,0,35,28,3,10,0,4,34,13,0,0,6,27,32,16,35,11,6,43,0,24,2,
18:15:41,10,5,28,0,36,16,14,0,0,35,28,3,10,0,4,34,13,0,0,6,27,32,16,35,11,6,43,0,24,2,
18:15:42,10,5,28,0,36,16,14,0,0,35,28,3,10,0,4,34,13,0,0,6,27,32,16,35,11,6,43,0,24,2,
18:15:43,10,5,28,0,36,16,14,0,0,35,28,3,10,0,4,34,13,0,0,6,27,32,16,35,11,6,43,0,24,2,
18:15:44,10,5,28,0,36,16,14,0,0,35,28,3,10,0,4,34,13,0,0,6,27,32,16,35,11,6,43,0,24,2,
18:15:45,10,5,28,0,36,16,14,0,0,35,28,3,10,0,4,34,13,0,0,6,27,32,16,35,11,6,43,0,24,2,
18:15:46,10,5,28,0,36,16,14,0,0,35,28,3,10,0,4,34,13,0,0,6,27,32,16,35,11,6,43,0,24,2,
18:15:47,10,5,28,0,36,16,14,0,0,35,28,3,10,0,4,34,13,0,0,6,27,32,16,35,11,6,43,0,24,2,
18:15:48,10,5,28,0,36,16,14,0,0,35,28,3,10,0,4,34,13,0,0,6,27,32,16,35,11,6,43,0,24,2,
18:15:49,10,5,28,0,36,16,14,0,0,35,28,3,10,0,4,34,13,0,0,6,27,32,16,35,11,6,43,0,24,2,
18:15:50,10,5,28,0,36,16,14,0,0,35,28,3,10,0,4,34,13,0,0,6,27,32,16,35,11,6,43,0,24,2,
18:15:51,10,5,28,0,36,16,14,0,0,35,28,3,10,0,4,34,13,0,0,6,27,32,16,35,11,6,43,0,24,2,
18:15:52,10,5,28,0,36,16,14,0,0,35,28,3,10,0,4,34,13,0,0,6,27,32,16,35,11,6,43,0,24,2,
18:15:53,10,5,28,0,36,16,14,0,0,35,28,3,10,0,4,34,13,0,0,6,27,32,16,35,11,6,43,0,24,2,
18:15:54,10,5,28,0,36,16,14,0,0,35,28,3,10,0,4,34,13,0,0,6,27,32,16,35,11,6,43,0,24,2,
18:15:55,10,5,28,0,36,16,14,0,0,35,28,3,10,0,4,34,13,0,0,6,27,32,16,35,11,6,43,0,24,2,
18:15:56,10,5,28,0,36,16,14,0,0,35,28,3,10,0,4,34,13,0,0,6,27,32,16,35,11,6,43,0,24,2,
18:15:57,10,5,28,0,36,16,14,0,0,35,28,3,10,0,4,34,13,0,0,6,27,32,16,35,11,6,43,0,24,2,
18:15:58,10,5,28,0,36,16,14,0,0,35,28,3,10,0,4,34,13,0,0,6,27,32,16,35,11,6,43,0,24,2,
18:15:59,10,5,28,0,36,16,14,0,0,35,28,3,10,0,4,34,13,0,0,6,27,32,16,35,11,6,43,0,24,2,
18:16,10,5,28,0,36,16,14,0,0,35,28,3,10,0,4,34,13,0,0,6,27,32,16,35,11,6,43,0,24,2,
18:16:01,12,5,32,0,36,18,14,0,0,35,28,5,10,0,4,34,13,0,0,6,27,35,16,35,13,6,45,0,26,2,
18:16:02,12,5,32,0,36,18,14,0,0,35,28,5,10,0,4,34,13,0,0,6,27,35,16,35,13,6,45,0,26,2,
18:16:03,12,5,32,0,36,18,14,0,0,35,28,5,10,0,4,34,13,0,0,6,27,35,16,35,13,6,45,0,26,2,
18:16:04,12,5,32,0,36,18,14,0,0,35,28,5,10,0,4,34,13,0,0,6,27,35,16,35,13,6,45,0,26,2,
18:16:05,12,5,32,0,36,18,14,0,0,35,28,5,10,0,4,34,13,0,0,6,27,35,16,35,13,6,45,0,26,2,
18:16:06,12,5,32,0,36,18,14,0,0,35,28,5,10,0,4,34,13,0,0,6,27,35,16,35,13,6,45,0,26,2,
18:16:07,12,5,32,0,36,18,14,0,0,35,28,5,10,0,4,34,13,0,0,6,27,35,16,35,13,6,45,0,26,2,
18:16:08,12,5,32,0,36,18,14,0,0,35,28,5,10,0,4,34,13,0,0,6,27,35,16,35,13,6,45,0,26,2,
18:16:09,12,5,32,0,36,18,14,0,0,35,28,5,10,0,4,34,13,0,0,6,27,35,16,35,13,6,45,0,26,2,
18:16:10,12,5,32,0,36,18,14,0,0,35,28,5,10,0,4,34,13,0,0,6,27,35,16,35,13,6,45,0,26,2,
18:16:11,12,5,32,0,36,18,14,0,0,35,28,5,10,0,4,34,13,0,0,6,27,35,16,35,13,6,45,0,26,2,
18:16:12,12,5,32,0,36,18,14,0,0,35,28,5,10,0,4,34,13,0,0,6,27,35,16,35,13,6,45,0,26,2,
18:16:13,12,5,32,0,36,18,14,0,0,35,28,5,10,0,4,34,13,0,0,6,27,35,16,35,13,6,45,0,26,2,
18:16:14,12,5,32,0,36,18,14,0,0,35,28,5,10,0,4,34,13,0,0,6,27,35,16,35,13,6,45,0,26,2,
18:16:15,12,5,32,0,36,18,14,0,0,35,28,5,10,0,4,34,13,0,0,6,27,35,16,35,13,6,45,0,26,2,
18:16:16,12,5,32,0,36,18,14,0,0,35,28,5,10,0,4,34,13,0,0,6,27,35,16,35,13,6,45,0,26,2,
18:16:17,12,5,32,0,36,18,14,0,0,35,28,5,10,0,4,34,13,0,0,6,27,35,16,35,13,6,45,0,26,2,
18:16:18,12,5,32,0,36,18,14,0,0,35,28,5,10,0,4,34,13,0,0,6,27,35,16,35,13,6,45,0,26,2,
18:16:19,12,5,32,0,36,18,14,0,0,35,28,5,10,0,4,34,13,0,0,6,27,35,16,35,13,6,45,0,26,2,
18:16:20,12,5,32,0,36,18,14,0,0,35,28,5,10,0,4,34,13,0,0,6,27,35,16,35,13,6,45,0,26,2,
18:16:21,12,5,32,0,36,18,14,0,0,35,28,5,10,0,4,34,13,0,0,6,27,35,16,35,13,6,45,0,26,2,
18:16:22,12,5,32,0,36,18,14,0,0,35,28,5,10,0,4,34,13,0,0,6,27,35,16,35,13,6,45,0,26,2,
18:16:23,12,5,32,0,36,18,14,0,0,35,28,5,10,0,4,34,13,0,0,6,27,35,16,35,13,6,45,0,26,2,
18:16:24,12,5,32,0,36,18,14,0,0,35,28,5,10,0,4,34,13,0,0,6,27,35,16,35,13,6,45,0,26,2,
18:16:25,12,5,32,0,36,18,14,0,0,35,28,5,10,0,4,34,13,0,0,6,27,35,16,35,13,6,45,0,26,2,
18:16:26,12,5,32,0,36,18,14,0,0,35,28,5,10,0,4,34,13,0,0,6,27,35,16,35,13,6,45,0,26,2,
18:16:27,12,5,32,0,36,18,14,0,0,35,28,5,10,0,4,34,13,0,0,6,27,35,16,35,13,6,45,0,26,2,
18:16:28,12,5,32,0,36,18,14,0,0,35,28,5,10,0,4,34,13,0,0,6,27,35,16,35,13,6,45,0,26,2,
18:16:29,12,5,32,0,36,18,14,0,0,35,28,5,10,0,4,34,13,0,0,6,27,35,16,35,13,6,45,0,26,2,
18:16:30,12,5,32,0,38,18,15,0,0,35,28,5,10,0,4,34,13,0,0,6,27,38,16,35,13,10,45,0,26,2,
18:16:31,12,5,32,0,38,18,15,0,0,35,28,5,10,0,4,34,13,0,0,6,27,38,16,35,13,10,45,0,26,2,
18:16:32,12,5,32,0,38,18,15,0,0,35,28,5,10,0,4,34,13,0,0,6,27,38,16,35,13,10,45,0,26,2,
18:16:33,12,5,32,0,38,18,15,0,0,35,28,5,10,0,4,34,13,0,0,6,27,38,16,35,13,10,45,0,26,2,
18:16:34,12,5,32,0,38,18,15,0,0,35,28,5,10,0,4,34,13,0,0,6,27,38,16,35,13,10,45,0,26,2,
18:16:35,12,5,32,0,38,18,15,0,0,35,28,5,10,0,4,34,13,0,0,6,27,38,16,35,13,10,45,0,26,2,
18:16:36,12,5,32,0,38,18,15,0,0,35,28,5,10,0,4,34,13,0,0,6,27,38,16,35,13,10,45,0,26,2,
18:16:37,12,5,32,0,38,18,15,0,0,35,28,5,10,0,4,34,13,0,0,6,27,38,16,35,13,10,45,0,26,2,
18:16:38,12,5,32,0,38,18,15,0,0,35,28,5,10,0,4,34,13,0,0,6,27,38,16,35,13,10,45,0,26,2,
18:16:39,12,5,32,0,38,18,15,0,0,35,28,5,10,0,4,34,13,0,0,6,27,38,16,35,13,10,45,0,26,2,
18:16:40,12,5,32,0,38,18,15,0,0,35,28,5,10,0,4,34,13,0,0,6,27,38,16,35,13,10,45,0,26,2,
18:16:41,12,5,32,0,38,18,15,0,0,35,28,5,10,0,4,34,13,0,0,6,27,38,16,35,13,10,45,0,26,2,
18:16:42,12,5,32,0,38,18,15,0,0,35,28,5,10,0,4,34,13,0,0,6,27,38,16,35,13,10,45,0,26,2,
18:16:43,12,5,32,0,38,18,15,0,0,35,28,5,10,0,4,34,13,0,0,6,27,38,16,35,13,10,45,0,26,2,
18:16:44,12,5,32,0,38,18,15,0,0,35,28,5,10,0,4,34,13,0,0,6,27,38,16,35,13,10,45,0,26,2,
18:16:45,12,5,32,0,38,18,15,0,0,35,28,5,10,0,4,34,13,0,0,6,27,38,16,35,13,10,45,0,26,2,
18:16:46,12,5,32,0,38,18,15,0,0,35,28,5,10,0,4,34,13,0,0,6,27,38,16,35,13,10,45,0,26,2,
18:16:47,12,5,32,0,38,18,15,0,0,35,28,5,10,0,4,34,13,0,0,6,27,38,16,35,13,10,45,0,26,2,
18:16:48,12,5,32,0,38,18,15,0,0,35,28,5,10,0,4,34,13,0,0,6,27,38,16,35,13,10,45,0,26,2,
18:16:49,12,5,32,0,38,18,15,0,0,35,28,5,10,0,4,34,13,0,0,6,27,38,16,35,13,10,45,0,26,2,
18:16:50,12,5,32,0,38,18,15,0,0,35,28,5,10,0,4,34,13,0,0,6,27,38,16,35,13,10,45,0,26,2,
18:16:51,12,5,32,0,38,18,15,0,0,35,28,5,10,0,4,34,13,0,0,6,27,38,16,35,13,10,45,0,26,2,
18:16:52,12,5,32,0,38,18,15,0,0,35,28,5,10,0,4,34,13,0,0,6,27,38,16,35,13,10,45,0,26,2,
18:16:53,12,5,32,0,38,18,15,0,0,35,28,5,10,0,4,34,13,0,0,6,27,38,16,35,13,10,45,0,26,2,
18:16:54,12,5,32,0,38,18,15,0,0,35,28,5,10,0,4,34,13,0,0,6,27,38,16,35,13,10,45,0,26,2,
18:16:55,12,5,32,0,38,18,15,0,0,35,28,5,10,0,4,34,13,0,0,6,27,38,16,35,13,10,45,0,26,2,
18:16:56,12,5,33,0,38,18,15,0,0,37,28,5,10,0,4,34,13,0,0,6,27,38,20,39,13,10,45,0,27,2,
18:16:57,12,5,33,0,38,18,15,0,0,37,28,5,10,0,4,34,13,0,0,6,27,38,20,39,13,10,45,0,27,2,
18:16:58,12,5,33,0,38,18,15,0,0,37,28,5,10,0,4,34,13,0,0,6,27,38,20,39,13,10,45,0,27,2,
18:16:59,12,5,33,0,38,18,15,0,0,37,28,5,10,0,4,34,13,0,0,6,27,38,20,39,13,10,45,0,27,2,
18:17,12,5,33,0,38,18,15,0,0,37,28,5,10,0,4,34,13,0,0,6,27,38,20,39,13,10,45,0,27,2,
18:17:01,12,5,33,0,38,18,15,0,0,37,28,5,10,0,4,34,13,0,0,6,27,38,20,39,13,10,45,0,27,2,
18:17:02,12,5,33,0,38,18,15,0,0,37,28,5,10,0,4,34,13,0,0,6,27,38,20,39,13,10,45,0,27,2,
18:17:03,12,5,33,0,38,18,15,0,0,37,28,5,10,0,4,34,13,0,0,6,27,38,20,39,13,10,45,0,27,2,
18:17:04,12,5,33,0,38,18,15,0,0,37,28,5,10,0,4,34,13,0,0,6,27,38,20,39,13,10,45,0,27,2,
18:17:05,12,5,33,0,38,18,15,0,0,37,28,5,10,0,4,34,13,0,0,6,27,38,20,39,13,10,45,0,27,2,
18:17:06,12,5,33,0,38,18,15,0,0,37,28,5,10,0,4,34,13,0,0,6,27,38,20,39,13,10,45,0,27,2,
18:17:07,12,5,33,0,38,18,15,0,0,37,28,5,10,0,4,34,13,0,0,6,27,38,20,39,13,10,45,0,27,2,
18:17:08,12,5,33,0,38,18,15,0,0,37,28,5,10,0,4,34,13,0,0,6,27,38,20,39,13,10,45,0,27,2,
18:17:09,12,5,33,0,38,18,15,0,0,37,28,5,10,0,4,34,13,0,0,6,27,38,20,39,13,10,45,0,27,2,
18:17:10,12,5,33,0,38,18,15,0,0,37,28,5,10,0,4,34,13,0,0,6,27,38,20,39,13,10,45,0,27,2,
18:17:11,12,5,33,0,38,18,15,0,0,37,28,5,10,0,4,34,13,0,0,6,27,38,20,39,13,10,45,0,27,2,
18:17:12,12,5,33,0,38,18,15,0,0,37,28,5,10,0,4,34,13,0,0,6,27,38,20,39,13,10,45,0,27,2,
18:17:13,12,5,33,0,38,18,15,0,0,37,28,5,10,0,4,34,13,0,0,6,27,38,20,39,13,10,45,0,27,2,
18:17:14,12,5,33,0,38,18,15,0,0,37,28,5,10,0,4,34,13,0,0,6,27,38,20,39,13,10,45,0,27,2,
18:17:15,12,5,33,0,38,18,15,0,0,37,28,5,10,0,4,34,13,0,0,6,27,38,20,39,13,10,45,0,27,2,
18:17:16,12,5,33,0,38,18,15,0,0,37,28,5,10,0,4,34,13,0,0,6,27,38,20,39,13,10,45,0,27,2,
18:17:17,12,5,33,0,38,18,15,0,0,37,28,5,10,0,4,34,13,0,0,6,27,38,20,39,13,10,45,0,27,2,
18:17:18,12,5,33,0,38,18,15,0,0,37,28,5,10,0,4,34,13,0,0,6,27,38,20,39,13,10,45,0,27,2,
18:17:19,12,5,33,0,38,18,15,0,0,37,28,5,10,0,4,34,13,0,0,6,27,38,20,39,13,10,45,0,27,2,
18:17:20,12,5,33,0,38,18,15,0,0,37,28,5,10,0,4,34,13,0,0,6,27,38,20,39,13,10,45,0,27,2,
18:17:21,12,5,33,0,38,18,15,0,0,37,28,5,10,0,4,34,13,0,0,6,27,38,20,39,13,10,45,0,27,2,
18:17:22,12,5,33,0,38,18,15,0,0,37,28,5,10,0,4,34,13,0,0,6,27,38,20,39,13,10,45,0,27,2,
18:17:23,12,5,33,0,38,18,15,0,0,37,28,5,10,0,4,34,13,0,0,6,27,38,20,39,13,10,45,0,27,2,
18:17:24,12,5,33,0,38,18,15,0,0,37,28,5,10,0,4,34,13,0,0,6,27,38,20,39,13,10,45,0,27,2,
18:17:25,12,5,33,0,38,18,15,0,0,37,28,5,10,0,4,34,13,0,0,6,27,38,20,39,13,10,45,0,27,2,
18:17:26,12,5,33,0,38,18,15,0,0,37,28,5,10,0,4,34,13,0,0,6,27,38,20,39,13,10,45,0,27,2,
18:17:27,12,5,33,0,38,18,15,0,0,37,28,5,10,0,4,34,13,0,0,6,27,38,20,39,13,10,45,0,27,2,
18:17:28,12,5,33,0,38,18,15,0,0,37,28,5,10,0,4,34,13,0,0,6,27,38,20,39,13,10,45,0,27,2,
18:17:29,12,5,33,0,38,18,15,0,0,37,28,5,10,0,4,34,13,0,0,6,27,38,20,39,13,10,45,0,27,2,
18:17:30,15,5,33,0,38,20,15,0,0,37,32,5,10,0,4,34,13,0,0,6,29,38,20,39,13,10,45,0,27,2,
18:17:31,15,5,33,0,38,20,15,0,0,37,32,5,10,0,4,34,13,0,0,6,29,38,20,39,13,10,45,0,27,2,
18:17:32,15,5,33,0,38,20,15,0,0,37,32,5,10,0,4,34,13,0,0,6,29,38,20,39,13,10,45,0,27,2,
18:17:33,15,5,33,0,38,20,15,0,0,37,32,5,10,0,4,34,13,0,0,6,29,38,20,39,13,10,45,0,27,2,
18:17:34,15,5,33,0,38,20,15,0,0,37,32,5,10,0,4,34,13,0,0,6,29,38,20,39,13,10,45,0,27,2,
18:17:35,15,5,33,0,38,20,15,0,0,37,32,5,10,0,4,34,13,0,0,6,29,38,20,39,13,10,45,0,27,2,
18:17:36,15,5,33,0,38,20,15,0,0,37,32,5,10,0,4,34,13,0,0,6,29,38,20,39,13,10,45,0,27,2,
18:17:37,15,5,33,0,38,20,15,0,0,37,32,5,10,0,4,34,13,0,0,6,29,38,20,39,13,10,45,0,27,2,
18:17:38,15,5,33,0,38,20,15,0,0,37,32,5,10,0,4,34,13,0,0,6,29,38,20,39,13,10,45,0,27,2,
18:17:39,15,5,33,0,38,20,15,0,0,37,32,5,10,0,4,34,13,0,0,6,29,38,20,39,13,10,45,0,27,2,
18:17:40,15,5,33,0,38,20,15,0,0,37,32,5,10,0,4,34,13,0,0,6,29,38,20,39,13,10,45,0,27,2,
18:17:41,15,5,33,0,38,20,15,0,0,37,32,5,10,0,4,34,13,0,0,6,29,38,20,39,13,10,45,0,27,2,
18:17:42,15,5,33,0,38,20,15,0,0,37,32,5,10,0,4,34,13,0,0,6,29,38,20,39,13,10,45,0,27,2,
18:17:43,15,5,33,0,38,20,15,0,0,37,32,5,10,0,4,34,13,0,0,6,29,38,20,39,13,10,45,0,27,2,
18:17:44,15,5,33,0,38,20,15,0,0,37,32,5,10,0,4,34,13,0,0,6,29,38,20,39,13,10,45,0,27,2,
18:17:45,15,5,33,0,38,20,15,0,0,37,32,5,10,0,4,34,13,0,0,6,29,38,20,39,13,10,45,0,27,2,
18:17:46,15,5,33,0,38,20,15,0,0,37,32,5,10,0,4,34,13,0,0,6,29,38,20,39,13,10,45,0,27,2,
18:17:47,15,5,33,0,38,20,15,0,0,37,32,5,10,0,4,34,13,0,0,6,29,38,20,39,13,10,45,0,27,2,
18:17:48,15,5,33,0,38,20,15,0,0,37,32,5,10,0,4,34,13,0,0,6,29,38,20,39,13,10,45,0,27,2,
18:17:49,15,5,33,0,38,20,15,0,0,37,32,5,10,0,4,34,13,0,0,6,29,38,20,39,13,10,45,0,27,2,
18:17:50,15,5,33,0,38,20,15,0,0,37,32,5,10,0,4,34,13,0,0,6,29,38,20,39,13,10,45,0,27,2,
18:17:51,15,5,33,0,38,20,15,0,0,37,32,5,10,0,4,34,13,0,0,6,29,38,20,39,13,10,45,0,27,2,
18:17:52,15,5,33,0,38,20,15,0,0,37,32,5,10,0,4,34,13,0,0,6,29,38,20,39,13,10,45,0,27,2,
18:17:53,15,5,33,0,38,20,15,0,0,37,32,5,10,0,4,34,13,0,0,6,29,38,20,39,13,10,45,0,27,2,
18:17:54,15,5,33,0,38,20,15,0,0,37,32,5,10,0,4,34,13,0,0,6,29,38,20,39,13,10,45,0,27,2,
18:17:55,15,5,33,0,38,20,15,0,0,37,32,5,10,0,4,34,13,0,0,6,29,38,20,39,13,10,45,0,27,2,
18:17:56,15,5,33,0,38,20,15,0,0,37,32,5,10,0,4,34,13,0,0,6,29,38,20,39,13,10,45,0,27,2,
18:17:57,15,5,33,0,38,20,15,0,0,37,32,5,10,0,4,37,13,0,0,6,31,38,20,39,13,10,47,0,27,2,
18:17:58,15,5,33,0,38,20,15,0,0,37,32,5,10,0,4,37,13,0,0,6,31,38,20,39,13,10,47,0,27,2,
18:17:59,15,5,33,0,38,20,15,0,0,37,32,5,10,0,4,37,13,0,0,6,31,38,20,39,13,10,47,0,27,2,
18:18,15,5,33,0,38,20,15,0,0,37,32,5,10,0,4,37,13,0,0,6,31,38,20,39,13,10,47,0,27,2,
18:18:01,15,5,33,0,38,20,15,0,0,37,32,5,10,0,4,37,13,0,0,6,31,38,20,39,13,10,47,0,27,2,
18:18:02,15,5,33,0,38,20,15,0,0,37,32,5,10,0,4,37,13,0,0,6,31,38,20,39,13,10,47,0,27,2,
18:18:03,15,5,33,0,38,20,15,0,0,37,32,5,10,0,4,37,13,0,0,6,31,38,20,39,13,10,47,0,27,2,
18:18:04,15,5,33,0,38,20,15,0,0,37,32,5,10,0,4,37,13,0,0,6,31,38,20,39,13,10,47,0,27,2,
18:18:05,15,5,33,0,38,20,15,0,0,37,32,5,10,0,4,37,13,0,0,6,31,38,20,39,13,10,47,0,27,2,
18:18:06,15,5,33,0,38,20,15,0,0,37,32,5,10,0,4,37,13,0,0,6,31,38,20,39,13,10,47,0,27,2,
18:18:07,15,5,33,0,38,20,15,0,0,37,32,5,10,0,4,37,13,0,0,6,31,38,20,39,13,10,47,0,27,2,
18:18:08,15,5,33,0,38,20,15,0,0,37,32,5,10,0,4,37,13,0,0,6,31,38,20,39,13,10,47,0,27,2,
18:18:09,15,5,33,0,38,20,15,0,0,37,32,5,10,0,4,37,13,0,0,6,31,38,20,39,13,10,47,0,27,2,
18:18:10,15,5,33,0,38,20,15,0,0,37,32,5,10,0,4,37,13,0,0,6,31,38,20,39,13,10,47,0,27,2,
18:18:11,15,5,33,0,38,20,15,0,0,37,32,5,10,0,4,37,13,0,0,6,31,38,20,39,13,10,47,0,27,2,
18:18:12,15,5,33,0,38,20,15,0,0,37,32,5,10,0,4,37,13,0,0,6,31,38,20,39,13,10,47,0,27,2,
18:18:13,15,5,33,0,38,20,15,0,0,37,32,5,10,0,4,37,13,0,0,6,31,38,20,39,13,10,47,0,27,2,
18:18:14,15,5,33,0,38,20,15,0,0,37,32,5,10,0,4,37,13,0,0,6,31,38,20,39,13,10,47,0,27,2,
18:18:15,15,5,33,0,38,20,15,0,0,37,32,5,10,0,4,37,13,0,0,6,31,38,20,39,13,10,47,0,27,2,
18:18:16,15,5,33,0,38,20,15,0,0,37,32,5,10,0,4,37,13,0,0,6,31,38,20,39,13,10,47,0,27,2,
18:18:17,15,5,33,0,38,20,15,0,0,37,32,5,10,0,4,37,13,0,0,6,31,38,20,39,13,10,47,0,27,2,
18:18:18,15,5,33,0,38,20,15,0,0,37,32,5,10,0,4,37,13,0,0,6,31,38,20,39,13,10,47,0,27,2,
18:18:19,15,5,33,0,38,20,15,0,0,37,32,5,10,0,4,37,13,0,0,6,31,38,20,39,13,10,47,0,27,2,
18:18:20,15,5,33,0,38,20,15,0,0,37,32,5,10,0,4,37,13,0,0,6,31,38,20,39,13,10,47,0,27,2,
18:18:21,15,5,33,0,38,20,15,0,0,37,32,5,10,0,4,37,13,0,0,6,31,38,20,39,13,10,47,0,27,2,
18:18:22,15,5,33,0,38,20,15,0,0,37,32,5,10,0,4,37,13,0,0,6,31,38,20,39,13,10,47,0,27,2,
18:18:23,15,5,33,0,38,20,15,0,0,37,32,5,10,0,4,37,13,0,0,6,31,38,20,39,13,10,47,0,27,2,
18:18:24,15,5,33,0,38,20,15,0,0,37,32,5,10,0,4,37,13,0,0,6,31,38,20,39,13,10,47,0,27,2,
18:18:25,15,5,33,0,38,20,15,0,0,37,32,5,10,0,4,37,13,0,0,6,31,38,20,39,13,10,47,0,27,2,
18:18:26,15,5,33,0,38,20,15,0,0,37,32,5,10,0,4,37,13,0,0,6,31,38,20,39,13,10,47,0,27,2,
18:18:27,15,5,33,0,38,20,15,0,0,37,34,5,10,0,4,37,13,0,0,6,31,38,20,39,13,10,49,0,27,2,
18:18:28,15,5,33,0,38,20,15,0,0,37,34,5,10,0,4,37,13,0,0,6,31,38,20,39,13,10,49,0,27,2,
18:18:29,15,5,33,0,38,20,15,0,0,37,34,5,10,0,4,37,13,0,0,6,31,38,20,39,13,10,49,0,27,2,
18:18:30,15,5,33,0,38,20,15,0,0,37,34,5,10,0,4,37,13,0,0,6,31,38,20,39,13,10,49,0,27,2,
18:18:31,15,5,33,0,38,20,15,0,0,37,34,5,10,0,4,37,13,0,0,6,31,38,20,39,13,10,49,0,27,2,
18:18:32,15,5,33,0,38,20,15,0,0,37,34,5,10,0,4,37,13,0,0,6,31,38,20,39,13,10,49,0,27,2,
18:18:33,15,5,33,0,38,20,15,0,0,37,34,5,10,0,4,37,13,0,0,6,31,38,20,39,13,10,49,0,27,2,
18:18:34,15,5,33,0,38,20,15,0,0,37,34,5,10,0,4,37,13,0,0,6,31,38,20,39,13,10,49,0,27,2,
18:18:35,15,5,33,0,38,20,15,0,0,37,34,5,10,0,4,37,13,0,0,6,31,38,20,39,13,10,49,0,27,2,
18:18:36,15,5,33,0,38,20,15,0,0,37,34,5,10,0,4,37,13,0,0,6,31,38,20,39,13,10,49,0,27,2,
18:18:37,15,5,33,0,38,20,15,0,0,37,34,5,10,0,4,37,13,0,0,6,31,38,20,39,13,10,49,0,27,2,
18:18:38,15,5,33,0,38,20,15,0,0,37,34,5,10,0,4,37,13,0,0,6,31,38,20,39,13,10,49,0,27,2,
18:18:39,15,5,33,0,38,20,15,0,0,37,34,5,10,0,4,37,13,0,0,6,31,38,20,39,13,10,49,0,27,2,
18:18:40,15,5,33,0,38,20,15,0,0,37,34,5,10,0,4,37,13,0,0,6,31,38,20,39,13,10,49,0,27,2,
18:18:41,15,5,33,0,38,20,15,0,0,37,34,5,10,0,4,37,13,0,0,6,31,38,20,39,13,10,49,0,27,2,
18:18:42,15,5,33,0,38,20,15,0,0,37,34,5,10,0,4,37,13,0,0,6,31,38,20,39,13,10,49,0,27,2,
18:18:43,15,5,33,0,38,20,15,0,0,37,34,5,10,0,4,37,13,0,0,6,31,38,20,39,13,10,49,0,27,2,
18:18:44,15,5,33,0,38,20,15,0,0,37,34,5,10,0,4,37,13,0,0,6,31,38,20,39,13,10,49,0,27,2,
18:18:45,15,5,33,0,38,20,15,0,0,37,34,5,10,0,4,37,13,0,0,6,31,38,20,39,13,10,49,0,27,2,
18:18:46,15,5,33,0,38,20,15,0,0,37,34,5,10,0,4,37,13,0,0,6,31,38,20,39,13,10,49,0,27,2,
18:18:47,15,5,33,0,38,20,15,0,0,37,34,5,10,0,4,37,13,0,0,6,31,38,20,39,13,10,49,0,27,2,
18:18:48,15,5,33,0,38,20,15,0,0,37,34,5,10,0,4,37,13,0,0,6,31,38,20,39,13,10,49,0,27,2,
18:18:49,15,5,33,0,38,20,15,0,0,37,34,5,10,0,4,37,13,0,0,6,31,38,20,39,13,10,49,0,27,2,
18:18:50,15,5,33,0,38,20,15,0,0,37,34,5,10,0,4,37,13,0,0,6,31,38,20,39,13,10,49,0,27,2,
18:18:51,15,5,33,0,38,20,15,0,0,37,34,5,10,0,4,37,13,0,0,6,31,38,20,39,13,10,49,0,27,2,
18:18:52,15,5,33,0,38,20,15,0,0,37,34,5,10,0,4,37,13,0,0,6,31,38,20,39,13,10,49,0,27,2,
18:18:53,15,5,33,0,38,20,15,0,0,37,34,5,10,0,4,37,13,0,0,6,31,38,20,39,13,10,49,0,27,2,
18:18:54,21,5,33,0,38,20,15,0,0,37,34,5,14,0,4,37,16,0,0,6,33,42,20,39,13,14,51,0,29,2,
18:18:55,21,5,33,0,38,20,15,0,0,37,34,5,14,0,4,37,16,0,0,6,33,42,20,39,13,14,51,0,29,2,
18:18:56,21,5,33,0,38,20,15,0,0,37,34,5,14,0,4,37,16,0,0,6,33,42,20,39,13,14,51,0,29,2,
18:18:57,21,5,33,0,38,20,15,0,0,37,34,5,14,0,4,37,16,0,0,6,33,42,20,39,13,14,51,0,29,2,
18:18:58,21,5,33,0,38,20,15,0,0,37,34,5,14,0,4,37,16,0,0,6,33,42,20,39,13,14,51,0,29,2,
18:18:59,21,5,33,0,38,20,15,0,0,37,34,5,14,0,4,37,16,0,0,6,33,42,20,39,13,14,51,0,29,2,
18:19,21,5,33,0,38,20,15,0,0,37,34,5,14,0,4,37,16,0,0,6,33,42,20,39,13,14,51,0,29,2,
18:19:01,21,5,33,0,38,20,15,0,0,37,34,5,14,0,4,37,16,0,0,6,33,42,20,39,13,14,51,0,29,2,
18:19:02,21,5,33,0,38,20,15,0,0,37,34,5,14,0,4,37,16,0,0,6,33,42,20,39,13,14,51,0,29,2,
18:19:03,21,5,33,0,38,20,15,0,0,37,34,5,14,0,4,37,16,0,0,6,33,42,20,39,13,14,51,0,29,2,
18:19:04,21,5,33,0,38,20,15,0,0,37,34,5,14,0,4,37,16,0,0,6,33,42,20,39,13,14,51,0,29,2,
18:19:05,21,5,33,0,38,20,15,0,0,37,34,5,14,0,4,37,16,0,0,6,33,42,20,39,13,14,51,0,29,2,
18:19:06,21,5,33,0,38,20,15,0,0,37,34,5,14,0,4,37,16,0,0,6,33,42,20,39,13,14,51,0,29,2,
18:19:07,21,5,33,0,38,20,15,0,0,37,34,5,14,0,4,37,16,0,0,6,33,42,20,39,13,14,51,0,29,2,
18:19:08,21,5,33,0,38,20,15,0,0,37,34,5,14,0,4,37,16,0,0,6,33,42,20,39,13,14,51,0,29,2,
18:19:09,21,5,33,0,38,20,15,0,0,37,34,5,14,0,4,37,16,0,0,6,33,42,20,39,13,14,51,0,29,2,
18:19:10,21,5,33,0,38,20,15,0,0,37,34,5,14,0,4,37,16,0,0,6,33,42,20,39,13,14,51,0,29,2,
18:19:11,21,5,33,0,38,20,15,0,0,37,34,5,14,0,4,37,16,0,0,6,33,42,20,39,13,14,51,0,29,2,
18:19:12,21,5,33,0,38,20,15,0,0,37,34,5,14,0,4,37,16,0,0,6,33,42,20,39,13,14,51,0,29,2,
18:19:13,21,5,33,0,38,20,15,0,0,37,34,5,14,0,4,37,16,0,0,6,33,42,20,39,13,14,51,0,29,2,
18:19:14,21,5,33,0,38,20,15,0,0,37,34,5,14,0,4,37,16,0,0,6,33,42,20,39,13,14,51,0,29,2,
18:19:15,21,5,33,0,38,20,15,0,0,37,34,5,14,0,4,37,16,0,0,6,33,42,20,39,13,14,51,0,29,2,
18:19:16,21,5,33,0,38,20,15,0,0,37,34,5,14,0,4,37,16,0,0,6,33,42,20,39,13,14,51,0,29,2,
18:19:17,21,5,33,0,38,20,15,0,0,37,34,5,14,0,4,37,16,0,0,6,33,42,20,39,13,14,51,0,29,2,
18:19:18,21,5,33,0,38,20,15,0,0,37,34,5,14,0,4,37,16,0,0,6,33,42,20,39,13,14,51,0,29,2,
18:19:19,21,5,33,0,38,20,15,0,0,37,34,5,14,0,4,37,16,0,0,6,33,42,20,39,13,14,51,0,29,2,
18:19:20,21,5,33,0,38,20,15,0,0,37,34,5,14,0,4,37,16,0,0,6,33,42,20,39,13,14,51,0,29,2,
18:19:21,21,5,33,0,38,20,15,0,0,37,34,5,14,0,4,37,16,0,0,6,33,42,20,39,13,14,51,0,29,2,
18:19:22,21,5,33,0,38,22,15,0,0,39,34,5,14,0,4,37,19,0,0,6,35,42,20,39,13,14,51,0,29,2,
18:19:23,21,5,33,0,38,22,15,0,0,39,34,5,14,0,4,37,19,0,0,6,35,42,20,39,13,14,51,0,29,2,
18:19:24,21,5,33,0,38,22,15,0,0,39,34,5,14,0,4,37,19,0,0,6,35,42,20,39,13,14,51,0,29,2,
18:19:25,21,5,33,0,38,22,15,0,0,39,34,5,14,0,4,37,19,0,0,6,35,42,20,39,13,14,51,0,29,2,
18:19:26,21,5,33,0,38,22,15,0,0,39,34,5,14,0,4,37,19,0,0,6,35,42,20,39,13,14,51,0,29,2,
18:19:27,21,5,33,0,38,22,15,0,0,39,34,5,14,0,4,37,19,0,0,6,35,42,20,39,13,14,51,0,29,2,
18:19:28,21,5,33,0,38,22,15,0,0,39,34,5,14,0,4,37,19,0,0,6,35,42,20,39,13,14,51,0,29,2,
18:19:29,21,5,33,0,38,22,15,0,0,39,34,5,14,0,4,37,19,0,0,6,35,42,20,39,13,14,51,0,29,2,
18:19:30,21,5,33,0,38,22,15,0,0,39,34,5,14,0,4,37,19,0,0,6,35,42,20,39,13,14,51,0,29,2,
18:19:31,21,5,33,0,38,22,15,0,0,39,34,5,14,0,4,37,19,0,0,6,35,42,20,39,13,14,51,0,29,2,
18:19:32,21,5,33,0,38,22,15,0,0,39,34,5,14,0,4,37,19,0,0,6,35,42,20,39,13,14,51,0,29,2,
18:19:33,21,5,33,0,38,22,15,0,0,39,34,5,14,0,4,37,19,0,0,6,35,42,20,39,13,14,51,0,29,2,
18:19:34,21,5,33,0,38,22,15,0,0,39,34,5,14,0,4,37,19,0,0,6,35,42,20,39,13,14,51,0,29,2,
18:19:35,21,5,33,0,38,22,15,0,0,39,34,5,14,0,4,37,19,0,0,6,35,42,20,39,13,14,51,0,29,2,
18:19:36,21,5,33,0,38,22,15,0,0,39,34,5,14,0,4,37,19,0,0,6,35,42,20,39,13,14,51,0,29,2,
18:19:37,21,5,33,0,38,22,15,0,0,39,34,5,14,0,4,37,19,0,0,6,35,42,20,39,13,14,51,0,29,2,
18:19:38,21,5,33,0,38,22,15,0,0,39,34,5,14,0,4,37,19,0,0,6,35,42,20,39,13,14,51,0,29,2,
18:19:39,21,5,33,0,38,22,15,0,0,39,34,5,14,0,4,37,19,0,0,6,35,42,20,39,13,14,51,0,29,2,
18:19:40,21,5,33,0,38,22,15,0,0,39,34,5,14,0,4,37,19,0,0,6,35,42,20,39,13,14,51,0,29,2,
18:19:41,21,5,33,0,38,22,15,0,0,39,34,5,14,0,4,37,19,0,0,6,35,42,20,39,13,14,51,0,29,2,
18:19:42,21,5,33,0,38,22,15,0,0,39,34,5,14,0,4,37,19,0,0,6,35,42,20,39,13,14,51,0,29,2,
18:19:43,21,5,33,0,38,22,15,0,0,39,34,5,14,0,4,37,19,0,0,6,35,42,20,39,13,14,51,0,29,2,
18:19:44,21,5,33,0,38,22,15,0,0,39,34,5,14,0,4,37,19,0,0,6,35,42,20,39,13,14,51,0,29,2,
18:19:45,21,5,33,0,38,22,15,0,0,39,34,5,14,0,4,37,19,0,0,6,35,42,20,39,13,14,51,0,29,2,
18:19:46,21,5,33,0,38,22,15,0,0,39,34,5,14,0,4,37,19,0,0,6,35,42,20,39,13,14,51,0,29,2,
18:19:47,21,5,33,0,38,22,15,0,0,39,34,5,14,0,4,37,19,0,0,6,35,42,20,39,13,14,51,0,29,2,
18:19:48,21,5,33,0,38,22,15,0,0,39,34,5,14,0,4,37,19,0,0,6,35,42,20,39,13,14,51,0,29,2,
18:19:49,21,5,33,0,38,22,15,0,0,39,34,5,14,0,4,37,19,0,0,6,35,42,20,39,13,14,51,0,29,2,
18:19:50,21,5,33,0,38,22,15,0,0,39,34,5,14,0,4,37,19,0,0,6,35,42,20,39,13,14,51,0,29,2,
18:19:51,21,6,37,0,38,22,15,0,0,39,34,5,16,0,4,37,21,0,0,8,35,42,20,42,13,14,53,0,29,2,
18:19:52,21,6,37,0,38,22,15,0,0,39,34,5,16,0,4,37,21,0,0,8,35,42,20,42,13,14,53,0,29,2,
18:19:53,21,6,37,0,38,22,15,0,0,39,34,5,16,0,4,37,21,0,0,8,35,42,20,42,13,14,53,0,29,2,
18:19:54,21,6,37,0,38,22,15,0,0,39,34,5,16,0,4,37,21,0,0,8,35,42,20,42,13,14,53,0,29,2,
18:19:55,21,6,37,0,38,22,15,0,0,39,34,5,16,0,4,37,21,0,0,8,35,42,20,42,13,14,53,0,29,2,
18:19:56,21,6,37,0,38,22,15,0,0,39,34,5,16,0,4,37,21,0,0,8,35,42,20,42,13,14,53,0,29,2,
18:19:57,21,6,37,0,38,22,15,0,0,39,34,5,16,0,4,37,21,0,0,8,35,42,20,42,13,14,53,0,29,2,
18:19:58,21,6,37,0,38,22,15,0,0,39,34,5,16,0,4,37,21,0,0,8,35,42,20,42,13,14,53,0,29,2,
18:19:59,21,6,37,0,38,22,15,0,0,39,34,5,16,0,4,37,21,0,0,8,35,42,20,42,13,14,53,0,29,2,
18:20,21,6,37,0,38,22,15,0,0,39,34,5,16,0,4,37,21,0,0,8,35,42,20,42,13,14,53,0,29,2,
18:20:01,21,6,37,0,38,22,15,0,0,39,34,5,16,0,4,37,21,0,0,8,35,42,20,42,13,14,53,0,29,2,
18:20:02,21,6,37,0,38,22,15,0,0,39,34,5,16,0,4,37,21,0,0,8,35,42,20,42,13,14,53,0,29,2,
18:20:03,21,6,37,0,38,22,15,0,0,39,34,5,16,0,4,37,21,0,0,8,35,42,20,42,13,14,53,0,29,2,
18:20:04,21,6,37,0,38,22,15,0,0,39,34,5,16,0,4,37,21,0,0,8,35,42,20,42,13,14,53,0,29,2,
18:20:05,21,6,37,0,38,22,15,0,0,39,34,5,16,0,4,37,21,0,0,8,35,42,20,42,13,14,53,0,29,2,
18:20:06,21,6,37,0,38,22,15,0,0,39,34,5,16,0,4,37,21,0,0,8,35,42,20,42,13,14,53,0,29,2,
18:20:07,21,6,37,0,38,22,15,0,0,39,34,5,16,0,4,37,21,0,0,8,35,42,20,42,13,14,53,0,29,2,
18:20:08,21,6,37,0,38,22,15,0,0,39,34,5,16,0,4,37,21,0,0,8,35,42,20,42,13,14,53,0,29,2,
18:20:09,21,6,37,0,38,22,15,0,0,39,34,5,16,0,4,37,21,0,0,8,35,42,20,42,13,14,53,0,29,2,
18:20:10,21,6,37,0,38,22,15,0,0,39,34,5,16,0,4,37,21,0,0,8,35,42,20,42,13,14,53,0,29,2,
18:20:11,21,6,37,0,38,22,15,0,0,39,34,5,16,0,4,37,21,0,0,8,35,42,20,42,13,14,53,0,29,2,
18:20:12,21,6,37,0,38,22,15,0,0,39,34,5,16,0,4,37,21,0,0,8,35,42,20,42,13,14,53,0,29,2,
18:20:13,21,6,37,0,38,22,15,0,0,39,34,5,16,0,4,37,21,0,0,8,35,42,20,42,13,14,53,0,29,2,
18:20:14,21,6,37,0,38,22,15,0,0,39,34,5,16,0,4,37,21,0,0,8,35,42,20,42,13,14,53,0,29,2,
18:20:15,21,6,37,0,38,22,15,0,0,39,34,5,16,0,4,37,21,0,0,8,35,42,20,42,13,14,53,0,29,2,
18:20:16,21,6,37,0,38,22,15,0,0,39,34,5,16,0,4,37,21,0,0,8,35,42,20,42,13,14,53,0,29,2,
18:20:17,21,6,37,0,38,22,15,0,0,39,34,5,16,0,4,37,21,0,0,8,35,42,20,42,13,14,53,0,29,2,
18:20:18,21,6,37,0,38,22,15,0,0,39,34,5,16,0,4,37,21,0,0,8,35,42,20,42,13,14,53,0,29,2,
18:20:19,24,6,37,0,38,22,15,0,0,39,34,5,16,0,4,38,23,0,0,8,37,43,20,42,13,14,53,0,31,2,
18:20:20,24,6,37,0,38,22,15,0,0,39,34,5,16,0,4,38,23,0,0,8,37,43,20,42,13,14,53,0,31,2,
18:20:21,24,6,37,0,38,22,15,0,0,39,34,5,16,0,4,38,23,0,0,8,37,43,20,42,13,14,53,0,31,2,
18:20:22,24,6,37,0,38,22,15,0,0,39,34,5,16,0,4,38,23,0,0,8,37,43,20,42,13,14,53,0,31,2,
18:20:23,24,6,37,0,38,22,15,0,0,39,34,5,16,0,4,38,23,0,0,8,37,43,20,42,13,14,53,0,31,2,
18:20:24,24,6,37,0,38,22,15,0,0,39,34,5,16,0,4,38,23,0,0,8,37,43,20,42,13,14,53,0,31,2,
18:20:25,24,6,37,0,38,22,15,0,0,39,34,5,16,0,4,38,23,0,0,8,37,43,20,42,13,14,53,0,31,2,
18:20:26,24,6,37,0,38,22,15,0,0,39,34,5,16,0,4,38,23,0,0,8,37,43,20,42,13,14,53,0,31,2,
18:20:27,24,6,37,0,38,22,15,0,0,39,34,5,16,0,4,38,23,0,0,8,37,43,20,42,13,14,53,0,31,2,
18:20:28,24,6,37,0,38,22,15,0,0,39,34,5,16,0,4,38,23,0,0,8,37,43,20,42,13,14,53,0,31,2,
18:20:29,24,6,37,0,38,22,15,0,0,39,34,5,16,0,4,38,23,0,0,8,37,43,20,42,13,14,53,0,31,2,
18:20:30,24,6,37,0,38,22,15,0,0,39,34,5,16,0,4,38,23,0,0,8,37,43,20,42,13,14,53,0,31,2,
18:20:31,24,6,37,0,38,22,15,0,0,39,34,5,16,0,4,38,23,0,0,8,37,43,20,42,13,14,53,0,31,2,
18:20:32,24,6,37,0,38,22,15,0,0,39,34,5,16,0,4,38,23,0,0,8,37,43,20,42,13,14,53,0,31,2,
18:20:33,24,6,37,0,38,22,15,0,0,39,34,5,16,0,4,38,23,0,0,8,37,43,20,42,13,14,53,0,31,2,
18:20:34,24,6,37,0,38,22,15,0,0,39,34,5,16,0,4,38,23,0,0,8,37,43,20,42,13,14,53,0,31,2,
18:20:35,24,6,37,0,38,22,15,0,0,39,34,5,16,0,4,38,23,0,0,8,37,43,20,42,13,14,53,0,31,2,
18:20:36,24,6,37,0,38,22,15,0,0,39,34,5,16,0,4,38,23,0,0,8,37,43,20,42,13,14,53,0,31,2,
18:20:37,24,6,37,0,38,22,15,0,0,39,34,5,16,0,4,38,23,0,0,8,37,43,20,42,13,14,53,0,31,2,
18:20:38,24,6,37,0,38,22,15,0,0,39,34,5,16,0,4,38,23,0,0,8,37,43,20,42,13,14,53,0,31,2,
18:20:39,24,6,37,0,38,22,15,0,0,39,34,5,16,0,4,38,23,0,0,8,37,43,20,42,13,14,53,0,31,2,
18:20:40,24,6,37,0,38,22,15,0,0,39,34,5,16,0,4,38,23,0,0,8,37,43,20,42,13,14,53,0,31,2,
18:20:41,24,6,37,0,38,22,15,0,0,39,34,5,16,0,4,38,23,0,0,8,37,43,20,42,13,14,53,0,31,2,
18:20:42,24,6,37,0,38,22,15,0,0,39,34,5,16,0,4,38,23,0,0,8,37,43,20,42,13,14,53,0,31,2,
18:20:43,24,6,37,0,38,22,15,0,0,39,34,5,16,0,4,38,23,0,0,8,37,43,20,42,13,14,53,0,31,2,
18:20:44,24,6,37,0,38,22,15,0,0,39,34,5,16,0,4,38,23,0,0,8,37,43,20,42,13,14,53,0,31,2,
18:20:45,24,6,37,0,38,22,15,0,0,39,34,5,16,0,4,38,23,0,0,8,37,43,20,42,13,14,53,0,31,2,
18:20:46,24,6,37,0,38,22,15,0,0,39,34,5,16,0,4,38,23,0,0,8,37,43,20,42,13,14,53,0,31,2,
18:20:47,24,6,37,0,38,22,15,0,0,39,34,5,16,0,4,38,23,0,0,8,37,43,20,42,13,14,53,0,31,2,
18:20:48,24,6,37,0,38,22,15,0,0,39,34,5,16,0,4,38,23,0,0,8,37,43,20,42,13,14,53,0,31,2,
18:20:49,24,6,39,0,40,22,17,0,0,45,34,5,16,0,4,42,25,0,0,8,37,43,20,42,14,14,53,0,31,2,
18:20:50,24,6,39,0,40,22,17,0,0,45,34,5,16,0,4,42,25,0,0,8,37,43,20,42,14,14,53,0,31,2,
18:20:51,24,6,39,0,40,22,17,0,0,45,34,5,16,0,4,42,25,0,0,8,37,43,20,42,14,14,53,0,31,2,
18:20:52,24,6,39,0,40,22,17,0,0,45,34,5,16,0,4,42,25,0,0,8,37,43,20,42,14,14,53,0,31,2,
18:20:53,24,6,39,0,40,22,17,0,0,45,34,5,16,0,4,42,25,0,0,8,37,43,20,42,14,14,53,0,31,2,
18:20:54,24,6,39,0,40,22,17,0,0,45,34,5,16,0,4,42,25,0,0,8,37,43,20,42,14,14,53,0,31,2,
18:20:55,24,6,39,0,40,22,17,0,0,45,34,5,16,0,4,42,25,0,0,8,37,43,20,42,14,14,53,0,31,2,
18:20:56,24,6,39,0,40,22,17,0,0,45,34,5,16,0,4,42,25,0,0,8,37,43,20,42,14,14,53,0,31,2,
18:20:57,24,6,39,0,40,22,17,0,0,45,34,5,16,0,4,42,25,0,0,8,37,43,20,42,14,14,53,0,31,2,
18:20:58,24,6,39,0,40,22,17,0,0,45,34,5,16,0,4,42,25,0,0,8,37,43,20,42,14,14,53,0,31,2,
18:20:59,24,6,39,0,40,22,17,0,0,45,34,5,16,0,4,42,25,0,0,8,37,43,20,42,14,14,53,0,31,2,
18:21,24,6,39,0,40,22,17,0,0,45,34,5,16,0,4,42,25,0,0,8,37,43,20,42,14,14,53,0,31,2,
18:21:01,24,6,39,0,40,22,17,0,0,45,34,5,16,0,4,42,25,0,0,8,37,43,20,42,14,14,53,0,31,2,
18:21:02,24,6,39,0,40,22,17,0,0,45,34,5,16,0,4,42,25,0,0,8,37,43,20,42,14,14,53,0,31,2,
18:21:03,24,6,39,0,40,22,17,0,0,45,34,5,16,0,4,42,25,0,0,8,37,43,20,42,14,14,53,0,31,2,
18:21:04,24,6,39,0,40,22,17,0,0,45,34,5,16,0,4,42,25,0,0,8,37,43,20,42,14,14,53,0,31,2,
18:21:05,24,6,39,0,40,22,17,0,0,45,34,5,16,0,4,42,25,0,0,8,37,43,20,42,14,14,53,0,31,2,
18:21:06,24,6,39,0,40,22,17,0,0,45,34,5,16,0,4,42,25,0,0,8,37,43,20,42,14,14,53,0,31,2,
18:21:07,24,6,39,0,40,22,17,0,0,45,34,5,16,0,4,42,25,0,0,8,37,43,20,42,14,14,53,0,31,2,
18:21:08,24,6,39,0,40,22,17,0,0,45,34,5,16,0,4,42,25,0,0,8,37,43,20,42,14,14,53,0,31,2,
18:21:09,24,6,39,0,40,22,17,0,0,45,34,5,16,0,4,42,25,0,0,8,37,43,20,42,14,14,53,0,31,2,
18:21:10,24,6,39,0,40,22,17,0,0,45,34,5,16,0,4,42,25,0,0,8,37,43,20,42,14,14,53,0,31,2,
18:21:11,24,6,39,0,40,22,17,0,0,45,34,5,16,0,4,42,25,0,0,8,37,43,20,42,14,14,53,0,31,2,
18:21:12,24,6,39,0,40,22,17,0,0,45,34,5,16,0,4,42,25,0,0,8,37,43,20,42,14,14,53,0,31,2,
18:21:13,24,6,39,0,40,22,17,0,0,45,34,5,16,0,4,42,25,0,0,8,37,43,20,42,14,14,53,0,31,2,
18:21:14,24,6,39,0,40,22,17,0,0,45,34,5,16,0,4,42,25,0,0,8,37,43,20,42,14,14,53,0,31,2,
18:21:15,24,6,39,0,40,22,17,0,0,45,34,5,16,0,4,42,25,0,0,8,37,43,20,42,14,14,53,0,31,2,
18:21:16,24,6,39,0,40,22,17,0,0,45,34,5,16,0,4,42,25,0,0,8,37,43,20,42,14,14,53,0,31,2,
18:21:17,24,6,39,0,40,22,17,0,0,45,34,5,16,0,4,42,25,0,0,8,37,43,20,42,14,14,53,0,31,2,
18:21:18,24,6,39,0,40,22,17,0,0,45,34,5,16,0,4,42,25,0,0,8,37,43,20,42,14,14,56,0,31,2,
18:21:19,24,6,39,0,40,22,17,0,0,45,34,5,16,0,4,42,25,0,0,8,37,43,20,42,14,14,56,0,31,2,
18:21:20,24,6,39,0,40,22,17,0,0,45,34,5,16,0,4,42,25,0,0,8,37,43,20,42,14,14,56,0,31,2,
18:21:21,24,6,39,0,40,22,17,0,0,45,34,5,16,0,4,42,25,0,0,8,37,43,20,42,14,14,56,0,31,2,
18:21:22,24,6,39,0,40,22,17,0,0,45,34,5,16,0,4,42,25,0,0,8,37,43,20,42,14,14,56,0,31,2,
18:21:23,24,6,39,0,40,22,17,0,0,45,34,5,16,0,4,42,25,0,0,8,37,43,20,42,14,14,56,0,31,2,
18:21:24,24,6,39,0,40,22,17,0,0,45,34,5,16,0,4,42,25,0,0,8,37,43,20,42,14,14,56,0,31,2,
18:21:25,24,6,39,0,40,22,17,0,0,45,34,5,16,0,4,42,25,0,0,8,37,43,20,42,14,14,56,0,31,2,
18:21:26,24,6,39,0,40,22,17,0,0,45,34,5,16,0,4,42,25,0,0,8,37,43,20,42,14,14,56,0,31,2,
18:21:27,24,6,39,0,40,22,17,0,0,45,34,5,16,0,4,42,25,0,0,8,37,43,20,42,14,14,56,0,31,2,
18:21:28,24,6,39,0,40,22,17,0,0,45,34,5,16,0,4,42,25,0,0,8,37,43,20,42,14,14,56,0,31,2,
18:21:29,24,6,39,0,40,22,17,0,0,45,34,5,16,0,4,42,25,0,0,8,37,43,20,42,14,14,56,0,31,2,
18:21:30,24,6,39,0,40,22,17,0,0,45,34,5,16,0,4,42,25,0,0,8,37,43,20,42,14,14,56,0,31,2,
18:21:31,24,6,39,0,40,22,17,0,0,45,34,5,16,0,4,42,25,0,0,8,37,43,20,42,14,14,56,0,31,2,
18:21:32,24,6,39,0,40,22,17,0,0,45,34,5,16,0,4,42,25,0,0,8,37,43,20,42,14,14,56,0,31,2,
18:21:33,24,6,39,0,40,22,17,0,0,45,34,5,16,0,4,42,25,0,0,8,37,43,20,42,14,14,56,0,31,2,
18:21:34,24,6,39,0,40,22,17,0,0,45,34,5,16,0,4,42,25,0,0,8,37,43,20,42,14,14,56,0,31,2,
18:21:35,24,6,39,0,40,22,17,0,0,45,34,5,16,0,4,42,25,0,0,8,37,43,20,42,14,14,56,0,31,2,
18:21:36,24,6,39,0,40,22,17,0,0,45,34,5,16,0,4,42,25,0,0,8,37,43,20,42,14,14,56,0,31,2,
18:21:37,24,6,39,0,40,22,17,0,0,45,34,5,16,0,4,42,25,0,0,8,37,43,20,42,14,14,56,0,31,2,
18:21:38,24,6,39,0,40,22,17,0,0,45,34,5,16,0,4,42,25,0,0,8,37,43,20,42,14,14,56,0,31,2,
18:21:39,24,6,39,0,40,22,17,0,0,45,34,5,16,0,4,42,25,0,0,8,37,43,20,42,14,14,56,0,31,2,
18:21:40,24,6,39,0,40,22,17,0,0,45,34,5,16,0,4,42,25,0,0,8,37,43,20,42,14,14,56,0,31,2,
18:21:41,24,6,39,0,40,22,17,0,0,45,34,5,16,0,4,42,25,0,0,8,37,43,20,42,14,14,56,0,31,2,
18:21:42,24,6,39,0,40,22,17,0,0,45,34,5,16,0,4,42,25,0,0,8,37,43,20,42,14,14,56,0,31,2,
18:21:43,24,6,39,0,40,22,17,0,0,45,34,5,16,0,4,42,25,0,0,8,37,43,20,42,14,14,56,0,31,2,
18:21:44,24,6,39,0,40,22,17,0,0,45,34,5,16,0,4,42,25,0,0,8,37,43,20,42,14,14,56,0,31,2,
18:21:45,24,6,39,0,40,22,17,0,0,45,34,5,16,0,4,42,25,0,0,8,37,43,20,42,14,14,56,0,31,2,
18:21:46,24,6,39,0,40,22,17,0,0,45,34,5,16,0,4,42,25,0,0,8,37,43,20,42,14,14,56,0,31,2,
18:21:47,24,6,41,0,41,22,17,0,0,45,34,5,16,0,4,42,25,0,0,8,37,47,20,42,14,14,56,0,31,4,
18:21:48,24,6,41,0,41,22,17,0,0,45,34,5,16,0,4,42,25,0,0,8,37,47,20,42,14,14,56,0,31,4,
18:21:49,24,6,41,0,41,22,17,0,0,45,34,5,16,0,4,42,25,0,0,8,37,47,20,42,14,14,56,0,31,4,
18:21:50,24,6,41,0,41,22,17,0,0,45,34,5,16,0,4,42,25,0,0,8,37,47,20,42,14,14,56,0,31,4,
18:21:51,24,6,41,0,41,22,17,0,0,45,34,5,16,0,4,42,25,0,0,8,37,47,20,42,14,14,56,0,31,4,
18:21:52,24,6,41,0,41,22,17,0,0,45,34,5,16,0,4,42,25,0,0,8,37,47,20,42,14,14,56,0,31,4,
18:21:53,24,6,41,0,41,22,17,0,0,45,34,5,16,0,4,42,25,0,0,8,37,47,20,42,14,14,56,0,31,4,
18:21:54,24,6,41,0,41,22,17,0,0,45,34,5,16,0,4,42,25,0,0,8,37,47,20,42,14,14,56,0,31,4,
18:21:55,24,6,41,0,41,22,17,0,0,45,34,5,16,0,4,42,25,0,0,8,37,47,20,42,14,14,56,0,31,4,
18:21:56,24,6,41,0,41,22,17,0,0,45,34,5,16,0,4,42,25,0,0,8,37,47,20,42,14,14,56,0,31,4,
18:21:57,24,6,41,0,41,22,17,0,0,45,34,5,16,0,4,42,25,0,0,8,37,47,20,42,14,14,56,0,31,4,
18:21:58,24,6,41,0,41,22,17,0,0,45,34,5,16,0,4,42,25,0,0,8,37,47,20,42,14,14,56,0,31,4,
18:21:59,24,6,41,0,41,22,17,0,0,45,34,5,16,0,4,42,25,0,0,8,37,47,20,42,14,14,56,0,31,4,
18:22,24,6,41,0,41,22,17,0,0,45,34,5,16,0,4,42,25,0,0,8,37,47,20,42,14,14,56,0,31,4,
18:22:01,24,6,41,0,41,22,17,0,0,45,34,5,16,0,4,42,25,0,0,8,37,47,20,42,14,14,56,0,31,4,
18:22:02,24,6,41,0,41,22,17,0,0,45,34,5,16,0,4,42,25,0,0,8,37,47,20,42,14,14,56,0,31,4,
18:22:03,24,6,41,0,41,22,17,0,0,45,34,5,16,0,4,42,25,0,0,8,37,47,20,42,14,14,56,0,31,4,
18:22:04,24,6,41,0,41,22,17,0,0,45,34,5,16,0,4,42,25,0,0,8,37,47,20,42,14,14,56,0,31,4,
18:22:05,24,6,41,0,41,22,17,0,0,45,34,5,16,0,4,42,25,0,0,8,37,47,20,42,14,14,56,0,31,4,
18:22:06,24,6,41,0,41,22,17,0,0,45,34,5,16,0,4,42,25,0,0,8,37,47,20,42,14,14,56,0,31,4,
18:22:07,24,6,41,0,41,22,17,0,0,45,34,5,16,0,4,42,25,0,0,8,37,47,20,42,14,14,56,0,31,4,
18:22:08,24,6,41,0,41,22,17,0,0,45,34,5,16,0,4,42,25,0,0,8,37,47,20,42,14,14,56,0,31,4,
18:22:09,24,6,41,0,41,22,17,0,0,45,34,5,16,0,4,42,25,0,0,8,37,47,20,42,14,14,56,0,31,4,
18:22:10,24,6,41,0,41,22,17,0,0,45,34,5,16,0,4,42,25,0,0,8,37,47,20,42,14,14,56,0,31,4,
18:22:11,24,6,41,0,41,22,17,0,0,45,34,5,16,0,4,42,25,0,0,8,37,47,20,42,14,14,56,0,31,4,
18:22:12,24,6,41,0,41,22,17,0,0,45,34,5,16,0,4,42,25,0,0,8,37,47,20,42,14,14,56,0,31,4,
18:22:13,24,6,41,0,41,22,17,0,0,45,34,5,16,0,4,42,25,0,0,8,37,47,20,42,14,14,56,0,31,4,
18:22:14,24,6,41,0,41,22,17,0,0,45,34,5,16,0,4,42,25,0,0,8,37,47,20,42,14,14,56,0,31,4,
18:22:15,24,6,45,0,41,22,19,0,0,45,36,5,16,0,4,46,25,0,0,8,37,47,20,44,15,14,56,0,33,4,
18:22:16,24,6,45,0,41,22,19,0,0,45,36,5,16,0,4,46,25,0,0,8,37,47,20,44,15,14,56,0,33,4,
18:22:17,24,6,45,0,41,22,19,0,0,45,36,5,16,0,4,46,25,0,0,8,37,47,20,44,15,14,56,0,33,4,
18:22:18,24,6,45,0,41,22,19,0,0,45,36,5,16,0,4,46,25,0,0,8,37,47,20,44,15,14,56,0,33,4,
18:22:19,24,6,45,0,41,22,19,0,0,45,36,5,16,0,4,46,25,0,0,8,37,47,20,44,15,14,56,0,33,4,
18:22:20,24,6,45,0,41,22,19,0,0,45,36,5,16,0,4,46,25,0,0,8,37,47,20,44,15,14,56,0,33,4,
18:22:21,24,6,45,0,41,22,19,0,0,45,36,5,16,0,4,46,25,0,0,8,37,47,20,44,15,14,56,0,33,4,
18:22:22,24,6,45,0,41,22,19,0,0,45,36,5,16,0,4,46,25,0,0,8,37,47,20,44,15,14,56,0,33,4,
18:22:23,24,6,45,0,41,22,19,0,0,45,36,5,16,0,4,46,25,0,0,8,37,47,20,44,15,14,56,0,33,4,
18:22:24,24,6,45,0,41,22,19,0,0,45,36,5,16,0,4,46,25,0,0,8,37,47,20,44,15,14,56,0,33,4,
18:22:25,24,6,45,0,41,22,19,0,0,45,36,5,16,0,4,46,25,0,0,8,37,47,20,44,15,14,56,0,33,4,
18:22:26,24,6,45,0,41,22,19,0,0,45,36,5,16,0,4,46,25,0,0,8,37,47,20,44,15,14,56,0,33,4,
18:22:27,24,6,45,0,41,22,19,0,0,45,36,5,16,0,4,46,25,0,0,8,37,47,20,44,15,14,56,0,33,4,
18:22:28,24,6,45,0,41,22,19,0,0,45,36,5,16,0,4,46,25,0,0,8,37,47,20,44,15,14,56,0,33,4,
18:22:29,24,6,45,0,41,22,19,0,0,45,36,5,16,0,4,46,25,0,0,8,37,47,20,44,15,14,56,0,33,4,
18:22:30,24,6,45,0,41,22,19,0,0,45,36,5,16,0,4,46,25,0,0,8,37,47,20,44,15,14,56,0,33,4,
18:22:31,24,6,45,0,41,22,19,0,0,45,36,5,16,0,4,46,25,0,0,8,37,47,20,44,15,14,56,0,33,4,
18:22:32,24,6,45,0,41,22,19,0,0,45,36,5,16,0,4,46,25,0,0,8,37,47,20,44,15,14,56,0,33,4,
18:22:33,24,6,45,0,41,22,19,0,0,45,36,5,16,0,4,46,25,0,0,8,37,47,20,44,15,14,56,0,33,4,
18:22:34,24,6,45,0,41,22,19,0,0,45,36,5,16,0,4,46,25,0,0,8,37,47,20,44,15,14,56,0,33,4,
18:22:35,24,6,45,0,41,22,19,0,0,45,36,5,16,0,4,46,25,0,0,8,37,47,20,44,15,14,56,0,33,4,
18:22:36,24,6,45,0,41,22,19,0,0,45,36,5,16,0,4,46,25,0,0,8,37,47,20,44,15,14,56,0,33,4,
18:22:37,24,6,45,0,41,22,19,0,0,45,36,5,16,0,4,46,25,0,0,8,37,47,20,44,15,14,56,0,33,4,
18:22:38,24,6,45,0,41,22,19,0,0,45,36,5,16,0,4,46,25,0,0,8,37,47,20,44,15,14,56,0,33,4,
18:22:39,24,6,45,0,41,22,19,0,0,45,36,5,16,0,4,46,25,0,0,8,37,47,20,44,15,14,56,0,33,4,
18:22:40,24,6,45,0,41,22,19,0,0,45,36,5,16,0,4,46,25,0,0,8,37,47,20,44,15,14,56,0,33,4,
18:22:41,24,6,48,0,45,22,19,0,0,45,38,5,16,0,4,48,25,0,0,8,37,49,20,44,15,17,56,0,33,4,
18:22:42,24,6,48,0,45,22,19,0,0,45,38,5,16,0,4,48,25,0,0,8,37,49,20,44,15,17,56,0,33,4,
18:22:43,24,6,48,0,45,22,19,0,0,45,38,5,16,0,4,48,25,0,0,8,37,49,20,44,15,17,56,0,33,4,
18:22:44,24,6,48,0,45,22,19,0,0,45,38,5,16,0,4,48,25,0,0,8,37,49,20,44,15,17,56,0,33,4,
18:22:45,24,6,48,0,45,22,19,0,0,45,38,5,16,0,4,48,25,0,0,8,37,49,20,44,15,17,56,0,33,4,
18:22:46,24,6,48,0,45,22,19,0,0,45,38,5,16,0,4,48,25,0,0,8,37,49,20,44,15,17,56,0,33,4,
18:22:47,24,6,48,0,45,22,19,0,0,45,38,5,16,0,4,48,25,0,0,8,37,49,20,44,15,17,56,0,33,4,
18:22:48,24,6,48,0,45,22,19,0,0,45,38,5,16,0,4,48,25,0,0,8,37,49,20,44,15,17,56,0,33,4,
18:22:49,24,6,48,0,45,22,19,0,0,45,38,5,16,0,4,48,25,0,0,8,37,49,20,44,15,17,56,0,33,4,
18:22:50,24,6,48,0,45,22,19,0,0,45,38,5,16,0,4,48,25,0,0,8,37,49,20,44,15,17,56,0,33,4,
18:22:51,24,6,48,0,45,22,19,0,0,45,38,5,16,0,4,48,25,0,0,8,37,49,20,44,15,17,56,0,33,4,
18:22:52,24,6,48,0,45,22,19,0,0,45,38,5,16,0,4,48,25,0,0,8,37,49,20,44,15,17,56,0,33,4,
18:22:53,24,6,48,0,45,22,19,0,0,45,38,5,16,0,4,48,25,0,0,8,37,49,20,44,15,17,56,0,33,4,
18:22:54,24,6,48,0,45,22,19,0,0,45,38,5,16,0,4,48,25,0,0,8,37,49,20,44,15,17,56,0,33,4,
18:22:55,24,6,48,0,45,22,19,0,0,45,38,5,16,0,4,48,25,0,0,8,37,49,20,44,15,17,56,0,33,4,
18:22:56,24,6,48,0,45,22,19,0,0,45,38,5,16,0,4,48,25,0,0,8,37,49,20,44,15,17,56,0,33,4,
18:22:57,24,6,48,0,45,22,19,0,0,45,38,5,16,0,4,48,25,0,0,8,37,49,20,44,15,17,56,0,33,4,
18:22:58,24,6,48,0,45,22,19,0,0,45,38,5,16,0,4,48,25,0,0,8,37,49,20,44,15,17,56,0,33,4,
18:22:59,24,6,48,0,45,22,19,0,0,45,38,5,16,0,4,48,25,0,0,8,37,49,20,44,15,17,56,0,33,4,
18:23,24,6,48,0,45,22,19,0,0,45,38,5,16,0,4,48,25,0,0,8,37,49,20,44,15,17,56,0,33,4,
18:23:01,24,6,48,0,45,22,19,0,0,45,38,5,16,0,4,48,25,0,0,8,37,49,20,44,15,17,56,0,33,4,
18:23:02,24,6,48,0,45,22,19,0,0,45,38,5,16,0,4,48,25,0,0,8,37,49,20,44,15,17,56,0,33,4,
18:23:03,24,6,48,0,45,22,19,0,0,45,38,5,16,0,4,48,25,0,0,8,37,49,20,44,15,17,56,0,33,4,
18:23:04,24,6,48,0,45,22,19,0,0,45,38,5,16,0,4,48,25,0,0,8,37,49,20,44,15,17,56,0,33,4,
18:23:05,24,6,48,0,45,22,19,0,0,45,38,5,16,0,4,48,25,0,0,8,37,49,20,44,15,17,56,0,33,4,
18:23:06,24,6,48,0,45,22,19,0,0,45,38,5,16,0,4,48,25,0,0,8,37,49,20,44,15,17,56,0,33,4,
18:23:07,24,6,48,0,45,22,19,0,0,45,38,5,16,0,4,48,25,0,0,8,37,49,20,44,15,17,56,0,33,4,
18:23:08,24,6,48,0,47,22,19,0,0,45,38,9,16,0,4,48,25,0,0,8,39,49,26,44,15,17,64,0,33,4,
18:23:09,24,6,48,0,47,22,19,0,0,45,38,9,16,0,4,48,25,0,0,8,39,49,26,44,15,17,64,0,33,4,
18:23:10,24,6,48,0,47,22,19,0,0,45,38,9,16,0,4,48,25,0,0,8,39,49,26,44,15,17,64,0,33,4,
18:23:11,24,6,48,0,47,22,19,0,0,45,38,9,16,0,4,48,25,0,0,8,39,49,26,44,15,17,64,0,33,4,
18:23:12,24,6,48,0,47,22,19,0,0,45,38,9,16,0,4,48,25,0,0,8,39,49,26,44,15,17,64,0,33,4,
18:23:13,24,6,48,0,47,22,19,0,0,45,38,9,16,0,4,48,25,0,0,8,39,49,26,44,15,17,64,0,33,4,
18:23:14,24,6,48,0,47,22,19,0,0,45,38,9,16,0,4,48,25,0,0,8,39,49,26,44,15,17,64,0,33,4,
18:23:15,24,6,48,0,47,22,19,0,0,45,38,9,16,0,4,48,25,0,0,8,39,49,26,44,15,17,64,0,33,4,
18:23:16,24,6,48,0,47,22,19,0,0,45,38,9,16,0,4,48,25,0,0,8,39,49,26,44,15,17,64,0,33,4,
18:23:17,24,6,48,0,47,22,19,0,0,45,38,9,16,0,4,48,25,0,0,8,39,49,26,44,15,17,64,0,33,4,
18:23:18,24,6,48,0,47,22,19,0,0,45,38,9,16,0,4,48,25,0,0,8,39,49,26,44,15,17,64,0,33,4,
18:23:19,24,6,48,0,47,22,19,0,0,45,38,9,16,0,4,48,25,0,0,8,39,49,26,44,15,17,64,0,33,4,
18:23:20,24,6,48,0,47,22,19,0,0,45,38,9,16,0,4,48,25,0,0,8,39,49,26,44,15,17,64,0,33,4,
18:23:21,24,6,48,0,47,22,19,0,0,45,38,9,16,0,4,48,25,0,0,8,39,49,26,44,15,17,64,0,33,4,
18:23:22,24,6,48,0,47,22,19,0,0,45,38,9,16,0,4,48,25,0,0,8,39,49,26,44,15,17,64,0,33,4,
18:23:23,24,6,48,0,47,22,19,0,0,45,38,9,16,0,4,48,25,0,0,8,39,49,26,44,15,17,64,0,33,4,
18:23:24,24,6,48,0,47,22,19,0,0,45,38,9,16,0,4,48,25,0,0,8,39,49,26,44,15,17,64,0,33,4,
18:23:25,24,6,48,0,47,22,19,0,0,45,38,9,16,0,4,48,25,0,0,8,39,49,26,44,15,17,64,0,33,4,
18:23:26,24,6,48,0,47,22,19,0,0,45,38,9,16,0,4,48,25,0,0,8,39,49,26,44,15,17,64,0,33,4,
18:23:27,24,6,48,0,47,22,19,0,0,45,38,9,16,0,4,48,25,0,0,8,39,49,26,44,15,17,64,0,33,4,
18:23:28,24,6,48,0,47,22,19,0,0,45,38,9,16,0,4,48,25,0,0,8,39,49,26,44,15,17,64,0,33,4,
18:23:29,24,6,48,0,47,22,19,0,0,45,38,9,16,0,4,48,25,0,0,8,39,49,26,44,15,17,64,0,33,4,
18:23:30,24,6,48,0,47,22,19,0,0,45,38,9,16,0,4,48,25,0,0,8,39,49,26,44,15,17,64,0,33,4,
18:23:31,24,6,48,0,47,22,19,0,0,45,38,9,16,0,4,48,25,0,0,8,39,49,26,44,15,17,64,0,33,4,
18:23:32,24,6,48,0,47,22,19,0,0,45,38,9,16,0,4,48,25,0,0,8,39,49,26,44,15,17,64,0,33,4,
18:23:33,24,6,48,0,47,22,19,0,0,45,38,9,16,0,4,48,25,0,0,8,39,49,26,44,15,17,64,0,33,4,
18:23:34,24,6,48,0,47,22,19,0,0,45,38,9,16,0,4,48,25,0,0,8,39,49,26,44,15,17,64,0,33,4,
18:23:35,24,6,48,0,47,22,19,0,0,45,38,9,16,0,4,48,25,0,0,8,39,49,26,44,15,17,64,0,33,4,
18:23:36,24,6,48,0,49,22,21,0,0,45,38,9,16,0,4,48,25,0,0,8,39,51,26,44,16,17,64,0,33,4,
18:23:37,24,6,48,0,49,22,21,0,0,45,38,9,16,0,4,48,25,0,0,8,39,51,26,44,16,17,64,0,33,4,
18:23:38,24,6,48,0,49,22,21,0,0,45,38,9,16,0,4,48,25,0,0,8,39,51,26,44,16,17,64,0,33,4,
18:23:39,24,6,48,0,49,22,21,0,0,45,38,9,16,0,4,48,25,0,0,8,39,51,26,44,16,17,64,0,33,4,
18:23:40,24,6,48,0,49,22,21,0,0,45,38,9,16,0,4,48,25,0,0,8,39,51,26,44,16,17,64,0,33,4,
18:23:41,24,6,48,0,49,22,21,0,0,45,38,9,16,0,4,48,25,0,0,8,39,51,26,44,16,17,64,0,33,4,
18:23:42,24,6,48,0,49,22,21,0,0,45,38,9,16,0,4,48,25,0,0,8,39,51,26,44,16,17,64,0,33,4,
18:23:43,24,6,48,0,49,22,21,0,0,45,38,9,16,0,4,48,25,0,0,8,39,51,26,44,16,17,64,0,33,4,
18:23:44,24,6,48,0,49,22,21,0,0,45,38,9,16,0,4,48,25,0,0,8,39,51,26,44,16,17,64,0,33,4,
18:23:45,24,6,48,0,49,22,21,0,0,45,38,9,16,0,4,48,25,0,0,8,39,51,26,44,16,17,64,0,33,4,
18:23:46,24,6,48,0,49,22,21,0,0,45,38,9,16,0,4,48,25,0,0,8,39,51,26,44,16,17,64,0,33,4,
18:23:47,24,6,48,0,49,22,21,0,0,45,38,9,16,0,4,48,25,0,0,8,39,51,26,44,16,17,64,0,33,4,
18:23:48,24,6,48,0,49,22,21,0,0,45,38,9,16,0,4,48,25,0,0,8,39,51,26,44,16,17,64,0,33,4,
18:23:49,24,6,48,0,49,22,21,0,0,45,38,9,16,0,4,48,25,0,0,8,39,51,26,44,16,17,64,0,33,4,
18:23:50,24,6,48,0,49,22,21,0,0,45,38,9,16,0,4,48,25,0,0,8,39,51,26,44,16,17,64,0,33,4,
18:23:51,24,6,48,0,49,22,21,0,0,45,38,9,16,0,4,48,25,0,0,8,39,51,26,44,16,17,64,0,33,4,
18:23:52,24,6,48,0,49,22,21,0,0,45,38,9,16,0,4,48,25,0,0,8,39,51,26,44,16,17,64,0,33,4,
18:23:53,24,6,48,0,49,22,21,0,0,45,38,9,16,0,4,48,25,0,0,8,39,51,26,44,16,17,64,0,33,4,
18:23:54,24,6,48,0,49,22,21,0,0,45,38,9,16,0,4,48,25,0,0,8,39,51,26,44,16,17,64,0,33,4,
18:23:55,24,6,48,0,49,22,21,0,0,45,38,9,16,0,4,48,25,0,0,8,39,51,26,44,16,17,64,0,33,4,
18:23:56,24,6,48,0,49,22,21,0,0,45,38,9,16,0,4,48,25,0,0,8,39,51,26,44,16,17,64,0,33,4,
18:23:57,24,6,48,0,49,22,21,0,0,45,38,9,16,0,4,48,25,0,0,8,39,51,26,44,16,17,64,0,33,4,
18:23:58,24,6,48,0,49,22,21,0,0,45,38,9,16,0,4,48,25,0,0,8,39,51,26,44,16,17,64,0,33,4,
18:23:59,24,6,48,0,49,22,21,0,0,45,38,9,16,0,4,48,25,0,0,8,39,51,26,44,16,17,64,0,33,4,
18:24,24,6,48,0,49,22,21,0,0,45,38,9,16,0,4,48,25,0,0,8,39,51,26,44,16,17,64,0,33,4,
18:24:01,24,6,48,0,49,22,21,0,0,45,38,9,16,0,4,48,25,0,0,8,39,51,26,44,16,17,64,0,33,4,
18:24:02,24,6,48,0,49,22,21,0,0,45,38,9,16,0,4,48,25,0,0,8,39,51,26,44,16,17,64,0,33,4,
18:24:03,24,6,48,0,49,22,21,0,0,45,38,9,16,0,4,48,25,0,0,8,39,51,26,44,16,17,64,0,33,4,
18:24:04,24,6,48,0,49,22,21,0,0,45,38,9,16,0,4,48,25,0,0,8,39,51,26,44,16,17,64,0,33,4,
18:24:05,24,10,48,0,49,22,21,0,0,45,39,9,16,0,4,48,25,0,0,8,45,51,26,44,16,17,64,0,33,4,
18:24:06,24,10,48,0,49,22,21,0,0,45,39,9,16,0,4,48,25,0,0,8,45,51,26,44,16,17,64,0,33,4,
18:24:07,24,10,48,0,49,22,21,0,0,45,39,9,16,0,4,48,25,0,0,8,45,51,26,44,16,17,64,0,33,4,
18:24:08,24,10,48,0,49,22,21,0,0,45,39,9,16,0,4,48,25,0,0,8,45,51,26,44,16,17,64,0,33,4,
18:24:09,24,10,48,0,49,22,21,0,0,45,39,9,16,0,4,48,25,0,0,8,45,51,26,44,16,17,64,0,33,4,
18:24:10,24,10,48,0,49,22,21,0,0,45,39,9,16,0,4,48,25,0,0,8,45,51,26,44,16,17,64,0,33,4,
18:24:11,24,10,48,0,49,22,21,0,0,45,39,9,16,0,4,48,25,0,0,8,45,51,26,44,16,17,64,0,33,4,
18:24:12,24,10,48,0,49,22,21,0,0,45,39,9,16,0,4,48,25,0,0,8,45,51,26,44,16,17,64,0,33,4,
18:24:13,24,10,48,0,49,22,21,0,0,45,39,9,16,0,4,48,25,0,0,8,45,51,26,44,16,17,64,0,33,4,
18:24:14,24,10,48,0,49,22,21,0,0,45,39,9,16,0,4,48,25,0,0,8,45,51,26,44,16,17,64,0,33,4,
18:24:15,24,10,48,0,49,22,21,0,0,45,39,9,16,0,4,48,25,0,0,8,45,51,26,44,16,17,64,0,33,4,
18:24:16,24,10,48,0,49,22,21,0,0,45,39,9,16,0,4,48,25,0,0,8,45,51,26,44,16,17,64,0,33,4,
18:24:17,24,10,48,0,49,22,21,0,0,45,39,9,16,0,4,48,25,0,0,8,45,51,26,44,16,17,64,0,33,4,
18:24:18,24,10,48,0,49,22,21,0,0,45,39,9,16,0,4,48,25,0,0,8,45,51,26,44,16,17,64,0,33,4,
18:24:19,24,10,48,0,49,22,21,0,0,45,39,9,16,0,4,48,25,0,0,8,45,51,26,44,16,17,64,0,33,4,
18:24:20,24,10,48,0,49,22,21,0,0,45,39,9,16,0,4,48,25,0,0,8,45,51,26,44,16,17,64,0,33,4,
18:24:21,24,10,48,0,49,22,21,0,0,45,39,9,16,0,4,48,25,0,0,8,45,51,26,44,16,17,64,0,33,4,
18:24:22,24,10,48,0,49,22,21,0,0,45,39,9,16,0,4,48,25,0,0,8,45,51,26,44,16,17,64,0,33,4,
18:24:23,24,10,48,0,49,22,21,0,0,45,39,9,16,0,4,48,25,0,0,8,45,51,26,44,16,17,64,0,33,4,
18:24:24,24,10,48,0,49,22,21,0,0,45,39,9,16,0,4,48,25,0,0,8,45,51,26,44,16,17,64,0,33,4,
18:24:25,24,10,48,0,49,22,21,0,0,45,39,9,16,0,4,48,25,0,0,8,45,51,26,44,16,17,64,0,33,4,
18:24:26,24,10,48,0,49,22,21,0,0,45,39,9,16,0,4,48,25,0,0,8,45,51,26,44,16,17,64,0,33,4,
18:24:27,24,10,48,0,49,22,21,0,0,45,39,9,16,0,4,48,25,0,0,8,45,51,26,44,16,17,64,0,33,4,
18:24:28,24,10,48,0,49,22,21,0,0,45,39,9,16,0,4,48,25,0,0,8,45,51,26,44,16,17,64,0,33,4,
18:24:29,24,10,48,0,49,22,21,0,0,45,39,9,16,0,4,48,25,0,0,8,45,51,26,44,16,17,64,0,33,4,
18:24:30,24,10,48,0,49,22,21,0,0,45,39,9,16,0,4,48,25,0,0,8,45,51,26,44,16,17,64,0,33,4,
18:24:31,24,10,48,0,49,22,21,0,0,45,39,9,16,0,4,48,25,0,0,8,45,51,26,44,16,17,64,0,33,4,
18:24:32,24,10,48,0,49,22,21,0,0,45,39,9,16,0,4,48,25,0,0,8,45,51,26,44,16,17,64,0,33,4,
18:24:33,24,10,50,0,49,24,21,0,0,47,39,11,16,0,4,48,25,0,0,8,45,54,30,44,16,17,64,0,36,4,
18:24:34,24,10,50,0,49,24,21,0,0,47,39,11,16,0,4,48,25,0,0,8,45,54,30,44,16,17,64,0,36,4,
18:24:35,24,10,50,0,49,24,21,0,0,47,39,11,16,0,4,48,25,0,0,8,45,54,30,44,16,17,64,0,36,4,
18:24:36,24,10,50,0,49,24,21,0,0,47,39,11,16,0,4,48,25,0,0,8,45,54,30,44,16,17,64,0,36,4,
18:24:37,24,10,50,0,49,24,21,0,0,47,39,11,16,0,4,48,25,0,0,8,45,54,30,44,16,17,64,0,36,4,
18:24:38,24,10,50,0,49,24,21,0,0,47,39,11,16,0,4,48,25,0,0,8,45,54,30,44,16,17,64,0,36,4,
18:24:39,24,10,50,0,49,24,21,0,0,47,39,11,16,0,4,48,25,0,0,8,45,54,30,44,16,17,64,0,36,4,
18:24:40,24,10,50,0,49,24,21,0,0,47,39,11,16,0,4,48,25,0,0,8,45,54,30,44,16,17,64,0,36,4,
18:24:41,24,10,50,0,49,24,21,0,0,47,39,11,16,0,4,48,25,0,0,8,45,54,30,44,16,17,64,0,36,4,
18:24:42,24,10,50,0,49,24,21,0,0,47,39,11,16,0,4,48,25,0,0,8,45,54,30,44,16,17,64,0,36,4,
18:24:43,24,10,50,0,49,24,21,0,0,47,39,11,16,0,4,48,25,0,0,8,45,54,30,44,16,17,64,0,36,4,
18:24:44,24,10,50,0,49,24,21,0,0,47,39,11,16,0,4,48,25,0,0,8,45,54,30,44,16,17,64,0,36,4,
18:24:45,24,10,50,0,49,24,21,0,0,47,39,11,16,0,4,48,25,0,0,8,45,54,30,44,16,17,64,0,36,4,
18:24:46,24,10,50,0,49,24,21,0,0,47,39,11,16,0,4,48,25,0,0,8,45,54,30,44,16,17,64,0,36,4,
18:24:47,24,10,50,0,49,24,21,0,0,47,39,11,16,0,4,48,25,0,0,8,45,54,30,44,16,17,64,0,36,4,
18:24:48,24,10,50,0,49,24,21,0,0,47,39,11,16,0,4,48,25,0,0,8,45,54,30,44,16,17,64,0,36,4,
18:24:49,24,10,50,0,49,24,21,0,0,47,39,11,16,0,4,48,25,0,0,8,45,54,30,44,16,17,64,0,36,4,
18:24:50,24,10,50,0,49,24,21,0,0,47,39,11,16,0,4,48,25,0,0,8,45,54,30,44,16,17,64,0,36,4,
18:24:51,24,10,50,0,49,24,21,0,0,47,39,11,16,0,4,48,25,0,0,8,45,54,30,44,16,17,64,0,36,4,
18:24:52,24,10,50,0,49,24,21,0,0,47,39,11,16,0,4,48,25,0,0,8,45,54,30,44,16,17,64,0,36,4,
18:24:53,24,10,50,0,49,24,21,0,0,47,39,11,16,0,4,48,25,0,0,8,45,54,30,44,16,17,64,0,36,4,
18:24:54,24,10,50,0,49,24,21,0,0,47,39,11,16,0,4,48,25,0,0,8,45,54,30,44,16,17,64,0,36,4,
18:24:55,24,10,50,0,49,24,21,0,0,47,39,11,16,0,4,48,25,0,0,8,45,54,30,44,16,17,64,0,36,4,
18:24:56,24,10,50,0,49,24,21,0,0,47,39,11,16,0,4,48,25,0,0,8,45,54,30,44,16,17,64,0,36,4,
18:24:57,24,10,50,0,49,24,21,0,0,47,39,11,16,0,4,48,25,0,0,8,45,54,30,44,16,17,64,0,36,4,
18:24:58,24,10,50,0,49,24,21,0,0,47,39,11,16,0,4,48,25,0,0,8,45,54,30,44,16,17,64,0,36,4,
18:24:59,24,10,50,0,49,24,21,0,0,47,39,11,16,0,4,48,25,0,0,8,45,54,30,44,16,17,64,0,36,4,
18:25,24,10,50,0,49,24,21,0,0,47,39,11,16,0,4,48,25,0,0,8,45,54,30,44,16,17,64,0,36,4,
18:25:01,24,10,50,0,49,24,21,0,0,47,39,11,16,0,4,48,25,0,0,8,45,54,30,44,16,17,64,0,36,4,
18:25:02,27,10,50,0,49,24,21,0,0,47,39,11,20,0,4,52,25,0,0,9,46,56,30,46,16,17,66,0,39,4,
18:25:03,27,10,50,0,49,24,21,0,0,47,39,11,20,0,4,52,25,0,0,9,46,56,30,46,16,17,66,0,39,4,
18:25:04,27,10,50,0,49,24,21,0,0,47,39,11,20,0,4,52,25,0,0,9,46,56,30,46,16,17,66,0,39,4,
18:25:05,27,10,50,0,49,24,21,0,0,47,39,11,20,0,4,52,25,0,0,9,46,56,30,46,16,17,66,0,39,4,
18:25:06,27,10,50,0,49,24,21,0,0,47,39,11,20,0,4,52,25,0,0,9,46,56,30,46,16,17,66,0,39,4,
18:25:07,27,10,50,0,49,24,21,0,0,47,39,11,20,0,4,52,25,0,0,9,46,56,30,46,16,17,66,0,39,4,
18:25:08,27,10,50,0,49,24,21,0,0,47,39,11,20,0,4,52,25,0,0,9,46,56,30,46,16,17,66,0,39,4,
18:25:09,27,10,50,0,49,24,21,0,0,47,39,11,20,0,4,52,25,0,0,9,46,56,30,46,16,17,66,0,39,4,
18:25:10,27,10,50,0,49,24,21,0,0,47,39,11,20,0,4,52,25,0,0,9,46,56,30,46,16,17,66,0,39,4,
18:25:11,27,10,50,0,49,24,21,0,0,47,39,11,20,0,4,52,25,0,0,9,46,56,30,46,16,17,66,0,39,4,
18:25:12,27,10,50,0,49,24,21,0,0,47,39,11,20,0,4,52,25,0,0,9,46,56,30,46,16,17,66,0,39,4,
18:25:13,27,10,50,0,49,24,21,0,0,47,39,11,20,0,4,52,25,0,0,9,46,56,30,46,16,17,66,0,39,4,
18:25:14,27,10,50,0,49,24,21,0,0,47,39,11,20,0,4,52,25,0,0,9,46,56,30,46,16,17,66,0,39,4,
18:25:15,27,10,50,0,49,24,21,0,0,47,39,11,20,0,4,52,25,0,0,9,46,56,30,46,16,17,66,0,39,4,
18:25:16,27,10,50,0,49,24,21,0,0,47,39,11,20,0,4,52,25,0,0,9,46,56,30,46,16,17,66,0,39,4,
18:25:17,27,10,50,0,49,24,21,0,0,47,39,11,20,0,4,52,25,0,0,9,46,56,30,46,16,17,66,0,39,4,
18:25:18,27,10,50,0,49,24,21,0,0,47,39,11,20,0,4,52,25,0,0,9,46,56,30,46,16,17,66,0,39,4,
18:25:19,27,10,50,0,49,24,21,0,0,47,39,11,20,0,4,52,25,0,0,9,46,56,30,46,16,17,66,0,39,4,
18:25:20,27,10,50,0,49,24,21,0,0,47,39,11,20,0,4,52,25,0,0,9,46,56,30,46,16,17,66,0,39,4,
18:25:21,27,10,50,0,49,24,21,0,0,47,39,11,20,0,4,52,25,0,0,9,46,56,30,46,16,17,66,0,39,4,
18:25:22,27,10,50,0,49,24,21,0,0,47,39,11,20,0,4,52,25,0,0,9,46,56,30,46,16,17,66,0,39,4,
18:25:23,27,10,50,0,49,24,21,0,0,47,39,11,20,0,4,52,25,0,0,9,46,56,30,46,16,17,66,0,39,4,
18:25:24,27,10,50,0,49,24,21,0,0,47,39,11,20,0,4,52,25,0,0,9,46,56,30,46,16,17,66,0,39,4,
18:25:25,27,10,50,0,49,24,21,0,0,47,39,11,20,0,4,52,25,0,0,9,46,56,30,46,16,17,66,0,39,4,
18:25:26,27,10,50,0,49,24,21,0,0,47,39,11,20,0,4,52,25,0,0,9,46,56,30,46,16,17,66,0,39,4,
18:25:27,27,10,50,0,49,24,21,0,0,47,39,11,20,0,4,52,25,0,0,9,46,56,30,46,16,17,66,0,39,4,
18:25:28,27,10,50,0,49,24,21,0,0,47,39,11,20,0,4,52,25,0,0,9,46,56,30,46,16,17,66,0,39,4,
18:25:29,27,10,50,0,49,24,21,0,0,47,39,11,20,0,4,52,25,0,0,9,46,56,30,46,16,17,66,0,39,4,
18:25:30,27,10,50,0,49,24,21,0,0,47,39,11,20,0,4,52,25,0,0,9,46,56,30,46,16,17,66,0,39,4,
18:25:31,27,10,50,0,49,24,21,0,0,47,39,11,20,0,4,52,25,0,0,9,46,56,30,46,16,17,66,0,39,4,
18:25:32,27,10,50,0,49,24,21,0,0,47,39,11,20,0,4,52,25,0,0,9,46,56,30,46,16,17,66,0,39,4,
18:25:33,31,10,52,0,51,24,21,0,0,49,39,11,20,0,4,52,26,0,0,9,46,56,30,46,16,17,66,0,41,4,
18:25:34,31,10,52,0,51,24,21,0,0,49,39,11,20,0,4,52,26,0,0,9,46,56,30,46,16,17,66,0,41,4,
18:25:35,31,10,52,0,51,24,21,0,0,49,39,11,20,0,4,52,26,0,0,9,46,56,30,46,16,17,66,0,41,4,
18:25:36,31,10,52,0,51,24,21,0,0,49,39,11,20,0,4,52,26,0,0,9,46,56,30,46,16,17,66,0,41,4,
18:25:37,31,10,52,0,51,24,21,0,0,49,39,11,20,0,4,52,26,0,0,9,46,56,30,46,16,17,66,0,41,4,
18:25:38,31,10,52,0,51,24,21,0,0,49,39,11,20,0,4,52,26,0,0,9,46,56,30,46,16,17,66,0,41,4,
18:25:39,31,10,52,0,51,24,21,0,0,49,39,11,20,0,4,52,26,0,0,9,46,56,30,46,16,17,66,0,41,4,
18:25:40,31,10,52,0,51,24,21,0,0,49,39,11,20,0,4,52,26,0,0,9,46,56,30,46,16,17,66,0,41,4,
18:25:41,31,10,52,0,51,24,21,0,0,49,39,11,20,0,4,52,26,0,0,9,46,56,30,46,16,17,66,0,41,4,
18:25:42,31,10,52,0,51,24,21,0,0,49,39,11,20,0,4,52,26,0,0,9,46,56,30,46,16,17,66,0,41,4,
18:25:43,31,10,52,0,51,24,21,0,0,49,39,11,20,0,4,52,26,0,0,9,46,56,30,46,16,17,66,0,41,4,
18:25:44,31,10,52,0,51,24,21,0,0,49,39,11,20,0,4,52,26,0,0,9,46,56,30,46,16,17,66,0,41,4,
18:25:45,31,10,52,0,51,24,21,0,0,49,39,11,20,0,4,52,26,0,0,9,46,56,30,46,16,17,66,0,41,4,
18:25:46,31,10,52,0,51,24,21,0,0,49,39,11,20,0,4,52,26,0,0,9,46,56,30,46,16,17,66,0,41,4,
18:25:47,31,10,52,0,51,24,21,0,0,49,39,11,20,0,4,52,26,0,0,9,46,56,30,46,16,17,66,0,41,4,
18:25:48,31,10,52,0,51,24,21,0,0,49,39,11,20,0,4,52,26,0,0,9,46,56,30,46,16,17,66,0,41,4,
18:25:49,31,10,52,0,51,24,21,0,0,49,39,11,20,0,4,52,26,0,0,9,46,56,30,46,16,17,66,0,41,4,
18:25:50,31,10,52,0,51,24,21,0,0,49,39,11,20,0,4,52,26,0,0,9,46,56,30,46,16,17,66,0,41,4,
18:25:51,31,10,52,0,51,24,21,0,0,49,39,11,20,0,4,52,26,0,0,9,46,56,30,46,16,17,66,0,41,4,
18:25:52,31,10,52,0,51,24,21,0,0,49,39,11,20,0,4,52,26,0,0,9,46,56,30,46,16,17,66,0,41,4,
18:25:53,31,10,52,0,51,24,21,0,0,49,39,11,20,0,4,52,26,0,0,9,46,56,30,46,16,17,66,0,41,4,
18:25:54,31,10,52,0,51,24,21,0,0,49,39,11,20,0,4,52,26,0,0,9,46,56,30,46,16,17,66,0,41,4,
18:25:55,31,10,52,0,51,24,21,0,0,49,39,11,20,0,4,52,26,0,0,9,46,56,30,46,16,17,66,0,41,4,
18:25:56,31,10,52,0,51,24,21,0,0,49,39,11,20,0,4,52,26,0,0,9,46,56,30,46,16,17,66,0,41,4,
18:25:57,31,10,52,0,51,24,21,0,0,49,39,11,20,0,4,52,26,0,0,9,46,56,30,46,16,17,66,0,41,4,
18:25:58,31,10,52,0,51,24,21,0,0,49,39,11,20,0,4,52,26,0,0,9,46,56,30,46,16,17,66,0,41,4,
18:25:59,31,10,52,0,51,24,21,0,0,49,39,11,20,0,4,52,26,0,0,9,46,56,30,46,16,17,66,0,41,4,
18:26,35,10,52,0,52,24,24,0,0,49,39,11,20,0,4,52,28,0,0,9,46,56,30,46,16,17,66,0,41,4,
18:26:01,35,10,52,0,52,24,24,0,0,49,39,11,20,0,4,52,28,0,0,9,46,56,30,46,16,17,66,0,41,4,
18:26:02,35,10,52,0,52,24,24,0,0,49,39,11,20,0,4,52,28,0,0,9,46,56,30,46,16,17,66,0,41,4,
18:26:03,35,10,52,0,52,24,24,0,0,49,39,11,20,0,4,52,28,0,0,9,46,56,30,46,16,17,66,0,41,4,
18:26:04,35,10,52,0,52,24,24,0,0,49,39,11,20,0,4,52,28,0,0,9,46,56,30,46,16,17,66,0,41,4,
18:26:05,35,10,52,0,52,24,24,0,0,49,39,11,20,0,4,52,28,0,0,9,46,56,30,46,16,17,66,0,41,4,
18:26:06,35,10,52,0,52,24,24,0,0,49,39,11,20,0,4,52,28,0,0,9,46,56,30,46,16,17,66,0,41,4,
18:26:07,35,10,52,0,52,24,24,0,0,49,39,11,20,0,4,52,28,0,0,9,46,56,30,46,16,17,66,0,41,4,
18:26:08,35,10,52,0,52,24,24,0,0,49,39,11,20,0,4,52,28,0,0,9,46,56,30,46,16,17,66,0,41,4,
18:26:09,35,10,52,0,52,24,24,0,0,49,39,11,20,0,4,52,28,0,0,9,46,56,30,46,16,17,66,0,41,4,
18:26:10,35,10,52,0,52,24,24,0,0,49,39,11,20,0,4,52,28,0,0,9,46,56,30,46,16,17,66,0,41,4,
18:26:11,35,10,52,0,52,24,24,0,0,49,39,11,20,0,4,52,28,0,0,9,46,56,30,46,16,17,66,0,41,4,
18:26:12,35,10,52,0,52,24,24,0,0,49,39,11,20,0,4,52,28,0,0,9,46,56,30,46,16,17,66,0,41,4,
18:26:13,35,10,52,0,52,24,24,0,0,49,39,11,20,0,4,52,28,0,0,9,46,56,30,46,16,17,66,0,41,4,
18:26:14,35,10,52,0,52,24,24,0,0,49,39,11,20,0,4,52,28,0,0,9,46,56,30,46,16,17,66,0,41,4,
18:26:15,35,10,52,0,52,24,24,0,0,49,39,11,20,0,4,52,28,0,0,9,46,56,30,46,16,17,66,0,41,4,
18:26:16,35,10,52,0,52,24,24,0,0,49,39,11,20,0,4,52,28,0,0,9,46,56,30,46,16,17,66,0,41,4,
18:26:17,35,10,52,0,52,24,24,0,0,49,39,11,20,0,4,52,28,0,0,9,46,56,30,46,16,17,66,0,41,4,
18:26:18,35,10,52,0,52,24,24,0,0,49,39,11,20,0,4,52,28,0,0,9,46,56,30,46,16,17,66,0,41,4,
18:26:19,35,10,52,0,52,24,24,0,0,49,39,11,20,0,4,52,28,0,0,9,46,56,30,46,16,17,66,0,41,4,
18:26:20,35,10,52,0,52,24,24,0,0,49,39,11,20,0,4,52,28,0,0,9,46,56,30,46,16,17,66,0,41,4,
18:26:21,35,10,52,0,52,24,24,0,0,49,39,11,20,0,4,52,28,0,0,9,46,56,30,46,16,17,66,0,41,4,
18:26:22,35,10,52,0,52,24,24,0,0,49,39,11,20,0,4,52,28,0,0,9,46,56,30,46,16,17,66,0,41,4,
18:26:23,35,10,52,0,52,24,24,0,0,49,39,11,20,0,4,52,28,0,0,9,46,56,30,46,16,17,66,0,41,4,
18:26:24,35,10,52,0,52,24,24,0,0,49,39,11,20,0,4,52,28,0,0,9,46,56,30,46,16,17,66,0,41,4,
18:26:25,35,10,52,0,52,24,24,0,0,49,39,11,20,0,4,52,28,0,0,9,46,56,30,46,16,17,66,0,41,4,
18:26:26,35,10,52,0,52,24,24,0,0,49,39,11,20,0,4,52,28,0,0,9,46,56,30,46,16,17,66,0,41,4,
18:26:27,35,10,54,0,52,24,24,0,0,53,39,11,26,0,4,52,28,0,0,9,46,56,30,46,20,19,68,0,41,4,
18:26:28,35,10,54,0,52,24,24,0,0,53,39,11,26,0,4,52,28,0,0,9,46,56,30,46,20,19,68,0,41,4,
18:26:29,35,10,54,0,52,24,24,0,0,53,39,11,26,0,4,52,28,0,0,9,46,56,30,46,20,19,68,0,41,4,
18:26:30,35,10,54,0,52,24,24,0,0,53,39,11,26,0,4,52,28,0,0,9,46,56,30,46,20,19,68,0,41,4,
18:26:31,35,10,54,0,52,24,24,0,0,53,39,11,26,0,4,52,28,0,0,9,46,56,30,46,20,19,68,0,41,4,
18:26:32,35,10,54,0,52,24,24,0,0,53,39,11,26,0,4,52,28,0,0,9,46,56,30,46,20,19,68,0,41,4,
18:26:33,35,10,54,0,52,24,24,0,0,53,39,11,26,0,4,52,28,0,0,9,46,56,30,46,20,19,68,0,41,4,
18:26:34,35,10,54,0,52,24,24,0,0,53,39,11,26,0,4,52,28,0,0,9,46,56,30,46,20,19,68,0,41,4,
18:26:35,35,10,54,0,52,24,24,0,0,53,39,11,26,0,4,52,28,0,0,9,46,56,30,46,20,19,68,0,41,4,
18:26:36,35,10,54,0,52,24,24,0,0,53,39,11,26,0,4,52,28,0,0,9,46,56,30,46,20,19,68,0,41,4,
18:26:37,35,10,54,0,52,24,24,0,0,53,39,11,26,0,4,52,28,0,0,9,46,56,30,46,20,19,68,0,41,4,
18:26:38,35,10,54,0,52,24,24,0,0,53,39,11,26,0,4,52,28,0,0,9,46,56,30,46,20,19,68,0,41,4,
18:26:39,35,10,54,0,52,24,24,0,0,53,39,11,26,0,4,52,28,0,0,9,46,56,30,46,20,19,68,0,41,4,
18:26:40,35,10,54,0,52,24,24,0,0,53,39,11,26,0,4,52,28,0,0,9,46,56,30,46,20,19,68,0,41,4,
18:26:41,35,10,54,0,52,24,24,0,0,53,39,11,26,0,4,52,28,0,0,9,46,56,30,46,20,19,68,0,41,4,
18:26:42,35,10,54,0,52,24,24,0,0,53,39,11,26,0,4,52,28,0,0,9,46,56,30,46,20,19,68,0,41,4,
18:26:43,35,10,54,0,52,24,24,0,0,53,39,11,26,0,4,52,28,0,0,9,46,56,30,46,20,19,68,0,41,4,
18:26:44,35,10,54,0,52,24,24,0,0,53,39,11,26,0,4,52,28,0,0,9,46,56,30,46,20,19,68,0,41,4,
18:26:45,35,10,54,0,52,24,24,0,0,53,39,11,26,0,4,52,28,0,0,9,46,56,30,46,20,19,68,0,41,4,
18:26:46,35,10,54,0,52,24,24,0,0,53,39,11,26,0,4,52,28,0,0,9,46,56,30,46,20,19,68,0,41,4,
18:26:47,35,10,54,0,52,24,24,0,0,53,39,11,26,0,4,52,28,0,0,9,46,56,30,46,20,19,68,0,41,4,
18:26:48,35,10,54,0,52,24,24,0,0,53,39,11,26,0,4,52,28,0,0,9,46,56,30,46,20,19,68,0,41,4,
18:26:49,35,10,54,0,52,24,24,0,0,53,39,11,26,0,4,52,28,0,0,9,46,56,30,46,20,19,68,0,41,4,
18:26:50,35,10,54,0,52,24,24,0,0,53,39,11,26,0,4,52,28,0,0,9,46,56,30,46,20,19,68,0,41,4,
18:26:51,35,10,54,0,52,24,24,0,0,53,39,11,26,0,4,52,28,0,0,9,46,56,30,46,20,19,68,0,41,4,
18:26:52,35,10,54,0,52,24,24,0,0,53,39,11,26,0,4,52,28,0,0,9,46,56,30,46,20,19,68,0,41,4,
18:26:53,35,10,54,0,52,24,24,0,0,53,39,11,26,0,4,52,28,0,0,9,46,56,30,46,20,19,68,0,41,4,
18:26:54,35,10,54,0,52,24,24,0,0,53,39,11,26,0,4,52,28,0,0,9,46,56,33,46,20,19,68,0,41,4,
18:26:55,35,10,54,0,52,24,24,0,0,53,39,11,26,0,4,52,28,0,0,9,46,56,33,46,20,19,68,0,41,4,
18:26:56,35,10,54,0,52,24,24,0,0,53,39,11,26,0,4,52,28,0,0,9,46,56,33,46,20,19,68,0,41,4,
18:26:57,35,10,54,0,52,24,26,0,0,53,43,11,26,0,4,52,28,0,0,9,46,56,33,46,20,19,68,0,43,4,
18:26:58,35,10,54,0,52,24,26,0,0,53,43,11,26,0,4,52,28,0,0,9,46,56,33,46,20,19,68,0,43,4,
18:26:59,35,10,54,0,52,24,26,0,0,53,43,11,26,0,4,52,28,0,0,9,46,56,33,46,20,19,68,0,43,4,
18:27,35,10,54,0,52,24,26,0,0,53,43,11,26,0,4,52,28,0,0,9,46,56,33,46,20,19,68,0,43,4,
18:27:01,35,10,54,0,52,24,26,0,0,53,43,11,26,0,4,52,28,0,0,9,46,56,33,46,20,19,68,0,43,4,
18:27:02,35,10,54,0,52,24,26,0,0,53,43,11,26,0,4,52,28,0,0,9,46,56,33,46,20,19,68,0,43,4,
18:27:03,35,10,54,0,52,24,26,0,0,53,43,11,26,0,4,52,28,0,0,9,46,56,33,46,20,19,68,0,43,4,
18:27:04,35,10,54,0,52,24,26,0,0,53,43,11,26,0,4,52,28,0,0,9,46,56,33,46,20,19,68,0,43,4,
18:27:05,35,10,54,0,52,24,26,0,0,53,43,11,26,0,4,52,28,0,0,9,46,56,33,46,20,19,68,0,43,4,
18:27:06,35,10,54,0,52,24,26,0,0,53,43,11,26,0,4,52,28,0,0,9,46,56,33,46,20,19,68,0,43,4,
18:27:07,35,10,54,0,52,24,26,0,0,53,43,11,26,0,4,52,28,0,0,9,46,56,33,46,20,19,68,0,43,4,
18:27:08,35,10,54,0,52,24,26,0,0,53,43,11,26,0,4,52,28,0,0,9,46,56,33,46,20,19,68,0,43,4,
18:27:09,35,10,54,0,52,24,26,0,0,53,43,11,26,0,4,52,28,0,0,9,46,56,33,46,20,19,68,0,43,4,
18:27:10,35,10,54,0,52,24,26,0,0,53,43,11,26,0,4,52,28,0,0,9,46,56,33,46,20,19,68,0,43,4,
18:27:11,35,10,54,0,52,24,26,0,0,53,43,11,26,0,4,52,28,0,0,9,46,56,33,46,20,19,68,0,43,4,
18:27:12,35,10,54,0,52,24,26,0,0,53,43,11,26,0,4,52,28,0,0,9,46,56,33,46,20,19,68,0,43,4,
18:27:13,35,10,54,0,52,24,26,0,0,53,43,11,26,0,4,52,28,0,0,9,46,56,33,46,20,19,68,0,43,4,
18:27:14,35,10,54,0,52,24,26,0,0,53,43,11,26,0,4,52,28,0,0,9,46,56,33,46,20,19,68,0,43,4,
18:27:15,35,10,54,0,52,24,26,0,0,53,43,11,26,0,4,52,28,0,0,9,46,56,33,46,20,19,68,0,43,4,
18:27:16,35,10,54,0,52,24,26,0,0,53,43,11,26,0,4,52,28,0,0,9,46,56,33,46,20,19,68,0,43,4,
18:27:17,35,10,54,0,52,24,26,0,0,53,43,11,26,0,4,52,28,0,0,9,46,56,33,46,20,19,68,0,43,4,
18:27:18,35,10,54,0,52,24,26,0,0,53,43,11,26,0,4,52,28,0,0,9,46,56,33,46,20,19,68,0,43,4,
18:27:19,35,10,54,0,52,24,26,0,0,53,43,11,26,0,4,52,28,0,0,9,46,56,33,46,20,19,68,0,43,4,
18:27:20,35,10,54,0,52,24,26,0,0,53,43,11,26,0,4,52,28,0,0,9,46,56,33,46,20,19,68,0,43,4,
18:27:21,35,10,54,0,52,24,26,0,0,53,43,11,26,0,4,52,28,0,0,9,46,56,33,46,20,19,68,0,43,4,
18:27:22,35,10,54,0,52,24,26,0,0,53,43,11,26,0,4,52,28,0,0,9,46,56,33,46,20,19,68,0,43,4,
18:27:23,35,10,54,0,52,24,26,0,0,53,43,11,26,0,4,52,28,0,0,9,46,56,33,46,20,19,68,0,43,4,
18:27:24,35,10,57,0,52,24,28,0,0,58,43,11,26,0,4,52,28,0,0,9,46,56,33,47,25,19,68,0,43,4,
18:27:25,35,10,57,0,52,24,28,0,0,58,43,11,26,0,4,52,28,0,0,9,46,56,33,47,25,19,68,0,43,4,
18:27:26,35,10,57,0,52,24,28,0,0,58,43,11,26,0,4,52,28,0,0,9,46,56,33,47,25,19,68,0,43,4,
18:27:27,35,10,57,0,52,24,28,0,0,58,43,11,26,0,4,52,28,0,0,9,46,56,33,47,25,19,68,0,43,4,
18:27:28,35,10,57,0,52,24,28,0,0,58,43,11,26,0,4,52,28,0,0,9,46,56,33,47,25,19,68,0,43,4,
18:27:29,35,10,57,0,52,24,28,0,0,58,43,11,26,0,4,52,28,0,0,9,46,56,33,47,25,19,68,0,43,4,
18:27:30,35,10,57,0,52,24,28,0,0,58,43,11,26,0,4,52,28,0,0,9,46,56,33,47,25,19,68,0,43,4,
18:27:31,35,10,57,0,52,24,28,0,0,58,43,11,26,0,4,52,28,0,0,9,46,56,33,47,25,19,68,0,43,4,
18:27:32,35,10,57,0,52,24,28,0,0,58,43,11,26,0,4,52,28,0,0,9,46,56,33,47,25,19,68,0,43,4,
18:27:33,35,10,57,0,52,24,28,0,0,58,43,11,26,0,4,52,28,0,0,9,46,56,33,47,25,19,68,0,43,4,
18:27:34,35,10,57,0,52,24,28,0,0,58,43,11,26,0,4,52,28,0,0,9,46,56,33,47,25,19,68,0,43,4,
18:27:35,35,10,57,0,52,24,28,0,0,58,43,11,26,0,4,52,28,0,0,9,46,56,33,47,25,19,68,0,43,4,
18:27:36,35,10,57,0,52,24,28,0,0,58,43,11,26,0,4,52,28,0,0,9,46,56,33,47,25,19,68,0,43,4,
18:27:37,35,10,57,0,52,24,28,0,0,58,43,11,26,0,4,52,28,0,0,9,46,56,33,47,25,19,68,0,43,4,
18:27:38,35,10,57,0,52,24,28,0,0,58,43,11,26,0,4,52,28,0,0,9,46,56,33,47,25,19,68,0,43,4,
18:27:39,35,10,57,0,52,24,28,0,0,58,43,11,26,0,4,52,28,0,0,9,46,56,33,47,25,19,68,0,43,4,
18:27:40,35,10,57,0,52,24,28,0,0,58,43,11,26,0,4,52,28,0,0,9,46,56,33,47,25,19,68,0,43,4,
18:27:41,35,10,57,0,52,24,28,0,0,58,43,11,26,0,4,52,28,0,0,9,46,56,33,47,25,19,68,0,43,4,
18:27:42,35,10,57,0,52,24,28,0,0,58,43,11,26,0,4,52,28,0,0,9,46,56,33,47,25,19,68,0,43,4,
18:27:43,35,10,57,0,52,24,28,0,0,58,43,11,26,0,4,52,28,0,0,9,46,56,33,47,25,19,68,0,43,4,
18:27:44,35,10,57,0,52,24,28,0,0,58,43,11,26,0,4,52,28,0,0,9,46,56,33,47,25,19,68,0,43,4,
18:27:45,35,10,57,0,52,24,28,0,0,58,43,11,26,0,4,52,28,0,0,9,46,56,33,47,25,19,68,0,43,4,
18:27:46,35,10,57,0,52,24,28,0,0,58,43,11,26,0,4,52,28,0,0,9,46,56,33,47,25,19,68,0,43,4,
18:27:47,35,10,57,0,52,24,28,0,0,58,43,11,26,0,4,52,28,0,0,9,46,56,33,47,25,19,68,0,43,4,
18:27:48,35,10,57,0,52,24,28,0,0,58,43,11,26,0,4,52,28,0,0,9,46,56,33,47,25,19,68,0,43,4,
18:27:49,35,10,57,0,52,24,28,0,0,58,43,11,26,0,4,52,28,0,0,9,46,56,33,47,25,19,68,0,43,4,
18:27:50,35,10,57,0,52,24,28,0,0,58,43,11,26,0,4,52,28,0,0,9,46,56,36,47,25,19,68,0,43,4,
18:27:51,35,10,57,0,52,24,28,0,0,58,43,11,26,0,4,52,28,0,0,9,46,56,36,47,25,19,68,0,43,4,
18:27:52,35,10,57,0,52,24,28,0,0,58,43,11,26,0,4,52,28,0,0,9,46,56,36,47,25,19,68,0,43,4,
18:27:53,35,10,57,0,52,24,28,0,0,58,43,11,26,0,4,52,28,0,0,9,46,56,36,47,25,19,68,0,43,4,
18:27:54,35,10,57,0,58,24,28,0,0,58,43,11,26,0,4,53,32,0,0,9,46,58,36,47,25,19,70,0,43,4,
18:27:55,35,10,57,0,58,24,28,0,0,58,43,11,26,0,4,53,32,0,0,9,46,58,36,47,25,19,70,0,43,4,
18:27:56,35,10,57,0,58,24,28,0,0,58,43,11,26,0,4,53,32,0,0,9,46,58,36,47,25,19,70,0,43,4,
18:27:57,35,10,57,0,58,24,28,0,0,58,43,11,26,0,4,53,32,0,0,9,46,58,36,47,25,19,70,0,43,4,
18:27:58,35,10,57,0,58,24,28,0,0,58,43,11,26,0,4,53,32,0,0,9,46,58,36,47,25,19,70,0,43,4,
18:27:59,35,10,57,0,58,24,28,0,0,58,43,11,26,0,4,53,32,0,0,9,46,58,36,47,25,19,70,0,43,4,
18:28,35,10,57,0,58,24,28,0,0,58,43,11,26,0,4,53,32,0,0,9,46,58,36,47,25,19,70,0,43,4,
18:28:01,35,10,57,0,58,24,28,0,0,58,43,11,26,0,4,53,32,0,0,9,46,58,36,47,25,19,70,0,43,4,
18:28:02,35,10,57,0,58,24,28,0,0,58,43,11,26,0,4,53,32,0,0,9,46,58,36,47,25,19,70,0,43,4,
18:28:03,35,10,57,0,58,24,28,0,0,58,43,11,26,0,4,53,32,0,0,9,46,58,36,47,25,19,70,0,43,4,
18:28:04,35,10,57,0,58,24,28,0,0,58,43,11,26,0,4,53,32,0,0,9,46,58,36,47,25,19,70,0,43,4,
18:28:05,35,10,57,0,58,24,28,0,0,58,43,11,26,0,4,53,32,0,0,9,46,58,36,47,25,19,70,0,43,4,
18:28:06,35,10,57,0,58,24,28,0,0,58,43,11,26,0,4,53,32,0,0,9,46,58,36,47,25,19,70,0,43,4,
18:28:07,35,10,57,0,58,24,28,0,0,58,43,11,26,0,4,53,32,0,0,9,46,58,36,47,25,19,70,0,43,4,
18:28:08,35,10,57,0,58,24,28,0,0,58,43,11,26,0,4,53,32,0,0,9,46,58,36,47,25,19,70,0,43,4,
18:28:09,35,10,57,0,58,24,28,0,0,58,43,11,26,0,4,53,32,0,0,9,46,58,36,47,25,19,70,0,43,4,
18:28:10,35,10,57,0,58,24,28,0,0,58,43,11,26,0,4,53,32,0,0,9,46,58,36,47,25,19,70,0,43,4,
18:28:11,35,10,57,0,58,24,28,0,0,58,43,11,26,0,4,53,32,0,0,9,46,58,36,47,25,19,70,0,43,4,
18:28:12,35,10,57,0,58,24,28,0,0,58,43,11,26,0,4,53,32,0,0,9,46,58,36,47,25,19,70,0,43,4,
18:28:13,35,10,57,0,58,24,28,0,0,58,43,11,26,0,4,53,32,0,0,9,46,58,36,47,25,19,70,0,43,4,
18:28:14,35,10,57,0,58,24,28,0,0,58,43,11,26,0,4,53,32,0,0,9,46,58,36,47,25,19,70,0,43,4,
18:28:15,35,10,57,0,58,24,28,0,0,58,43,11,26,0,4,53,32,0,0,9,46,58,36,47,25,19,70,0,43,4,
18:28:16,35,10,57,0,58,24,28,0,0,58,43,11,26,0,4,53,32,0,0,9,46,58,36,47,25,19,70,0,43,4,
18:28:17,35,10,57,0,58,24,28,0,0,58,43,11,26,0,4,53,32,0,0,9,46,58,36,47,25,19,70,0,43,4,
18:28:18,35,10,57,0,58,24,28,0,0,58,43,11,26,0,4,53,32,0,0,9,46,58,36,47,25,19,70,0,43,4,
18:28:19,35,10,57,0,58,24,28,0,0,58,43,11,26,0,4,53,32,0,0,9,46,58,36,47,25,19,70,0,43,4,
18:28:20,35,10,57,0,58,24,28,0,0,58,43,11,26,0,4,53,32,0,0,9,46,58,36,47,25,19,70,0,43,4,
18:28:21,35,10,57,0,58,24,28,0,0,58,43,11,26,0,4,53,32,0,0,9,46,58,36,47,25,19,70,0,43,4,
18:28:22,35,10,57,0,58,24,28,0,0,58,43,11,26,0,4,53,32,0,0,9,46,58,36,47,25,19,70,0,43,4,
18:28:23,35,10,57,0,58,24,28,0,0,58,43,11,26,0,4,53,32,0,0,9,46,58,36,47,25,19,70,0,43,4,
18:28:24,35,12,57,0,58,24,28,0,0,58,43,11,26,0,4,53,32,0,0,9,46,58,36,49,25,19,70,0,43,4,
18:28:25,35,12,57,0,58,24,28,0,0,58,43,11,26,0,4,53,32,0,0,9,46,58,36,49,25,19,70,0,43,4,
18:28:26,35,12,57,0,58,24,28,0,0,58,43,11,26,0,4,53,32,0,0,9,46,58,36,49,25,19,70,0,43,4,
18:28:27,35,12,57,0,58,24,28,0,0,58,43,11,26,0,4,53,32,0,0,9,46,58,36,49,25,19,70,0,43,4,
18:28:28,35,12,57,0,58,24,28,0,0,58,43,11,26,0,4,53,32,0,0,9,46,58,36,49,25,19,70,0,43,4,
18:28:29,35,12,57,0,58,24,28,0,0,58,43,11,26,0,4,53,32,0,0,9,46,58,36,49,25,19,70,0,43,4,
18:28:30,35,12,57,0,58,24,28,0,0,58,43,11,26,0,4,53,32,0,0,9,46,58,36,49,25,19,70,0,43,4,
18:28:31,35,12,57,0,58,24,28,0,0,58,43,11,26,0,4,53,32,0,0,9,46,58,36,49,25,19,70,0,43,4,
18:28:32,35,12,57,0,58,24,28,0,0,58,43,11,26,0,4,53,32,0,0,9,46,58,36,49,25,19,70,0,43,4,
18:28:33,35,12,57,0,58,24,28,0,0,58,43,11,26,0,4,53,32,0,0,9,46,58,36,49,25,19,70,0,43,4,
18:28:34,35,12,57,0,58,24,28,0,0,58,43,11,26,0,4,53,32,0,0,9,46,58,36,49,25,19,70,0,43,4,
18:28:35,35,12,57,0,58,24,28,0,0,58,43,11,26,0,4,53,32,0,0,9,46,58,36,49,25,19,70,0,43,4,
18:28:36,35,12,57,0,58,24,28,0,0,58,43,11,26,0,4,53,32,0,0,9,46,58,36,49,25,19,70,0,43,4,
18:28:37,35,12,57,0,58,24,28,0,0,58,43,11,26,0,4,53,32,0,0,9,46,58,36,49,25,19,70,0,43,4,
18:28:38,35,12,57,0,58,24,28,0,0,58,43,11,26,0,4,53,32,0,0,9,46,58,36,49,25,19,70,0,43,4,
18:28:39,35,12,57,0,58,24,28,0,0,58,43,11,26,0,4,53,32,0,0,9,46,58,36,49,25,19,70,0,43,4,
18:28:40,35,12,57,0,58,24,28,0,0,58,43,11,26,0,4,53,32,0,0,9,46,58,36,49,25,19,70,0,43,4,
18:28:41,35,12,57,0,58,24,28,0,0,58,43,11,26,0,4,53,32,0,0,9,46,58,36,49,25,19,70,0,43,4,
18:28:42,35,12,57,0,58,24,28,0,0,58,43,11,26,0,4,53,32,0,0,9,46,58,36,49,25,19,70,0,43,4,
18:28:43,35,12,57,0,58,24,28,0,0,58,43,11,26,0,4,53,32,0,0,9,46,58,36,49,25,19,70,0,43,4,
18:28:44,35,12,57,0,58,24,28,0,0,58,43,11,26,0,4,53,32,0,0,9,46,58,36,49,25,19,70,0,43,4,
18:28:45,35,12,57,0,58,24,28,0,0,58,43,11,26,0,4,53,32,0,0,9,46,58,36,49,25,19,70,0,43,4,
18:28:46,35,12,57,0,58,24,28,0,0,58,43,11,26,0,4,53,32,0,0,9,46,58,36,49,25,19,70,0,43,4,
18:28:47,35,12,57,0,58,24,28,0,0,58,43,11,26,0,4,53,32,0,0,9,46,58,36,49,25,19,70,0,43,4,
18:28:48,35,12,57,0,58,24,28,0,0,58,43,11,26,0,4,53,32,0,0,9,46,58,36,49,25,19,70,0,43,4,
18:28:49,35,12,57,0,58,24,28,0,0,58,43,11,26,0,4,53,32,0,0,9,46,58,36,49,25,19,70,0,43,4,
18:28:50,35,12,57,0,58,24,28,0,0,58,43,11,26,0,4,53,32,0,0,9,46,58,36,49,25,19,70,0,43,4,
18:28:51,37,12,57,0,62,24,28,0,0,58,43,13,26,0,4,53,32,0,0,11,50,58,38,49,25,19,72,0,43,4,
18:28:52,37,12,57,0,62,24,28,0,0,58,43,13,26,0,4,53,32,0,0,11,50,58,38,49,25,19,72,0,43,4,
18:28:53,37,12,57,0,62,24,28,0,0,58,43,13,26,0,4,53,32,0,0,11,50,58,38,49,25,19,72,0,43,4,
18:28:54,37,12,57,0,62,24,28,0,0,58,43,13,26,0,4,53,32,0,0,11,50,58,38,49,25,19,72,0,43,4,
18:28:55,37,12,57,0,62,24,28,0,0,58,43,13,26,0,4,53,32,0,0,11,50,58,38,49,25,19,72,0,43,4,
18:28:56,37,12,57,0,62,24,28,0,0,58,43,13,26,0,4,53,32,0,0,11,50,58,38,49,25,19,72,0,43,4,
18:28:57,37,12,57,0,62,24,28,0,0,58,43,13,26,0,4,53,32,0,0,11,50,58,38,49,25,19,72,0,43,4,
18:28:58,37,12,57,0,62,24,28,0,0,58,43,13,26,0,4,53,32,0,0,11,50,58,38,49,25,19,72,0,43,4,
18:28:59,37,12,57,0,62,24,28,0,0,58,43,13,26,0,4,53,32,0,0,11,50,58,38,49,25,19,72,0,43,4,
18:29,37,12,57,0,62,24,28,0,0,58,43,13,26,0,4,53,32,0,0,11,50,58,38,49,25,19,72,0,43,4,
18:29:01,37,12,57,0,62,24,28,0,0,58,43,13,26,0,4,53,32,0,0,11,50,58,38,49,25,19,72,0,43,4,
18:29:02,37,12,57,0,62,24,28,0,0,58,43,13,26,0,4,53,32,0,0,11,50,58,38,49,25,19,72,0,43,4,
18:29:03,37,12,57,0,62,24,28,0,0,58,43,13,26,0,4,53,32,0,0,11,50,58,38,49,25,19,72,0,43,4,
18:29:04,37,12,57,0,62,24,28,0,0,58,43,13,26,0,4,53,32,0,0,11,50,58,38,49,25,19,72,0,43,4,
18:29:05,37,12,57,0,62,24,28,0,0,58,43,13,26,0,4,53,32,0,0,11,50,58,38,49,25,19,72,0,43,4,
18:29:06,37,12,57,0,62,24,28,0,0,58,43,13,26,0,4,53,32,0,0,11,50,58,38,49,25,19,72,0,43,4,
18:29:07,37,12,57,0,62,24,28,0,0,58,43,13,26,0,4,53,32,0,0,11,50,58,38,49,25,19,72,0,43,4,
18:29:08,37,12,57,0,62,24,28,0,0,58,43,13,26,0,4,53,32,0,0,11,50,58,38,49,25,19,72,0,43,4,
18:29:09,37,12,57,0,62,24,28,0,0,58,43,13,26,0,4,53,32,0,0,11,50,58,38,49,25,19,72,0,43,4,
18:29:10,37,12,57,0,62,24,28,0,0,58,43,13,26,0,4,53,32,0,0,11,50,58,38,49,25,19,72,0,43,4,
18:29:11,37,12,57,0,62,24,28,0,0,58,43,13,26,0,4,53,32,0,0,11,50,58,38,49,25,19,72,0,43,4,
18:29:12,37,12,57,0,62,24,28,0,0,58,43,13,26,0,4,53,32,0,0,11,50,58,38,49,25,19,72,0,43,4,
18:29:13,37,12,57,0,62,24,28,0,0,58,43,13,26,0,4,53,32,0,0,11,50,58,38,49,25,19,72,0,43,4,
18:29:14,37,12,57,0,62,24,28,0,0,58,43,13,26,0,4,53,32,0,0,11,50,58,38,49,25,19,72,0,43,4,
18:29:15,37,12,57,0,62,24,28,0,0,58,43,13,26,0,4,53,32,0,0,11,50,58,38,49,25,19,72,0,43,4,
18:29:16,37,12,57,0,62,24,28,0,0,58,43,13,26,0,4,53,32,0,0,11,50,58,38,49,25,19,72,0,43,4,
18:29:17,37,12,57,0,62,24,28,0,0,58,43,13,26,0,4,53,32,0,0,11,50,58,38,49,25,19,72,0,43,4,
18:29:18,37,12,57,0,62,24,28,0,0,58,43,13,26,0,4,53,32,0,0,11,50,58,38,49,25,19,72,0,43,4,
18:29:19,37,12,57,0,62,24,28,0,0,58,43,13,26,0,4,53,32,0,0,11,50,58,38,49,25,19,72,0,43,4,
18:29:20,37,12,57,0,62,24,28,0,0,59,43,13,26,0,4,53,37,0,0,11,53,58,38,50,25,19,74,0,43,4,
18:29:21,37,12,57,0,62,24,28,0,0,59,43,13,26,0,4,53,37,0,0,11,53,58,38,50,25,19,74,0,43,4,
18:29:22,37,12,57,0,62,24,28,0,0,59,43,13,26,0,4,53,37,0,0,11,53,58,38,50,25,19,74,0,43,4,
18:29:23,37,12,57,0,62,24,28,0,0,59,43,13,26,0,4,53,37,0,0,11,53,58,38,50,25,19,74,0,43,4,
18:29:24,37,12,57,0,62,24,28,0,0,59,43,13,26,0,4,53,37,0,0,11,53,58,38,50,25,19,74,0,43,4,
18:29:25,37,12,57,0,62,24,28,0,0,59,43,13,26,0,4,53,37,0,0,11,53,58,38,50,25,19,74,0,43,4,
18:29:26,37,12,57,0,62,24,28,0,0,59,43,13,26,0,4,53,37,0,0,11,53,58,38,50,25,19,74,0,43,4,
18:29:27,37,12,57,0,62,24,28,0,0,59,43,13,26,0,4,53,37,0,0,11,53,58,38,50,25,19,74,0,43,4,
18:29:28,37,12,57,0,62,24,28,0,0,59,43,13,26,0,4,53,37,0,0,11,53,58,38,50,25,19,74,0,43,4,
18:29:29,37,12,57,0,62,24,28,0,0,59,43,13,26,0,4,53,37,0,0,11,53,58,38,50,25,19,74,0,43,4,
18:29:30,37,12,57,0,62,24,28,0,0,59,43,13,26,0,4,53,37,0,0,11,53,58,38,50,25,19,74,0,43,4,
18:29:31,37,12,57,0,62,24,28,0,0,59,43,13,26,0,4,53,37,0,0,11,53,58,38,50,25,19,74,0,43,4,
18:29:32,37,12,57,0,62,24,28,0,0,59,43,13,26,0,4,53,37,0,0,11,53,58,38,50,25,19,74,0,43,4,
18:29:33,37,12,57,0,62,24,28,0,0,59,43,13,26,0,4,53,37,0,0,11,53,58,38,50,25,19,74,0,43,4,
18:29:34,37,12,57,0,62,24,28,0,0,59,43,13,26,0,4,53,37,0,0,11,53,58,38,50,25,19,74,0,43,4,
18:29:35,37,12,57,0,62,24,28,0,0,59,43,13,26,0,4,53,37,0,0,11,53,58,38,50,25,19,74,0,43,4,
18:29:36,37,12,57,0,62,24,28,0,0,59,43,13,26,0,4,53,37,0,0,11,53,58,38,50,25,19,74,0,43,4,
18:29:37,37,12,57,0,62,24,28,0,0,59,43,13,26,0,4,53,37,0,0,11,53,58,38,50,25,19,74,0,43,4,
18:29:38,37,12,57,0,62,24,28,0,0,59,43,13,26,0,4,53,37,0,0,11,53,58,38,50,25,19,74,0,43,4,
18:29:39,37,12,57,0,62,24,28,0,0,59,43,13,26,0,4,53,37,0,0,11,53,58,38,50,25,19,74,0,43,4,
18:29:40,37,12,57,0,62,24,28,0,0,59,43,13,26,0,4,53,37,0,0,11,53,58,38,50,25,19,74,0,43,4,
18:29:41,37,12,57,0,62,24,28,0,0,59,43,13,26,0,4,53,37,0,0,11,53,58,38,50,25,19,74,0,43,4,
18:29:42,37,12,57,0,62,24,28,0,0,59,43,13,26,0,4,53,37,0,0,11,53,58,38,50,25,19,74,0,43,4,
18:29:43,37,12,57,0,62,24,28,0,0,59,43,13,26,0,4,53,37,0,0,11,53,58,38,50,25,19,74,0,43,4,
18:29:44,37,12,57,0,62,24,28,0,0,59,43,13,26,0,4,53,37,0,0,11,53,58,38,50,25,19,74,0,43,4,
18:29:45,37,12,57,0,62,24,28,0,0,59,43,13,26,0,4,53,37,0,0,11,53,58,38,50,25,19,74,0,43,4,
18:29:46,37,12,57,0,62,24,28,0,0,59,43,13,26,0,4,53,37,0,0,11,53,58,38,50,25,19,74,0,43,4,
18:29:47,37,15,57,0,64,24,30,0,0,59,43,13,26,0,4,53,37,0,0,11,53,58,38,50,25,19,74,0,43,4,
18:29:48,37,15,57,0,64,24,30,0,0,59,43,13,26,0,4,53,37,0,0,11,53,58,38,50,25,19,74,0,43,4,
18:29:49,37,15,57,0,64,24,30,0,0,59,43,13,26,0,4,53,37,0,0,11,53,58,38,50,25,19,74,0,43,4,
18:29:50,37,15,57,0,64,24,30,0,0,59,43,13,26,0,4,53,37,0,0,11,53,58,38,50,25,19,74,0,43,4,
18:29:51,37,15,57,0,64,24,30,0,0,59,43,13,26,0,4,53,37,0,0,11,53,58,38,50,25,19,74,0,43,4,
18:29:52,37,15,57,0,64,24,30,0,0,59,43,13,26,0,4,53,37,0,0,11,53,58,38,50,25,19,74,0,43,4,
18:29:53,37,15,57,0,64,24,30,0,0,59,43,13,26,0,4,53,37,0,0,11,53,58,38,50,25,19,74,0,43,4,
18:29:54,37,15,57,0,64,24,30,0,0,59,43,13,26,0,4,53,37,0,0,11,53,58,38,50,25,19,74,0,43,4,
18:29:55,37,15,57,0,64,24,30,0,0,59,43,13,26,0,4,53,37,0,0,11,53,58,38,50,25,19,74,0,43,4,
18:29:56,37,15,57,0,64,24,30,0,0,59,43,13,26,0,4,53,37,0,0,11,53,58,38,50,25,19,74,0,43,4,
18:29:57,37,15,57,0,64,24,30,0,0,59,43,13,26,0,4,53,37,0,0,11,53,58,38,50,25,19,74,0,43,4,
18:29:58,37,15,57,0,64,24,30,0,0,59,43,13,26,0,4,53,37,0,0,11,53,58,38,50,25,19,74,0,43,4,
18:29:59,37,15,57,0,64,24,30,0,0,59,43,13,26,0,4,53,37,0,0,11,53,58,38,50,25,19,74,0,43,4,
18:30,37,15,57,0,64,24,30,0,0,59,43,13,26,0,4,53,37,0,0,11,53,58,38,50,25,19,74,0,43,4,
18:30:01,37,15,57,0,64,24,30,0,0,59,43,13,26,0,4,53,37,0,0,11,53,58,38,50,25,19,74,0,43,4,
18:30:02,37,15,57,0,64,24,30,0,0,59,43,13,26,0,4,53,37,0,0,11,53,58,38,50,25,19,74,0,43,4,
18:30:03,37,15,57,0,64,24,30,0,0,59,43,13,26,0,4,53,37,0,0,11,53,58,38,50,25,19,74,0,43,4,
18:30:04,37,15,57,0,64,24,30,0,0,59,43,13,26,0,4,53,37,0,0,11,53,58,38,50,25,19,74,0,43,4,
18:30:05,37,15,57,0,64,24,30,0,0,59,43,13,26,0,4,53,37,0,0,11,53,58,38,50,25,19,74,0,43,4,
18:30:06,37,15,57,0,64,24,30,0,0,59,43,13,26,0,4,53,37,0,0,11,53,58,38,50,25,19,74,0,43,4,
18:30:07,37,15,57,0,64,24,30,0,0,59,43,13,26,0,4,53,37,0,0,11,53,58,38,50,25,19,74,0,43,4,
18:30:08,37,15,57,0,64,24,30,0,0,59,43,13,26,0,4,53,37,0,0,11,53,58,38,50,25,19,74,0,43,4,
18:30:09,37,15,57,0,64,24,30,0,0,59,43,13,26,0,4,53,37,0,0,11,53,58,38,50,25,19,74,0,43,4,
18:30:10,37,15,57,0,64,24,30,0,0,59,43,13,26,0,4,53,37,0,0,11,53,58,38,50,25,19,74,0,43,4,
18:30:11,37,15,57,0,64,24,30,0,0,59,43,13,26,0,4,53,37,0,0,11,53,58,38,50,25,19,74,0,43,4,
18:30:12,37,15,57,0,64,24,30,0,0,59,43,13,26,0,4,53,37,0,0,11,53,58,38,50,25,19,74,0,43,4,
18:30:13,37,15,59,0,64,24,30,0,0,59,43,13,26,0,4,55,40,0,0,11,53,58,42,50,25,19,78,0,43,4,
18:30:14,37,15,59,0,64,24,30,0,0,59,43,13,26,0,4,55,40,0,0,11,53,58,42,50,25,19,78,0,43,4,
18:30:15,37,15,59,0,64,24,30,0,0,59,43,13,26,0,4,55,40,0,0,11,53,58,42,50,25,19,78,0,43,4,
18:30:16,37,15,59,0,64,24,30,0,0,59,43,13,26,0,4,55,40,0,0,11,53,58,42,50,25,19,78,0,43,4,
18:30:17,37,15,59,0,64,24,30,0,0,59,43,13,26,0,4,55,40,0,0,11,53,58,42,50,25,19,78,0,43,4,
18:30:18,37,15,59,0,64,24,30,0,0,59,43,13,26,0,4,55,40,0,0,11,53,58,42,50,25,19,78,0,43,4,
18:30:19,37,15,59,0,64,24,30,0,0,59,43,13,26,0,4,55,40,0,0,11,53,58,42,50,25,19,78,0,43,4,
18:30:20,37,15,59,0,64,24,30,0,0,59,43,13,26,0,4,55,40,0,0,11,53,58,42,50,25,19,78,0,43,4,
18:30:21,37,15,59,0,64,24,30,0,0,59,43,13,26,0,4,55,40,0,0,11,53,58,42,50,25,19,78,0,43,4,
18:30:22,37,15,59,0,64,24,30,0,0,59,43,13,26,0,4,55,40,0,0,11,53,58,42,50,25,19,78,0,43,4,
18:30:23,37,15,59,0,64,24,30,0,0,59,43,13,26,0,4,55,40,0,0,11,53,58,42,50,25,19,78,0,43,4,
18:30:24,37,15,59,0,64,24,30,0,0,59,43,13,26,0,4,55,40,0,0,11,53,58,42,50,25,19,78,0,43,4,
18:30:25,37,15,59,0,64,24,30,0,0,59,43,13,26,0,4,55,40,0,0,11,53,58,42,50,25,19,78,0,43,4,
18:30:26,37,15,59,0,64,24,30,0,0,59,43,13,26,0,4,55,40,0,0,11,53,58,42,50,25,19,78,0,43,4,
18:30:27,37,15,59,0,64,24,30,0,0,59,43,13,26,0,4,55,40,0,0,11,53,58,42,50,25,19,78,0,43,4,
18:30:28,37,15,59,0,64,24,30,0,0,59,43,13,26,0,4,55,40,0,0,11,53,58,42,50,25,19,78,0,43,4,
18:30:29,37,15,59,0,64,24,30,0,0,59,43,13,26,0,4,55,40,0,0,11,53,58,42,50,25,19,78,0,43,4,
18:30:30,37,15,59,0,64,24,30,0,0,59,43,13,26,0,4,55,40,0,0,11,53,58,42,50,25,19,78,0,43,4,
18:30:31,37,15,59,0,64,24,30,0,0,59,43,13,26,0,4,55,40,0,0,11,53,58,42,50,25,19,78,0,43,4,
18:30:32,37,15,59,0,64,24,30,0,0,59,43,13,26,0,4,55,40,0,0,11,53,58,42,50,25,19,78,0,43,4,
18:30:33,37,15,59,0,64,24,30,0,0,59,43,13,26,0,4,55,40,0,0,11,53,58,42,50,25,19,78,0,43,4,
18:30:34,37,15,59,0,64,24,30,0,0,59,43,13,26,0,4,55,40,0,0,11,53,58,42,50,25,19,78,0,43,4,
18:30:35,37,15,59,0,64,24,30,0,0,59,43,13,26,0,4,55,40,0,0,11,53,58,42,50,25,19,78,0,43,4,
18:30:36,37,15,59,0,64,24,30,0,0,59,43,13,26,0,4,55,40,0,0,11,53,58,42,50,25,19,78,0,43,4,
18:30:37,37,15,59,0,64,24,30,0,0,59,43,13,26,0,4,55,40,0,0,11,53,58,42,50,25,19,78,0,43,4,
18:30:38,37,15,59,0,64,24,30,0,0,59,43,13,26,0,4,55,40,0,0,11,53,58,42,50,25,19,78,0,43,4,
18:30:39,37,15,59,0,64,24,30,0,0,59,43,13,26,0,4,55,40,0,0,11,53,58,42,50,25,19,78,0,43,4,
18:30:40,37,15,59,0,64,24,30,0,0,59,43,13,26,0,4,55,40,0,0,11,53,58,42,50,25,19,78,0,43,4,
18:30:41,37,15,59,0,64,24,30,0,0,59,43,13,26,0,4,55,40,0,0,11,53,58,42,50,25,19,78,0,43,4,
18:30:42,37,15,59,0,64,24,30,0,0,59,43,13,26,0,4,55,40,0,0,11,53,58,42,50,25,19,78,0,43,4,
18:30:43,40,15,61,0,65,24,34,0,0,61,43,13,30,0,6,58,40,0,0,11,53,58,42,50,25,19,78,0,45,4,
18:30:44,40,15,61,0,65,24,34,0,0,61,43,13,30,0,6,58,40,0,0,11,53,58,42,50,25,19,78,0,45,4,
18:30:45,40,15,61,0,65,24,34,0,0,61,43,13,30,0,6,58,40,0,0,11,53,58,42,50,25,19,78,0,45,4,
18:30:46,40,15,61,0,65,24,34,0,0,61,43,13,30,0,6,58,40,0,0,11,53,58,42,50,25,19,78,0,45,4,
18:30:47,40,15,61,0,65,24,34,0,0,61,43,13,30,0,6,58,40,0,0,11,53,58,42,50,25,19,78,0,45,4,
18:30:48,40,15,61,0,65,24,34,0,0,61,43,13,30,0,6,58,40,0,0,11,53,58,42,50,25,19,78,0,45,4,
18:30:49,40,15,61,0,65,24,34,0,0,61,43,13,30,0,6,58,40,0,0,11,53,58,42,50,25,19,78,0,45,4,
18:30:50,40,15,61,0,65,24,34,0,0,61,43,13,30,0,6,58,40,0,0,11,53,58,42,50,25,19,78,0,45,4,
18:30:51,40,15,61,0,65,24,34,0,0,61,43,13,30,0,6,58,40,0,0,11,53,58,42,50,25,19,78,0,45,4,
18:30:52,40,15,61,0,65,24,34,0,0,61,43,13,30,0,6,58,40,0,0,11,53,58,42,50,25,19,78,0,45,4,
18:30:53,40,15,61,0,65,24,34,0,0,61,43,13,30,0,6,58,40,0,0,11,53,58,42,50,25,19,78,0,45,4,
18:30:54,40,15,61,0,65,24,34,0,0,61,43,13,30,0,6,58,40,0,0,11,53,58,42,50,25,19,78,0,45,4,
18:30:55,40,15,61,0,65,24,34,0,0,61,43,13,30,0,6,58,40,0,0,11,53,58,42,50,25,19,78,0,45,4,
18:30:56,40,15,61,0,65,24,34,0,0,61,43,13,30,0,6,58,40,0,0,11,53,58,42,50,25,19,78,0,45,4,
18:30:57,40,15,61,0,65,24,34,0,0,61,43,13,30,0,6,58,40,0,0,11,53,58,42,50,25,19,78,0,45,4,
18:30:58,40,15,61,0,65,24,34,0,0,61,43,13,30,0,6,58,40,0,0,11,53,58,42,50,25,19,78,0,45,4,
18:30:59,40,15,61,0,65,24,34,0,0,61,43,13,30,0,6,58,40,0,0,11,53,58,42,50,25,19,78,0,45,4,
18:31,40,15,61,0,65,24,34,0,0,61,43,13,30,0,6,58,40,0,0,11,53,58,42,50,25,19,78,0,45,4,
18:31:01,40,15,61,0,65,24,34,0,0,61,43,13,30,0,6,58,40,0,0,11,53,58,42,50,25,19,78,0,45,4,
18:31:02,40,15,61,0,65,24,34,0,0,61,43,13,30,0,6,58,40,0,0,11,53,58,42,50,25,19,78,0,45,4,
18:31:03,40,15,61,0,65,24,34,0,0,61,43,13,30,0,6,58,40,0,0,11,53,58,42,50,25,19,78,0,45,4,
18:31:04,40,15,61,0,65,24,34,0,0,61,43,13,30,0,6,58,40,0,0,11,53,58,42,50,25,19,78,0,45,4,
18:31:05,40,15,61,0,65,24,34,0,0,61,43,13,30,0,6,58,40,0,0,11,53,58,42,50,25,19,78,0,45,4,
18:31:06,40,15,61,0,65,24,34,0,0,61,43,13,30,0,6,58,40,0,0,11,53,58,42,50,25,19,78,0,45,4,
18:31:07,40,15,61,0,65,24,34,0,0,61,43,13,30,0,6,58,40,0,0,11,53,58,42,50,25,19,78,0,45,4,
18:31:08,40,15,61,0,65,24,34,0,0,61,43,13,30,0,6,58,40,0,0,11,53,58,42,50,25,19,78,0,45,4,
18:31:09,40,15,61,0,65,24,34,0,0,61,43,13,30,0,6,58,40,0,0,11,53,58,42,50,25,19,78,0,45,4,
18:31:10,40,15,61,0,65,24,34,0,0,61,43,13,30,0,6,58,40,0,0,11,53,58,42,50,25,19,78,0,45,4,
18:31:11,40,15,61,0,65,24,34,0,0,61,43,13,30,0,6,58,40,0,0,11,53,58,42,50,25,19,78,0,45,4,
18:31:12,40,15,61,0,65,24,34,0,0,61,43,13,30,0,6,58,40,0,0,11,53,58,42,50,25,19,78,0,45,4,
18:31:13,40,15,61,0,65,24,34,0,0,61,43,13,30,0,6,58,40,0,0,11,53,58,42,50,25,19,78,0,45,4,
18:31:14,40,15,61,0,65,24,34,0,0,61,43,13,30,0,6,58,40,0,0,11,53,58,42,50,25,19,78,0,45,4,
18:31:15,40,17,61,0,65,24,34,0,0,61,43,15,30,0,6,58,40,0,0,11,53,60,42,50,31,19,80,0,46,4,
18:31:16,40,17,61,0,65,24,34,0,0,61,43,15,30,0,6,58,40,0,0,11,53,60,42,50,31,19,80,0,46,4,
18:31:17,40,17,61,0,65,24,34,0,0,61,43,15,30,0,6,58,40,0,0,11,53,60,42,50,31,19,80,0,46,4,
18:31:18,40,17,61,0,65,24,34,0,0,61,43,15,30,0,6,58,40,0,0,11,53,60,42,50,31,19,80,0,46,4,
18:31:19,40,17,61,0,65,24,34,0,0,61,43,15,30,0,6,58,40,0,0,11,53,60,42,50,31,19,80,0,46,4,
18:31:20,40,17,61,0,65,24,34,0,0,61,43,15,30,0,6,58,40,0,0,11,53,60,42,50,31,19,80,0,46,4,
18:31:21,40,17,61,0,65,24,34,0,0,61,43,15,30,0,6,58,40,0,0,11,53,60,42,50,31,19,80,0,46,4,
18:31:22,40,17,61,0,65,24,34,0,0,61,43,15,30,0,6,58,40,0,0,11,53,60,42,50,31,19,80,0,46,4,
18:31:23,40,17,61,0,65,24,34,0,0,61,43,15,30,0,6,58,40,0,0,11,53,60,42,50,31,19,80,0,46,4,
18:31:24,40,17,61,0,65,24,34,0,0,61,43,15,30,0,6,58,40,0,0,11,53,60,42,50,31,19,80,0,46,4,
18:31:25,40,17,61,0,65,24,34,0,0,61,43,15,30,0,6,58,40,0,0,11,53,60,42,50,31,19,80,0,46,4,
18:31:26,40,17,61,0,65,24,34,0,0,61,43,15,30,0,6,58,40,0,0,11,53,60,42,50,31,19,80,0,46,4,
18:31:27,40,17,61,0,65,24,34,0,0,61,43,15,30,0,6,58,40,0,0,11,53,60,42,50,31,19,80,0,46,4,
18:31:28,40,17,61,0,65,24,34,0,0,61,43,15,30,0,6,58,40,0,0,11,53,60,42,50,31,19,80,0,46,4,
18:31:29,40,17,61,0,65,24,34,0,0,61,43,15,30,0,6,58,40,0,0,11,53,60,42,50,31,19,80,0,46,4,
18:31:30,40,17,61,0,65,24,34,0,0,61,43,15,30,0,6,58,40,0,0,11,53,60,42,50,31,19,80,0,46,4,
18:31:31,40,17,61,0,65,24,34,0,0,61,43,15,30,0,6,58,40,0,0,11,53,60,42,50,31,19,80,0,46,4,
18:31:32,40,17,61,0,65,24,34,0,0,61,43,15,30,0,6,58,40,0,0,11,53,60,42,50,31,19,80,0,46,4,
18:31:33,40,17,61,0,65,24,34,0,0,61,43,15,30,0,6,58,40,0,0,11,53,60,42,50,31,19,80,0,46,4,
18:31:34,40,17,61,0,65,24,34,0,0,61,43,15,30,0,6,58,40,0,0,11,53,60,42,50,31,19,80,0,46,4,
18:31:35,40,17,61,0,65,24,34,0,0,61,43,15,30,0,6,58,40,0,0,11,53,60,42,50,31,19,80,0,46,4,
18:31:36,40,17,61,0,65,24,34,0,0,61,43,15,30,0,6,58,40,0,0,11,53,60,42,50,31,19,80,0,46,4,
18:31:37,40,17,61,0,65,24,34,0,0,61,43,15,30,0,6,58,40,0,0,11,53,60,42,50,31,19,80,0,46,4,
18:31:38,40,17,61,0,65,24,34,0,0,61,43,15,30,0,6,58,40,0,0,11,53,60,42,50,31,19,80,0,46,4,
18:31:39,40,17,61,0,65,24,34,0,0,61,43,15,30,0,6,58,40,0,0,11,53,60,42,50,31,19,80,0,46,4,
18:31:40,40,17,61,0,65,24,34,0,0,61,43,15,30,0,6,58,40,0,0,11,53,60,42,50,31,19,80,0,46,4,
18:31:41,40,17,61,0,65,24,34,0,0,61,43,15,30,0,6,58,40,0,0,11,53,60,42,50,31,19,80,0,46,4,
18:31:42,40,17,61,0,65,24,34,0,0,61,43,15,30,0,6,58,40,0,0,11,53,60,42,50,31,19,80,0,46,4,
18:31:43,42,17,63,0,65,26,34,0,0,61,43,15,30,0,6,58,42,0,0,11,53,62,42,50,33,19,82,0,46,4,
18:31:44,42,17,63,0,65,26,34,0,0,61,43,15,30,0,6,58,42,0,0,11,53,62,42,50,33,19,82,0,46,4,
18:31:45,42,17,63,0,65,26,34,0,0,61,43,15,30,0,6,58,42,0,0,11,53,62,42,50,33,19,82,0,46,4,
18:31:46,42,17,63,0,65,26,34,0,0,61,43,15,30,0,6,58,42,0,0,11,53,62,42,50,33,19,82,0,46,4,
18:31:47,42,17,63,0,65,26,34,0,0,61,43,15,30,0,6,58,42,0,0,11,53,62,42,50,33,19,82,0,46,4,
18:31:48,42,17,63,0,65,26,34,0,0,61,43,15,30,0,6,58,42,0,0,11,53,62,42,50,33,19,82,0,46,4,
18:31:49,42,17,63,0,65,26,34,0,0,61,43,15,30,0,6,58,42,0,0,11,53,62,42,50,33,19,82,0,46,4,
18:31:50,42,17,63,0,65,26,34,0,0,61,43,15,30,0,6,58,42,0,0,11,53,62,42,50,33,19,82,0,46,4,
18:31:51,42,17,63,0,65,26,34,0,0,61,43,15,30,0,6,58,42,0,0,11,53,62,42,50,33,19,82,0,46,4,
18:31:52,42,17,63,0,65,26,34,0,0,61,43,15,30,0,6,58,42,0,0,11,53,62,42,50,33,19,82,0,46,4,
18:31:53,42,17,63,0,65,26,34,0,0,61,43,15,30,0,6,58,42,0,0,11,53,62,42,50,33,19,82,0,46,4,
18:31:54,42,17,63,0,65,26,34,0,0,61,43,15,30,0,6,58,42,0,0,11,53,62,42,50,33,19,82,0,46,4,
18:31:55,42,17,63,0,65,26,34,0,0,61,43,15,30,0,6,58,42,0,0,11,53,62,42,50,33,19,82,0,46,4,
18:31:56,42,17,63,0,65,26,34,0,0,61,43,15,30,0,6,58,42,0,0,11,53,62,42,50,33,19,82,0,46,4,
18:31:57,42,17,63,0,65,26,34,0,0,61,43,15,30,0,6,58,42,0,0,11,53,62,42,50,33,19,82,0,46,4,
18:31:58,42,17,63,0,65,26,34,0,0,61,43,15,30,0,6,58,42,0,0,11,53,62,42,50,33,19,82,0,46,4,
18:31:59,42,17,63,0,65,26,34,0,0,61,43,15,30,0,6,58,42,0,0,11,53,62,42,50,33,19,82,0,46,4,
18:32,42,17,63,0,65,26,34,0,0,61,43,15,30,0,6,58,42,0,0,11,53,62,42,50,33,19,82,0,46,4,
18:32:01,42,17,63,0,65,26,34,0,0,61,43,15,30,0,6,58,42,0,0,11,53,62,42,50,33,19,82,0,46,4,
18:32:02,42,17,63,0,65,26,34,0,0,61,43,15,30,0,6,58,42,0,0,11,53,62,42,50,33,19,82,0,46,4,
18:32:03,42,17,63,0,65,26,34,0,0,61,43,15,30,0,6,58,42,0,0,11,53,62,42,50,33,19,82,0,46,4,
18:32:04,42,17,63,0,65,26,34,0,0,61,43,15,30,0,6,58,42,0,0,11,53,62,42,50,33,19,82,0,46,4,
18:32:05,42,17,63,0,65,26,34,0,0,61,43,15,30,0,6,58,42,0,0,11,53,62,42,50,33,19,82,0,46,4,
18:32:06,42,17,63,0,65,26,34,0,0,61,43,15,30,0,6,58,42,0,0,11,53,62,42,50,33,19,82,0,46,4,
18:32:07,42,17,63,0,65,26,34,0,0,61,43,15,30,0,6,58,42,0,0,11,53,62,42,50,33,19,82,0,46,4,
18:32:08,42,17,63,0,65,26,34,0,0,61,43,15,30,0,6,58,42,0,0,11,53,62,42,50,33,19,82,0,46,4,
18:32:09,42,17,63,0,65,26,34,0,0,61,43,15,30,0,6,58,42,0,0,11,53,62,42,50,33,19,82,0,46,4,
18:32:10,42,17,63,0,65,26,34,0,0,61,43,15,30,0,6,58,42,0,0,11,53,62,42,50,33,19,82,0,46,4,
18:32:11,42,17,63,0,65,26,34,0,0,61,43,15,30,0,6,58,42,0,0,11,53,62,42,50,33,19,82,0,46,4,
18:32:12,44,17,63,0,65,26,34,0,0,65,43,15,32,0,6,58,42,0,0,11,54,62,42,50,33,19,82,0,46,4,
18:32:13,44,17,63,0,65,26,34,0,0,65,43,15,32,0,6,58,42,0,0,11,54,62,42,50,33,19,82,0,46,4,
18:32:14,44,17,63,0,65,26,34,0,0,65,43,15,32,0,6,58,42,0,0,11,54,62,42,50,33,19,82,0,46,4,
18:32:15,44,17,63,0,65,26,34,0,0,65,43,15,32,0,6,58,42,0,0,11,54,62,42,50,33,19,82,0,46,4,
18:32:16,44,17,63,0,65,26,34,0,0,65,43,15,32,0,6,58,42,0,0,11,54,62,42,50,33,19,82,0,46,4,
18:32:17,44,17,63,0,65,26,34,0,0,65,43,15,32,0,6,58,42,0,0,11,54,62,42,50,33,19,82,0,46,4,
18:32:18,44,17,63,0,65,26,34,0,0,65,43,15,32,0,6,58,42,0,0,11,54,62,42,50,33,19,82,0,46,4,
18:32:19,44,17,63,0,65,26,34,0,0,65,43,15,32,0,6,58,42,0,0,11,54,62,42,50,33,19,82,0,46,4,
18:32:20,44,17,63,0,65,26,34,0,0,65,43,15,32,0,6,58,42,0,0,11,54,62,42,50,33,19,82,0,46,4,
18:32:21,44,17,63,0,65,26,34,0,0,65,43,15,32,0,6,58,42,0,0,11,54,62,42,50,33,19,82,0,46,4,
18:32:22,44,17,63,0,65,26,34,0,0,65,43,15,32,0,6,58,42,0,0,11,54,62,42,50,33,19,82,0,46,4,
18:32:23,44,17,63,0,65,26,34,0,0,65,43,15,32,0,6,58,42,0,0,11,54,62,42,50,33,19,82,0,46,4,
18:32:24,44,17,63,0,65,26,34,0,0,65,43,15,32,0,6,58,42,0,0,11,54,62,42,50,33,19,82,0,46,4,
18:32:25,44,17,63,0,65,26,34,0,0,65,43,15,32,0,6,58,42,0,0,11,54,62,42,50,33,19,82,0,46,4,
18:32:26,44,17,63,0,65,26,34,0,0,65,43,15,32,0,6,58,42,0,0,11,54,62,42,50,33,19,82,0,46,4,
18:32:27,44,17,63,0,65,26,34,0,0,65,43,15,32,0,6,58,42,0,0,11,54,62,42,50,33,19,82,0,46,4,
18:32:28,44,17,63,0,65,26,34,0,0,65,43,15,32,0,6,58,42,0,0,11,54,62,42,50,33,19,82,0,46,4,
18:32:29,44,17,63,0,65,26,34,0,0,65,43,15,32,0,6,58,42,0,0,11,54,62,42,50,33,19,82,0,46,4,
18:32:30,44,17,63,0,65,26,34,0,0,65,43,15,32,0,6,58,42,0,0,11,54,62,42,50,33,19,82,0,46,4,
18:32:31,44,17,63,0,65,26,34,0,0,65,43,15,32,0,6,58,42,0,0,11,54,62,42,50,33,19,82,0,46,4,
18:32:32,44,17,63,0,65,26,34,0,0,65,43,15,32,0,6,58,42,0,0,11,54,62,42,50,33,19,82,0,46,4,
18:32:33,44,17,63,0,65,26,34,0,0,65,43,15,32,0,6,58,42,0,0,11,54,62,42,50,33,19,82,0,46,4,
18:32:34,44,17,63,0,65,26,34,0,0,65,43,15,32,0,6,58,42,0,0,11,54,62,42,50,33,19,82,0,46,4,
18:32:35,44,17,63,0,65,26,34,0,0,65,43,15,32,0,6,58,42,0,0,11,54,62,42,50,33,19,82,0,46,4,
18:32:36,44,17,63,0,65,26,34,0,0,65,43,15,32,0,6,58,42,0,0,11,54,62,42,50,33,19,82,0,46,4,
18:32:37,44,17,63,0,65,26,34,0,0,65,43,15,32,0,6,58,42,0,0,11,54,62,42,50,33,19,82,0,46,4,
18:32:38,44,17,63,0,65,26,34,0,0,65,43,15,32,0,6,58,42,0,0,11,54,62,42,50,33,19,82,0,46,4,
18:32:39,44,17,63,0,65,26,34,0,0,65,43,15,32,0,6,58,42,0,0,11,54,62,42,50,33,19,82,0,46,4,
18:32:40,44,17,63,0,65,26,34,0,0,65,43,15,32,0,6,58,42,0,0,11,54,62,42,50,33,19,82,0,46,4,
18:32:41,44,17,63,0,65,26,34,0,0,65,43,15,32,0,6,58,42,0,0,11,54,62,42,50,33,19,82,0,46,4,
18:32:42,44,17,63,0,65,26,34,0,0,65,43,15,32,0,6,58,42,0,0,11,54,62,42,50,33,19,82,0,46,4,
18:32:43,44,17,63,0,65,26,34,0,0,65,43,15,32,0,6,58,42,0,0,11,54,62,42,50,33,19,82,0,46,4,
18:32:44,44,19,63,0,67,26,34,0,0,67,45,15,32,0,6,58,45,0,0,11,54,62,42,50,33,19,82,0,46,4,
18:32:45,44,19,63,0,67,26,34,0,0,67,45,15,32,0,6,58,45,0,0,11,54,62,42,50,33,19,82,0,46,4,
18:32:46,44,19,63,0,67,26,34,0,0,67,45,15,32,0,6,58,45,0,0,11,54,62,42,50,33,19,82,0,46,4,
18:32:47,44,19,63,0,67,26,34,0,0,67,45,15,32,0,6,58,45,0,0,11,54,62,42,50,33,19,82,0,46,4,
18:32:48,44,19,63,0,67,26,34,0,0,67,45,15,32,0,6,58,45,0,0,11,54,62,42,50,33,19,82,0,46,4,
18:32:49,44,19,63,0,67,26,34,0,0,67,45,15,32,0,6,58,45,0,0,11,54,62,42,50,33,19,82,0,46,4,
18:32:50,44,19,63,0,67,26,34,0,0,67,45,15,32,0,6,58,45,0,0,11,54,62,42,50,33,19,82,0,46,4,
18:32:51,44,19,63,0,67,26,34,0,0,67,45,15,32,0,6,58,45,0,0,11,54,62,42,50,33,19,82,0,46,4,
18:32:52,44,19,63,0,67,26,34,0,0,67,45,15,32,0,6,58,45,0,0,11,54,62,42,50,33,19,82,0,46,4,
18:32:53,44,19,63,0,67,26,34,0,0,67,45,15,32,0,6,58,45,0,0,11,54,62,42,50,33,19,82,0,46,4,
18:32:54,44,19,63,0,67,26,34,0,0,67,45,15,32,0,6,58,45,0,0,11,54,62,42,50,33,19,82,0,46,4,
18:32:55,44,19,63,0,67,26,34,0,0,67,45,15,32,0,6,58,45,0,0,11,54,62,42,50,33,19,82,0,46,4,
18:32:56,44,19,63,0,67,26,34,0,0,67,45,15,32,0,6,58,45,0,0,11,54,62,42,50,33,19,82,0,46,4,
18:32:57,44,19,63,0,67,26,34,0,0,67,45,15,32,0,6,58,45,0,0,11,54,62,42,50,33,19,82,0,46,4,
18:32:58,44,19,63,0,67,26,34,0,0,67,45,15,32,0,6,58,45,0,0,11,54,62,42,50,33,19,82,0,46,4,
18:32:59,44,19,63,0,67,26,34,0,0,67,45,15,32,0,6,58,45,0,0,11,54,62,42,50,33,19,82,0,46,4,
18:33,44,19,63,0,67,26,34,0,0,67,45,15,32,0,6,58,45,0,0,11,54,62,42,50,33,19,82,0,46,4,
18:33:01,44,19,63,0,67,26,34,0,0,67,45,15,32,0,6,58,45,0,0,11,54,62,42,50,33,19,82,0,46,4,
18:33:02,44,19,63,0,67,26,34,0,0,67,45,15,32,0,6,58,45,0,0,11,54,62,42,50,33,19,82,0,46,4,
18:33:03,44,19,63,0,67,26,34,0,0,67,45,15,32,0,6,58,45,0,0,11,54,62,42,50,33,19,82,0,46,4,
18:33:04,44,19,63,0,67,26,34,0,0,67,45,15,32,0,6,58,45,0,0,11,54,62,42,50,33,19,82,0,46,4,
18:33:05,44,19,63,0,67,26,34,0,0,67,45,15,32,0,6,58,45,0,0,11,54,62,42,50,33,19,82,0,46,4,
18:33:06,44,19,63,0,67,26,34,0,0,67,45,15,32,0,6,58,45,0,0,11,54,62,42,50,33,19,82,0,46,4,
18:33:07,44,19,63,0,67,26,34,0,0,67,45,15,32,0,6,58,45,0,0,11,54,62,42,50,33,19,82,0,46,4,
18:33:08,44,19,63,0,67,26,34,0,0,67,45,15,32,0,6,58,45,0,0,11,54,62,42,50,33,19,82,0,46,4,
18:33:09,44,19,63,0,67,26,34,0,0,67,45,15,32,0,6,58,45,0,0,11,54,62,42,50,33,19,82,0,46,4,
18:33:10,44,19,63,0,67,26,34,0,0,67,45,15,32,0,6,58,45,0,0,11,54,62,42,50,33,19,82,0,46,4,
18:33:11,44,19,63,0,67,26,34,0,0,67,45,15,32,0,6,58,45,0,0,11,54,62,42,50,33,19,82,0,46,4,
18:33:12,44,19,63,0,67,26,34,0,0,67,45,15,32,0,6,58,45,0,0,11,54,62,42,50,33,19,82,0,46,4,
18:33:13,46,19,63,0,67,26,38,0,0,67,45,15,32,0,6,60,45,0,0,11,54,62,42,52,33,19,82,0,46,5,
18:33:14,46,19,63,0,67,26,38,0,0,67,45,15,32,0,6,60,45,0,0,11,54,62,42,52,33,19,82,0,46,5,
18:33:15,46,19,63,0,67,26,38,0,0,67,45,15,32,0,6,60,45,0,0,11,54,62,42,52,33,19,82,0,46,5,
18:33:16,46,19,63,0,67,26,38,0,0,67,45,15,32,0,6,60,45,0,0,11,54,62,42,52,33,19,82,0,46,5,
18:33:17,46,19,63,0,67,26,38,0,0,67,45,15,32,0,6,60,45,0,0,11,54,62,42,52,33,19,82,0,46,5,
18:33:18,46,19,63,0,67,26,38,0,0,67,45,15,32,0,6,60,45,0,0,11,54,62,42,52,33,19,82,0,46,5,
18:33:19,46,19,63,0,67,26,38,0,0,67,45,15,32,0,6,60,45,0,0,11,54,62,42,52,33,19,82,0,46,5,
18:33:20,46,19,63,0,67,26,38,0,0,67,45,15,32,0,6,60,45,0,0,11,54,62,42,52,33,19,82,0,46,5,
18:33:21,46,19,63,0,67,26,38,0,0,67,45,15,32,0,6,60,45,0,0,11,54,62,42,52,33,19,82,0,46,5,
18:33:22,46,19,63,0,67,26,38,0,0,67,45,15,32,0,6,60,45,0,0,11,54,62,42,52,33,19,82,0,46,5,
18:33:23,46,19,63,0,67,26,38,0,0,67,45,15,32,0,6,60,45,0,0,11,54,62,42,52,33,19,82,0,46,5,
18:33:24,46,19,63,0,67,26,38,0,0,67,45,15,32,0,6,60,45,0,0,11,54,62,42,52,33,19,82,0,46,5,
18:33:25,46,19,63,0,67,26,38,0,0,67,45,15,32,0,6,60,45,0,0,11,54,62,42,52,33,19,82,0,46,5,
18:33:26,46,19,63,0,67,26,38,0,0,67,45,15,32,0,6,60,45,0,0,11,54,62,42,52,33,19,82,0,46,5,
18:33:27,46,19,63,0,67,26,38,0,0,67,45,15,32,0,6,60,45,0,0,11,54,62,42,52,33,19,82,0,46,5,
18:33:28,46,19,63,0,67,26,38,0,0,67,45,15,32,0,6,60,45,0,0,11,54,62,42,52,33,19,82,0,46,5,
18:33:29,46,19,63,0,67,26,38,0,0,67,45,15,32,0,6,60,45,0,0,11,54,62,42,52,33,19,82,0,46,5,
18:33:30,46,19,63,0,67,26,38,0,0,67,45,15,32,0,6,60,45,0,0,11,54,62,42,52,33,19,82,0,46,5,
18:33:31,46,19,63,0,67,26,38,0,0,67,45,15,32,0,6,60,45,0,0,11,54,62,42,52,33,19,82,0,46,5,
18:33:32,46,19,63,0,67,26,38,0,0,67,45,15,32,0,6,60,45,0,0,11,54,62,42,52,33,19,82,0,46,5,
18:33:33,46,19,63,0,67,26,38,0,0,67,45,15,32,0,6,60,45,0,0,11,54,62,42,52,33,19,82,0,46,5,
18:33:34,46,19,63,0,67,26,38,0,0,67,45,15,32,0,6,60,45,0,0,11,54,62,42,52,33,19,82,0,46,5,
18:33:35,46,19,63,0,67,26,38,0,0,67,45,15,32,0,6,60,45,0,0,11,54,62,42,52,33,19,82,0,46,5,
18:33:36,46,19,63,0,67,26,38,0,0,67,45,15,32,0,6,60,45,0,0,11,54,62,42,52,33,19,82,0,46,5,
18:33:37,46,19,63,0,67,26,38,0,0,67,45,15,32,0,6,60,45,0,0,11,54,62,42,52,33,19,82,0,46,5,
18:33:38,46,19,63,0,67,26,38,0,0,67,45,15,32,0,6,60,45,0,0,11,54,62,42,52,33,19,82,0,46,5,
18:33:39,46,19,63,0,67,26,38,0,0,67,45,15,32,0,6,60,45,0,0,11,54,62,42,52,33,19,82,0,46,5,
18:33:40,46,19,63,0,67,26,38,0,0,67,45,15,32,0,6,60,45,0,0,11,54,62,42,52,33,19,82,0,46,5,
18:33:41,48,19,64,0,74,28,42,0,0,69,49,19,32,0,6,60,45,0,0,11,56,62,42,52,38,19,86,0,48,5,
18:33:42,48,19,64,0,74,28,42,0,0,69,49,19,32,0,6,60,45,0,0,11,56,62,42,52,38,19,86,0,48,5,
18:33:43,48,19,64,0,74,28,42,0,0,69,49,19,32,0,6,60,45,0,0,11,56,62,42,52,38,19,86,0,48,5,
18:33:44,48,19,64,0,74,28,42,0,0,69,49,19,32,0,6,60,45,0,0,11,56,62,42,52,38,19,86,0,48,5,
18:33:45,48,19,64,0,74,28,42,0,0,69,49,19,32,0,6,60,45,0,0,11,56,62,42,52,38,19,86,0,48,5,
18:33:46,48,19,64,0,74,28,42,0,0,69,49,19,32,0,6,60,45,0,0,11,56,62,42,52,38,19,86,0,48,5,
18:33:47,48,19,64,0,74,28,42,0,0,69,49,19,32,0,6,60,45,0,0,11,56,62,42,52,38,19,86,0,48,5,
18:33:48,48,19,64,0,74,28,42,0,0,69,49,19,32,0,6,60,45,0,0,11,56,62,42,52,38,19,86,0,48,5,
18:33:49,48,19,64,0,74,28,42,0,0,69,49,19,32,0,6,60,45,0,0,11,56,62,42,52,38,19,86,0,48,5,
18:33:50,48,19,64,0,74,28,42,0,0,69,49,19,32,0,6,60,45,0,0,11,56,62,42,52,38,19,86,0,48,5,
18:33:51,48,19,64,0,74,28,42,0,0,69,49,19,32,0,6,60,45,0,0,11,56,62,42,52,38,19,86,0,48,5,
18:33:52,48,19,64,0,74,28,42,0,0,69,49,19,32,0,6,60,45,0,0,11,56,62,42,52,38,19,86,0,48,5,
18:33:53,48,19,64,0,74,28,42,0,0,69,49,19,32,0,6,60,45,0,0,11,56,62,42,52,38,19,86,0,48,5,
18:33:54,48,19,64,0,74,28,42,0,0,69,49,19,32,0,6,60,45,0,0,11,56,62,42,52,38,19,86,0,48,5,
18:33:55,48,19,64,0,74,28,42,0,0,69,49,19,32,0,6,60,45,0,0,11,56,62,42,52,38,19,86,0,48,5,
18:33:56,48,19,64,0,74,28,42,0,0,69,49,19,32,0,6,60,45,0,0,11,56,62,42,52,38,19,86,0,48,5,
18:33:57,48,19,64,0,74,28,42,0,0,69,49,19,32,0,6,60,45,0,0,11,56,62,42,52,38,19,86,0,48,5,
18:33:58,48,19,64,0,74,28,42,0,0,69,49,19,32,0,6,60,45,0,0,11,56,62,42,52,38,19,86,0,48,5,
18:33:59,48,19,64,0,74,28,42,0,0,69,49,19,32,0,6,60,45,0,0,11,56,62,42,52,38,19,86,0,48,5,
18:34,48,19,64,0,74,28,42,0,0,69,49,19,32,0,6,60,45,0,0,11,56,62,42,52,38,19,86,0,48,5,
18:34:01,48,19,64,0,74,28,42,0,0,69,49,19,32,0,6,60,45,0,0,11,56,62,42,52,38,19,86,0,48,5,
18:34:02,48,19,64,0,74,28,42,0,0,69,49,19,32,0,6,60,45,0,0,11,56,62,42,52,38,19,86,0,48,5,
18:34:03,48,19,64,0,74,28,42,0,0,69,49,19,32,0,6,60,45,0,0,11,56,62,42,52,38,19,86,0,48,5,
18:34:04,48,19,64,0,74,28,42,0,0,69,49,19,32,0,6,60,45,0,0,11,56,62,42,52,38,19,86,0,48,5,
18:34:05,48,19,64,0,74,28,42,0,0,69,49,19,32,0,6,60,45,0,0,11,56,62,42,52,38,19,86,0,48,5,
18:34:06,48,19,64,0,74,28,42,0,0,69,49,19,32,0,6,60,45,0,0,11,56,62,42,52,38,19,86,0,48,5,
18:34:07,48,19,64,0,74,28,42,0,0,69,49,19,32,0,6,60,45,0,0,11,56,62,42,52,38,19,86,0,48,5,
18:34:08,48,19,64,0,74,28,42,0,0,69,49,19,32,0,6,60,45,0,0,11,56,62,42,52,38,19,86,0,48,5,
18:34:09,48,19,64,0,74,28,42,0,0,69,49,19,32,0,6,60,45,0,0,11,56,62,42,52,38,19,86,0,48,5,
18:34:10,48,19,64,0,74,28,42,0,0,69,49,19,32,0,6,60,45,0,0,11,56,62,42,52,38,19,86,0,48,5,
18:34:11,48,19,64,0,74,28,42,0,0,69,49,19,32,0,6,60,45,0,0,11,56,62,42,52,38,19,86,0,48,5,
18:34:12,48,19,64,0,74,28,44,0,0,69,49,19,34,0,6,60,45,0,0,11,56,64,42,52,38,19,90,0,48,5,
18:34:13,48,19,64,0,74,28,44,0,0,69,49,19,34,0,6,60,45,0,0,11,56,64,42,52,38,19,90,0,48,5,
18:34:14,48,19,64,0,74,28,44,0,0,69,49,19,34,0,6,60,45,0,0,11,56,64,42,52,38,19,90,0,48,5,
18:34:15,48,19,64,0,74,28,44,0,0,69,49,19,34,0,6,60,45,0,0,11,56,64,42,52,38,19,90,0,48,5,
18:34:16,48,19,64,0,74,28,44,0,0,69,49,19,34,0,6,60,45,0,0,11,56,64,42,52,38,19,90,0,48,5,
18:34:17,48,19,64,0,74,28,44,0,0,69,49,19,34,0,6,60,45,0,0,11,56,64,42,52,38,19,90,0,48,5,
18:34:18,48,19,64,0,74,28,44,0,0,69,49,19,34,0,6,60,45,0,0,11,56,64,42,52,38,19,90,0,48,5,
18:34:19,48,19,64,0,74,28,44,0,0,69,49,19,34,0,6,60,45,0,0,11,56,64,42,52,38,19,90,0,48,5,
18:34:20,48,19,64,0,74,28,44,0,0,69,49,19,34,0,6,60,45,0,0,11,56,64,42,52,38,19,90,0,48,5,
18:34:21,48,19,64,0,74,28,44,0,0,69,49,19,34,0,6,60,45,0,0,11,56,64,42,52,38,19,90,0,48,5,
18:34:22,48,19,64,0,74,28,44,0,0,69,49,19,34,0,6,60,45,0,0,11,56,64,42,52,38,19,90,0,48,5,
18:34:23,48,19,64,0,74,28,44,0,0,69,49,19,34,0,6,60,45,0,0,11,56,64,42,52,38,19,90,0,48,5,
18:34:24,48,19,64,0,74,28,44,0,0,69,49,19,34,0,6,60,45,0,0,11,56,64,42,52,38,19,90,0,48,5,
18:34:25,48,19,64,0,74,28,44,0,0,69,49,19,34,0,6,60,45,0,0,11,56,64,42,52,38,19,90,0,48,5,
18:34:26,48,19,64,0,74,28,44,0,0,69,49,19,34,0,6,60,45,0,0,11,56,64,42,52,38,19,90,0,48,5,
18:34:27,48,19,64,0,74,28,44,0,0,69,49,19,34,0,6,60,45,0,0,11,56,64,42,52,38,19,90,0,48,5,
18:34:28,48,19,64,0,74,28,44,0,0,69,49,19,34,0,6,60,45,0,0,11,56,64,42,52,38,19,90,0,48,5,
18:34:29,48,19,64,0,74,28,44,0,0,69,49,19,34,0,6,60,45,0,0,11,56,64,42,52,38,19,90,0,48,5,
18:34:30,48,19,64,0,74,28,44,0,0,69,49,19,34,0,6,60,45,0,0,11,56,64,42,52,38,19,90,0,48,5,
18:34:31,48,19,64,0,74,28,44,0,0,69,49,19,34,0,6,60,45,0,0,11,56,64,42,52,38,19,90,0,48,5,
18:34:32,48,19,64,0,74,28,44,0,0,69,49,19,34,0,6,60,45,0,0,11,56,64,42,52,38,19,90,0,48,5,
18:34:33,48,19,64,0,74,28,44,0,0,69,49,19,34,0,6,60,45,0,0,11,56,64,42,52,38,19,90,0,48,5,
18:34:34,48,19,64,0,74,28,44,0,0,69,49,19,34,0,6,60,45,0,0,11,56,64,42,52,38,19,90,0,48,5,
18:34:35,48,19,64,0,74,28,44,0,0,69,49,19,34,0,6,60,45,0,0,11,56,64,42,52,38,19,90,0,48,5,
18:34:36,48,19,64,0,74,28,44,0,0,69,49,19,34,0,6,60,45,0,0,11,56,64,42,52,38,19,90,0,48,5,
18:34:37,48,19,64,0,74,28,44,0,0,69,49,19,34,0,6,60,45,0,0,11,56,64,42,52,38,19,90,0,48,5,
18:34:38,48,19,64,0,74,28,44,0,0,69,49,19,34,0,6,60,45,0,0,11,56,64,42,52,38,19,90,0,48,5,
18:34:39,48,19,64,0,74,28,44,0,0,69,49,19,34,0,6,60,45,0,0,11,56,64,42,52,38,19,90,0,48,5,
18:34:40,48,19,64,0,74,28,44,0,0,69,49,19,34,0,6,60,45,0,0,11,56,64,42,54,38,19,91,0,48,5,
18:34:41,48,19,64,0,74,28,44,0,0,69,49,19,34,0,6,60,45,0,0,11,56,64,42,54,38,19,91,0,48,5,
18:34:42,48,19,64,0,74,28,44,0,0,69,49,19,34,0,6,60,45,0,0,11,56,64,42,54,38,19,91,0,48,5,
18:34:43,48,19,64,0,74,28,44,0,0,69,49,19,34,0,6,60,45,0,0,11,56,64,42,54,38,19,91,0,48,5,
18:34:44,48,19,64,0,74,28,44,0,0,69,49,19,34,0,6,60,45,0,0,11,56,64,42,54,38,19,91,0,48,5,
18:34:45,48,19,64,0,74,28,44,0,0,69,49,19,34,0,6,60,45,0,0,11,56,64,42,54,38,19,91,0,48,5,
18:34:46,48,19,64,0,74,28,44,0,0,69,49,19,34,0,6,60,45,0,0,11,56,64,42,54,38,19,91,0,48,5,
18:34:47,48,19,64,0,74,28,44,0,0,69,49,19,34,0,6,60,45,0,0,11,56,64,42,54,38,19,91,0,48,5,
18:34:48,48,19,64,0,74,28,44,0,0,69,49,19,34,0,6,60,45,0,0,11,56,64,42,54,38,19,91,0,48,5,
18:34:49,48,19,64,0,74,28,44,0,0,69,49,19,34,0,6,60,45,0,0,11,56,64,42,54,38,19,91,0,48,5,
18:34:50,48,19,64,0,74,28,44,0,0,69,49,19,34,0,6,60,45,0,0,11,56,64,42,54,38,19,91,0,48,5,
18:34:51,48,19,64,0,74,28,44,0,0,69,49,19,34,0,6,60,45,0,0,11,56,64,42,54,38,19,91,0,48,5,
18:34:52,48,19,64,0,74,28,44,0,0,69,49,19,34,0,6,60,45,0,0,11,56,64,42,54,38,19,91,0,48,5,
18:34:53,48,19,64,0,74,28,44,0,0,69,49,19,34,0,6,60,45,0,0,11,56,64,42,54,38,19,91,0,48,5,
18:34:54,48,19,64,0,74,28,44,0,0,69,49,19,34,0,6,60,45,0,0,11,56,64,42,54,38,19,91,0,48,5,
18:34:55,48,19,64,0,74,28,44,0,0,69,49,19,34,0,6,60,45,0,0,11,56,64,42,54,38,19,91,0,48,5,
18:34:56,48,19,64,0,74,28,44,0,0,69,49,19,34,0,6,60,45,0,0,11,56,64,42,54,38,19,91,0,48,5,
18:34:57,48,19,64,0,74,28,44,0,0,69,49,19,34,0,6,60,45,0,0,11,56,64,42,54,38,19,91,0,48,5,
18:34:58,48,19,64,0,74,28,44,0,0,69,49,19,34,0,6,60,45,0,0,11,56,64,42,54,38,19,91,0,48,5,
18:34:59,48,19,64,0,74,28,44,0,0,69,49,19,34,0,6,60,45,0,0,11,56,64,42,54,38,19,91,0,48,5,
18:35,48,19,64,0,74,28,44,0,0,69,49,19,34,0,6,60,45,0,0,11,56,64,42,54,38,19,91,0,48,5,
18:35:01,48,19,64,0,74,28,44,0,0,69,49,19,34,0,6,60,45,0,0,11,56,64,42,54,38,19,91,0,48,5,
18:35:02,48,19,64,0,74,28,44,0,0,69,49,19,34,0,6,60,45,0,0,11,56,64,42,54,38,19,91,0,48,5,
18:35:03,48,19,64,0,74,28,44,0,0,69,49,19,34,0,6,60,45,0,0,11,56,64,42,54,38,19,91,0,48,5,
18:35:04,48,19,64,0,74,28,44,0,0,69,49,19,34,0,6,60,45,0,0,11,56,64,42,54,38,19,91,0,48,5,
18:35:05,48,19,64,0,74,28,44,0,0,69,49,19,34,0,6,60,45,0,0,11,56,64,42,54,38,19,91,0,48,5,
18:35:06,48,19,64,0,74,28,44,0,0,69,49,19,34,0,6,60,45,0,0,11,56,64,42,54,38,19,91,0,48,5,
18:35:07,51,21,64,0,74,28,44,0,0,74,49,19,34,0,8,60,45,0,0,11,56,64,42,54,38,19,91,0,48,5,
18:35:08,51,21,64,0,74,28,44,0,0,74,49,19,34,0,8,60,45,0,0,11,56,64,42,54,38,19,91,0,48,5,
18:35:09,51,21,64,0,74,28,44,0,0,74,49,19,34,0,8,60,45,0,0,11,56,64,42,54,38,19,91,0,48,5,
18:35:10,51,21,64,0,74,28,44,0,0,74,49,19,34,0,8,60,45,0,0,11,56,64,42,54,38,19,91,0,48,5,
18:35:11,51,21,64,0,74,28,44,0,0,74,49,19,34,0,8,60,45,0,0,11,56,64,42,54,38,19,91,0,48,5,
18:35:12,51,21,64,0,74,28,44,0,0,74,49,19,34,0,8,60,45,0,0,11,56,64,42,54,38,19,91,0,48,5,
18:35:13,51,21,64,0,74,28,44,0,0,74,49,19,34,0,8,60,45,0,0,11,56,64,42,54,38,19,91,0,48,5,
18:35:14,51,21,64,0,74,28,44,0,0,74,49,19,34,0,8,60,45,0,0,11,56,64,42,54,38,19,91,0,48,5,
18:35:15,51,21,64,0,74,28,44,0,0,74,49,19,34,0,8,60,45,0,0,11,56,64,42,54,38,19,91,0,48,5,
18:35:16,51,21,64,0,74,28,44,0,0,74,49,19,34,0,8,60,45,0,0,11,56,64,42,54,38,19,91,0,48,5,
18:35:17,51,21,64,0,74,28,44,0,0,74,49,19,34,0,8,60,45,0,0,11,56,64,42,54,38,19,91,0,48,5,
18:35:18,51,21,64,0,74,28,44,0,0,74,49,19,34,0,8,60,45,0,0,11,56,64,42,54,38,19,91,0,48,5,
18:35:19,51,21,64,0,74,28,44,0,0,74,49,19,34,0,8,60,45,0,0,11,56,64,42,54,38,19,91,0,48,5,
18:35:20,51,21,64,0,74,28,44,0,0,74,49,19,34,0,8,60,45,0,0,11,56,64,42,54,38,19,91,0,48,5,
18:35:21,51,21,64,0,74,28,44,0,0,74,49,19,34,0,8,60,45,0,0,11,56,64,42,54,38,19,91,0,48,5,
18:35:22,51,21,64,0,74,28,44,0,0,74,49,19,34,0,8,60,45,0,0,11,56,64,42,54,38,19,91,0,48,5,
18:35:23,51,21,64,0,74,28,44,0,0,74,49,19,34,0,8,60,45,0,0,11,56,64,42,54,38,19,91,0,48,5,
18:35:24,51,21,64,0,74,28,44,0,0,74,49,19,34,0,8,60,45,0,0,11,56,64,42,54,38,19,91,0,48,5,
18:35:25,51,21,64,0,74,28,44,0,0,74,49,19,34,0,8,60,45,0,0,11,56,64,42,54,38,19,91,0,48,5,
18:35:26,51,21,64,0,74,28,44,0,0,74,49,19,34,0,8,60,45,0,0,11,56,64,42,54,38,19,91,0,48,5,
18:35:27,51,21,64,0,74,28,44,0,0,74,49,19,34,0,8,60,45,0,0,11,56,64,42,54,38,19,91,0,48,5,
18:35:28,51,21,64,0,74,28,44,0,0,74,49,19,34,0,8,60,45,0,0,11,56,64,42,54,38,19,91,0,48,5,
18:35:29,51,21,64,0,74,28,44,0,0,74,49,19,34,0,8,60,45,0,0,11,56,64,42,54,38,19,91,0,48,5,
18:35:30,51,21,64,0,74,28,44,0,0,74,49,19,34,0,8,60,45,0,0,11,56,64,42,54,38,19,91,0,48,5,
18:35:31,51,21,64,0,74,28,44,0,0,74,49,19,34,0,8,60,45,0,0,11,56,64,42,54,38,19,91,0,48,5,
18:35:32,51,21,64,0,74,28,44,0,0,74,49,19,34,0,8,60,45,0,0,11,56,64,42,54,38,19,91,0,48,5,
18:35:33,51,21,64,0,74,28,44,0,0,74,49,19,34,0,8,60,45,0,0,11,56,64,42,54,38,19,91,0,48,5,
18:35:34,51,21,64,0,74,28,44,0,0,74,49,19,34,0,8,62,48,0,0,11,56,64,44,54,38,19,91,0,48,5,
18:35:35,51,21,64,0,74,28,44,0,0,74,49,19,34,0,8,62,48,0,0,11,56,64,44,54,38,19,91,0,48,5,
18:35:36,51,21,64,0,74,28,44,0,0,74,49,19,34,0,8,62,48,0,0,11,56,64,44,54,38,19,91,0,48,5,
18:35:37,51,21,64,0,74,28,44,0,0,74,49,19,34,0,8,62,48,0,0,11,56,64,44,54,38,19,91,0,48,5,
18:35:38,51,21,64,0,74,28,44,0,0,74,49,19,34,0,8,62,48,0,0,11,56,64,44,54,38,19,91,0,48,5,
18:35:39,51,21,64,0,74,28,44,0,0,74,49,19,34,0,8,62,48,0,0,11,56,64,44,54,38,19,91,0,48,5,
18:35:40,51,21,64,0,74,28,44,0,0,74,49,19,34,0,8,62,48,0,0,11,56,64,44,54,38,19,91,0,48,5,
18:35:41,51,21,64,0,74,28,44,0,0,74,49,19,34,0,8,62,48,0,0,11,56,64,44,54,38,19,91,0,48,5,
18:35:42,51,21,64,0,74,28,44,0,0,74,49,19,34,0,8,62,48,0,0,11,56,64,44,54,38,19,91,0,48,5,
18:35:43,51,21,64,0,74,28,44,0,0,74,49,19,34,0,8,62,48,0,0,11,56,64,44,54,38,19,91,0,48,5,
18:35:44,51,21,64,0,74,28,44,0,0,74,49,19,34,0,8,62,48,0,0,11,56,64,44,54,38,19,91,0,48,5,
18:35:45,51,21,64,0,74,28,44,0,0,74,49,19,34,0,8,62,48,0,0,11,56,64,44,54,38,19,91,0,48,5,
18:35:46,51,21,64,0,74,28,44,0,0,74,49,19,34,0,8,62,48,0,0,11,56,64,44,54,38,19,91,0,48,5,
18:35:47,51,21,64,0,74,28,44,0,0,74,49,19,34,0,8,62,48,0,0,11,56,64,44,54,38,19,91,0,48,5,
18:35:48,51,21,64,0,74,28,44,0,0,74,49,19,34,0,8,62,48,0,0,11,56,64,44,54,38,19,91,0,48,5,
18:35:49,51,21,64,0,74,28,44,0,0,74,49,19,34,0,8,62,48,0,0,11,56,64,44,54,38,19,91,0,48,5,
18:35:50,51,21,64,0,74,28,44,0,0,74,49,19,34,0,8,62,48,0,0,11,56,64,44,54,38,19,91,0,48,5,
18:35:51,51,21,64,0,74,28,44,0,0,74,49,19,34,0,8,62,48,0,0,11,56,64,44,54,38,19,91,0,48,5,
18:35:52,51,21,64,0,74,28,44,0,0,74,49,19,34,0,8,62,48,0,0,11,56,64,44,54,38,19,91,0,48,5,
18:35:53,51,21,64,0,74,28,44,0,0,74,49,19,34,0,8,62,48,0,0,11,56,64,44,54,38,19,91,0,48,5,
18:35:54,51,21,64,0,74,28,44,0,0,74,49,19,34,0,8,62,48,0,0,11,56,64,44,54,38,19,91,0,48,5,
18:35:55,51,21,64,0,74,28,44,0,0,74,49,19,34,0,8,62,48,0,0,11,56,64,44,54,38,19,91,0,48,5,
18:35:56,51,21,64,0,74,28,44,0,0,74,49,19,34,0,8,62,48,0,0,11,56,64,44,54,38,19,91,0,48,5,
18:35:57,51,21,64,0,74,28,44,0,0,74,49,19,34,0,8,62,48,0,0,11,56,64,44,54,38,19,91,0,48,5,
18:35:58,51,21,64,0,74,28,44,0,0,74,49,19,34,0,8,62,48,0,0,11,56,64,44,54,38,19,91,0,48,5,
18:35:59,51,21,64,0,74,28,44,0,0,74,49,19,34,0,8,62,48,0,0,11,56,64,44,54,38,19,91,0,48,5,
18:36,51,21,65,0,74,28,44,0,0,74,49,19,34,0,8,62,48,0,0,11,56,64,44,54,38,19,95,0,48,5,
18:36:01,51,21,65,0,74,28,44,0,0,74,49,19,34,0,8,62,48,0,0,11,56,64,44,54,38,19,95,0,48,5,
18:36:02,51,21,65,0,74,28,44,0,0,74,49,19,34,0,8,62,48,0,0,11,56,64,44,54,38,19,95,0,48,5,
18:36:03,51,21,65,0,74,28,44,0,0,74,49,19,34,0,8,62,48,0,0,11,56,64,44,54,38,19,95,0,48,5,
18:36:04,51,21,65,0,74,28,44,0,0,74,49,19,34,0,8,62,48,0,0,11,56,64,44,54,38,19,95,0,48,5,
18:36:05,51,21,65,0,74,28,44,0,0,74,49,19,34,0,8,62,48,0,0,11,56,64,44,54,38,19,95,0,48,5,
18:36:06,51,21,65,0,74,28,44,0,0,74,49,19,34,0,8,62,48,0,0,11,56,64,44,54,38,19,95,0,48,5,
18:36:07,51,21,65,0,74,28,44,0,0,74,49,19,34,0,8,62,48,0,0,11,56,64,44,54,38,19,95,0,48,5,
18:36:08,51,21,65,0,74,28,44,0,0,74,49,19,34,0,8,62,48,0,0,11,56,64,44,54,38,19,95,0,48,5,
18:36:09,51,21,65,0,74,28,44,0,0,74,49,19,34,0,8,62,48,0,0,11,56,64,44,54,38,19,95,0,48,5,
18:36:10,51,21,65,0,74,28,44,0,0,74,49,19,34,0,8,62,48,0,0,11,56,64,44,54,38,19,95,0,48,5,
18:36:11,51,21,65,0,74,28,44,0,0,74,49,19,34,0,8,62,48,0,0,11,56,64,44,54,38,19,95,0,48,5,
18:36:12,51,21,65,0,74,28,44,0,0,74,49,19,34,0,8,62,48,0,0,11,56,64,44,54,38,19,95,0,48,5,
18:36:13,51,21,65,0,74,28,44,0,0,74,49,19,34,0,8,62,48,0,0,11,56,64,44,54,38,19,95,0,48,5,
18:36:14,51,21,65,0,74,28,44,0,0,74,49,19,34,0,8,62,48,0,0,11,56,64,44,54,38,19,95,0,48,5,
18:36:15,51,21,65,0,74,28,44,0,0,74,49,19,34,0,8,62,48,0,0,11,56,64,44,54,38,19,95,0,48,5,
18:36:16,51,21,65,0,74,28,44,0,0,74,49,19,34,0,8,62,48,0,0,11,56,64,44,54,38,19,95,0,48,5,
18:36:17,51,21,65,0,74,28,44,0,0,74,49,19,34,0,8,62,48,0,0,11,56,64,44,54,38,19,95,0,48,5,
18:36:18,51,21,65,0,74,28,44,0,0,74,49,19,34,0,8,62,48,0,0,11,56,64,44,54,38,19,95,0,48,5,
18:36:19,51,21,65,0,74,28,44,0,0,74,49,19,34,0,8,62,48,0,0,11,56,64,44,54,38,19,95,0,48,5,
18:36:20,51,21,65,0,74,28,44,0,0,74,49,19,34,0,8,62,48,0,0,11,56,64,44,54,38,19,95,0,48,5,
18:36:21,51,21,65,0,74,28,44,0,0,74,49,19,34,0,8,62,48,0,0,11,56,64,44,54,38,19,95,0,48,5,
18:36:22,51,21,65,0,74,28,44,0,0,74,49,19,34,0,8,62,48,0,0,11,56,64,44,54,38,19,95,0,48,5,
18:36:23,51,21,65,0,74,28,44,0,0,74,49,19,34,0,8,62,48,0,0,11,56,64,44,54,38,19,95,0,48,5,
18:36:24,51,21,65,0,74,28,44,0,0,74,49,19,34,0,8,62,48,0,0,11,56,64,44,54,38,19,95,0,48,5,
18:36:25,51,21,65,0,74,28,44,0,0,74,49,19,34,0,8,62,48,0,0,11,56,64,44,54,38,19,95,0,48,5,
18:36:26,51,21,65,0,74,28,44,0,0,74,49,19,34,0,8,62,48,0,0,11,56,64,44,54,38,19,95,0,48,5,
18:36:27,51,21,65,0,74,28,44,0,0,74,49,19,34,0,8,62,48,0,0,11,56,64,44,54,38,19,95,0,48,5,
18:36:28,51,21,67,0,74,30,44,0,0,78,51,19,34,0,8,64,48,0,0,11,56,64,48,54,39,22,95,0,48,5,
18:36:29,51,21,67,0,74,30,44,0,0,78,51,19,34,0,8,64,48,0,0,11,56,64,48,54,39,22,95,0,48,5,
18:36:30,51,21,67,0,74,30,44,0,0,78,51,19,34,0,8,64,48,0,0,11,56,64,48,54,39,22,95,0,48,5,
18:36:31,51,21,67,0,74,30,44,0,0,78,51,19,34,0,8,64,48,0,0,11,56,64,48,54,39,22,95,0,48,5,
18:36:32,51,21,67,0,74,30,44,0,0,78,51,19,34,0,8,64,48,0,0,11,56,64,48,54,39,22,95,0,48,5,
18:36:33,51,21,67,0,74,30,44,0,0,78,51,19,34,0,8,64,48,0,0,11,56,64,48,54,39,22,95,0,48,5,
18:36:34,51,21,67,0,74,30,44,0,0,78,51,19,34,0,8,64,48,0,0,11,56,64,48,54,39,22,95,0,48,5,
18:36:35,51,21,67,0,74,30,44,0,0,78,51,19,34,0,8,64,48,0,0,11,56,64,48,54,39,22,95,0,48,5,
18:36:36,51,21,67,0,74,30,44,0,0,78,51,19,34,0,8,64,48,0,0,11,56,64,48,54,39,22,95,0,48,5,
18:36:37,51,21,67,0,74,30,44,0,0,78,51,19,34,0,8,64,48,0,0,11,56,64,48,54,39,22,95,0,48,5,
18:36:38,51,21,67,0,74,30,44,0,0,78,51,19,34,0,8,64,48,0,0,11,56,64,48,54,39,22,95,0,48,5,
18:36:39,51,21,67,0,74,30,44,0,0,78,51,19,34,0,8,64,48,0,0,11,56,64,48,54,39,22,95,0,48,5,
18:36:40,51,21,67,0,74,30,44,0,0,78,51,19,34,0,8,64,48,0,0,11,56,64,48,54,39,22,95,0,48,5,
18:36:41,51,21,67,0,74,30,44,0,0,78,51,19,34,0,8,64,48,0,0,11,56,64,48,54,39,22,95,0,48,5,
18:36:42,51,21,67,0,74,30,44,0,0,78,51,19,34,0,8,64,48,0,0,11,56,64,48,54,39,22,95,0,48,5,
18:36:43,51,21,67,0,74,30,44,0,0,78,51,19,34,0,8,64,48,0,0,11,56,64,48,54,39,22,95,0,48,5,
18:36:44,51,21,67,0,74,30,44,0,0,78,51,19,34,0,8,64,48,0,0,11,56,64,48,54,39,22,95,0,48,5,
18:36:45,51,21,67,0,74,30,44,0,0,78,51,19,34,0,8,64,48,0,0,11,56,64,48,54,39,22,95,0,48,5,
18:36:46,51,21,67,0,74,30,44,0,0,78,51,19,34,0,8,64,48,0,0,11,56,64,48,54,39,22,95,0,48,5,
18:36:47,51,21,67,0,74,30,44,0,0,78,51,19,34,0,8,64,48,0,0,11,56,64,48,54,39,22,95,0,48,5,
18:36:48,51,21,67,0,74,30,44,0,0,78,51,19,34,0,8,64,48,0,0,11,56,64,48,54,39,22,95,0,48,5,
18:36:49,51,21,67,0,74,30,44,0,0,78,51,19,34,0,8,64,48,0,0,11,56,64,48,54,39,22,95,0,48,5,
18:36:50,51,21,67,0,74,30,44,0,0,78,51,19,34,0,8,64,48,0,0,11,56,64,48,54,39,22,95,0,48,5,
18:36:51,51,21,67,0,74,30,44,0,0,78,51,19,34,0,8,64,48,0,0,11,56,64,48,54,39,22,95,0,48,5,
18:36:52,51,21,67,0,74,30,44,0,0,78,51,19,34,0,8,64,48,0,0,11,56,64,48,54,39,22,95,0,48,5,
18:36:53,51,21,67,0,74,30,44,0,0,78,51,19,34,0,8,64,48,0,0,11,56,64,48,54,39,22,95,0,48,5,
18:36:54,51,21,67,0,74,30,44,0,0,78,51,19,34,0,8,64,48,0,0,11,56,64,48,54,39,22,95,0,48,5,
18:36:55,51,21,67,0,74,30,44,0,0,78,51,19,34,0,8,64,48,0,0,11,56,64,48,54,39,22,95,0,48,5,
18:36:56,51,21,67,0,74,30,44,0,0,78,51,19,34,0,8,64,48,0,0,11,56,64,48,54,39,22,95,0,48,5,
18:36:57,51,21,67,0,74,30,44,0,0,78,51,19,39,0,8,64,48,0,0,11,56,64,48,54,39,22,95,0,48,5,
18:36:58,51,21,67,0,74,30,44,0,0,78,51,19,39,0,8,64,48,0,0,11,56,64,48,54,39,22,95,0,48,5,
18:36:59,51,21,67,0,74,30,44,0,0,78,51,19,39,0,8,64,48,0,0,11,56,64,48,54,39,22,95,0,48,5,
18:37,51,21,67,0,74,30,44,0,0,78,51,19,39,0,8,64,48,0,0,11,56,64,48,54,39,22,95,0,48,5,
18:37:01,51,21,67,0,74,30,44,0,0,78,51,19,39,0,8,64,48,0,0,11,56,64,48,54,39,22,95,0,48,5,
18:37:02,51,21,67,0,74,30,44,0,0,78,51,19,39,0,8,64,48,0,0,11,56,64,48,54,39,22,95,0,48,5,
18:37:03,51,21,67,0,74,30,44,0,0,78,51,19,39,0,8,64,48,0,0,11,56,64,48,54,39,22,95,0,48,5,
18:37:04,51,21,67,0,74,30,44,0,0,78,51,19,39,0,8,64,48,0,0,11,56,64,48,54,39,22,95,0,48,5,
18:37:05,51,21,67,0,74,30,44,0,0,78,51,19,39,0,8,64,48,0,0,11,56,64,48,54,39,22,95,0,48,5,
18:37:06,51,21,67,0,74,30,44,0,0,78,51,19,39,0,8,64,48,0,0,11,56,64,48,54,39,22,95,0,48,5,
18:37:07,51,21,67,0,74,30,44,0,0,78,51,19,39,0,8,64,48,0,0,11,56,64,48,54,39,22,95,0,48,5,
18:37:08,51,21,67,0,74,30,44,0,0,78,51,19,39,0,8,64,48,0,0,11,56,64,48,54,39,22,95,0,48,5,
18:37:09,51,21,67,0,74,30,44,0,0,78,51,19,39,0,8,64,48,0,0,11,56,64,48,54,39,22,95,0,48,5,
18:37:10,51,21,67,0,74,30,44,0,0,78,51,19,39,0,8,64,48,0,0,11,56,64,48,54,39,22,95,0,48,5,
18:37:11,51,21,67,0,74,30,44,0,0,78,51,19,39,0,8,64,48,0,0,11,56,64,48,54,39,22,95,0,48,5,
18:37:12,51,21,67,0,74,30,44,0,0,78,51,19,39,0,8,64,48,0,0,11,56,64,48,54,39,22,95,0,48,5,
18:37:13,51,21,67,0,74,30,44,0,0,78,51,19,39,0,8,64,48,0,0,11,56,64,48,54,39,22,95,0,48,5,
18:37:14,51,21,67,0,74,30,44,0,0,78,51,19,39,0,8,64,48,0,0,11,56,64,48,54,39,22,95,0,48,5,
18:37:15,51,21,67,0,74,30,44,0,0,78,51,19,39,0,8,64,48,0,0,11,56,64,48,54,39,22,95,0,48,5,
18:37:16,51,21,67,0,74,30,44,0,0,78,51,19,39,0,8,64,48,0,0,11,56,64,48,54,39,22,95,0,48,5,
18:37:17,51,21,67,0,74,30,44,0,0,78,51,19,39,0,8,64,48,0,0,11,56,64,48,54,39,22,95,0,48,5,
18:37:18,51,21,67,0,74,30,44,0,0,78,51,19,39,0,8,64,48,0,0,11,56,64,48,54,39,22,95,0,48,5,
18:37:19,51,21,67,0,74,30,44,0,0,78,51,19,39,0,8,64,48,0,0,11,56,64,48,54,39,22,95,0,48,5,
18:37:20,51,21,67,0,74,30,44,0,0,78,51,19,39,0,8,64,48,0,0,11,56,64,48,54,39,22,95,0,48,5,
18:37:21,51,21,67,0,74,30,44,0,0,78,51,19,39,0,8,64,48,0,0,11,56,64,48,54,39,22,95,0,48,5,
18:37:22,51,21,67,0,74,30,44,0,0,78,51,19,39,0,8,64,48,0,0,11,56,64,48,54,39,22,95,0,48,5,
18:37:23,51,21,67,0,74,30,44,0,0,78,51,19,39,0,8,64,48,0,0,11,56,64,48,54,39,22,95,0,48,5,
18:37:24,51,21,67,0,74,30,44,0,0,78,51,19,39,0,8,64,48,0,0,11,56,64,48,54,39,22,95,0,48,5,
18:37:25,51,21,67,0,74,30,44,0,0,78,51,19,39,0,8,64,48,0,0,11,56,64,48,54,39,22,95,0,48,5,
18:37:26,51,21,67,0,74,30,44,0,0,78,51,19,39,0,8,64,48,0,0,11,56,64,48,54,39,22,95,0,48,5,
18:37:27,51,21,67,0,74,30,44,0,0,78,51,19,39,0,8,64,50,0,0,11,56,64,48,54,39,22,95,0,48,5,
18:37:28,51,21,67,0,74,30,44,0,0,78,51,19,39,0,8,64,50,0,0,11,56,64,48,54,39,22,95,0,48,5,
18:37:29,51,21,67,0,74,30,44,0,0,78,51,19,39,0,8,64,50,0,0,11,56,64,48,54,39,22,95,0,48,5,
18:37:30,51,21,67,0,74,30,44,0,0,78,51,19,39,0,8,64,50,0,0,11,56,64,48,54,39,22,95,0,48,5,
18:37:31,51,21,67,0,74,30,44,0,0,78,51,19,39,0,8,64,50,0,0,11,56,64,48,54,39,22,95,0,48,5,
18:37:32,51,21,67,0,74,30,44,0,0,78,51,19,39,0,8,64,50,0,0,11,56,64,48,54,39,22,95,0,48,5,
18:37:33,51,21,67,0,74,30,44,0,0,78,51,19,39,0,8,64,50,0,0,11,56,64,48,54,39,22,95,0,48,5,
18:37:34,51,21,67,0,74,30,44,0,0,78,51,19,39,0,8,64,50,0,0,11,56,64,48,54,39,22,95,0,48,5,
18:37:35,51,21,67,0,74,30,44,0,0,78,51,19,39,0,8,64,50,0,0,11,56,64,48,54,39,22,95,0,48,5,
18:37:36,51,21,67,0,74,30,44,0,0,78,51,19,39,0,8,64,50,0,0,11,56,64,48,54,39,22,95,0,48,5,
18:37:37,51,21,67,0,74,30,44,0,0,78,51,19,39,0,8,64,50,0,0,11,56,64,48,54,39,22,95,0,48,5,
18:37:38,51,21,67,0,74,30,44,0,0,78,51,19,39,0,8,64,50,0,0,11,56,64,48,54,39,22,95,0,48,5,
18:37:39,51,21,67,0,74,30,44,0,0,78,51,19,39,0,8,64,50,0,0,11,56,64,48,54,39,22,95,0,48,5,
18:37:40,51,21,67,0,74,30,44,0,0,78,51,19,39,0,8,64,50,0,0,11,56,64,48,54,39,22,95,0,48,5,
18:37:41,51,21,67,0,74,30,44,0,0,78,51,19,39,0,8,64,50,0,0,11,56,64,48,54,39,22,95,0,48,5,
18:37:42,51,21,67,0,74,30,44,0,0,78,51,19,39,0,8,64,50,0,0,11,56,64,48,54,39,22,95,0,48,5,
18:37:43,51,21,67,0,74,30,44,0,0,78,51,19,39,0,8,64,50,0,0,11,56,64,48,54,39,22,95,0,48,5,
18:37:44,51,21,67,0,74,30,44,0,0,78,51,19,39,0,8,64,50,0,0,11,56,64,48,54,39,22,95,0,48,5,
18:37:45,51,21,67,0,74,30,44,0,0,78,51,19,39,0,8,64,50,0,0,11,56,64,48,54,39,22,95,0,48,5,
18:37:46,51,21,67,0,74,30,44,0,0,78,51,19,39,0,8,64,50,0,0,11,56,64,48,54,39,22,95,0,48,5,
18:37:47,51,21,67,0,74,30,44,0,0,78,51,19,39,0,8,64,50,0,0,11,56,64,48,54,39,22,95,0,48,5,
18:37:48,51,21,67,0,74,30,44,0,0,78,51,19,39,0,8,64,50,0,0,11,56,64,48,54,39,22,95,0,48,5,
18:37:49,51,21,67,0,74,30,44,0,0,78,51,19,39,0,8,64,50,0,0,11,56,64,48,54,39,22,95,0,48,5,
18:37:50,51,21,67,0,74,30,44,0,0,78,51,19,39,0,8,64,50,0,0,11,56,64,48,54,39,22,95,0,48,5,
18:37:51,51,21,67,0,74,30,44,0,0,78,51,19,39,0,8,64,50,0,0,11,56,64,48,54,39,22,95,0,48,5,
18:37:52,51,21,67,0,74,30,44,0,0,78,51,19,39,0,8,64,50,0,0,11,56,64,48,54,39,22,95,0,48,5,
18:37:53,52,21,67,0,75,30,44,0,0,81,51,19,39,0,10,66,50,0,0,11,57,68,48,55,40,22,95,0,48,5,
18:37:54,52,21,67,0,75,30,44,0,0,81,51,19,39,0,10,66,50,0,0,11,57,68,48,55,40,22,95,0,48,5,
18:37:55,52,21,67,0,75,30,44,0,0,81,51,19,39,0,10,66,50,0,0,11,57,68,48,55,40,22,95,0,48,5,
18:37:56,52,21,67,0,75,30,44,0,0,81,51,19,39,0,10,66,50,0,0,11,57,68,48,55,40,22,95,0,48,5,
18:37:57,52,21,67,0,75,30,44,0,0,81,51,19,39,0,10,66,50,0,0,11,57,68,48,55,40,22,95,0,48,5,
18:37:58,52,21,67,0,75,30,44,0,0,81,51,19,39,0,10,66,50,0,0,11,57,68,48,55,40,22,95,0,48,5,
18:37:59,52,21,67,0,75,30,44,0,0,81,51,19,39,0,10,66,50,0,0,11,57,68,48,55,40,22,95,0,48,5,
18:38,52,21,67,0,75,30,44,0,0,81,51,19,39,0,10,66,50,0,0,11,57,68,48,55,40,22,95,0,48,5,
18:38:01,52,21,67,0,75,30,44,0,0,81,51,19,39,0,10,66,50,0,0,11,57,68,48,55,40,22,95,0,48,5,
18:38:02,52,21,67,0,75,30,44,0,0,81,51,19,39,0,10,66,50,0,0,11,57,68,48,55,40,22,95,0,48,5,
18:38:03,52,21,67,0,75,30,44,0,0,81,51,19,39,0,10,66,50,0,0,11,57,68,48,55,40,22,95,0,48,5,
18:38:04,52,21,67,0,75,30,44,0,0,81,51,19,39,0,10,66,50,0,0,11,57,68,48,55,40,22,95,0,48,5,
18:38:05,52,21,67,0,75,30,44,0,0,81,51,19,39,0,10,66,50,0,0,11,57,68,48,55,40,22,95,0,48,5,
18:38:06,52,21,67,0,75,30,44,0,0,81,51,19,39,0,10,66,50,0,0,11,57,68,48,55,40,22,95,0,48,5,
18:38:07,52,21,67,0,75,30,44,0,0,81,51,19,39,0,10,66,50,0,0,11,57,68,48,55,40,22,95,0,48,5,
18:38:08,52,21,67,0,75,30,44,0,0,81,51,19,39,0,10,66,50,0,0,11,57,68,48,55,40,22,95,0,48,5,
18:38:09,52,21,67,0,75,30,44,0,0,81,51,19,39,0,10,66,50,0,0,11,57,68,48,55,40,22,95,0,48,5,
18:38:10,52,21,67,0,75,30,44,0,0,81,51,19,39,0,10,66,50,0,0,11,57,68,48,55,40,22,95,0,48,5,
18:38:11,52,21,67,0,75,30,44,0,0,81,51,19,39,0,10,66,50,0,0,11,57,68,48,55,40,22,95,0,48,5,
18:38:12,52,21,67,0,75,30,44,0,0,81,51,19,39,0,10,66,50,0,0,11,57,68,48,55,40,22,95,0,48,5,
18:38:13,52,21,67,0,75,30,44,0,0,81,51,19,39,0,10,66,50,0,0,11,57,68,48,55,40,22,95,0,48,5,
18:38:14,52,21,67,0,75,30,44,0,0,81,51,19,39,0,10,66,50,0,0,11,57,68,48,55,40,22,95,0,48,5,
18:38:15,52,21,67,0,75,30,44,0,0,81,51,19,39,0,10,66,50,0,0,11,57,68,48,55,40,22,95,0,48,5,
18:38:16,52,21,67,0,75,30,44,0,0,81,51,19,39,0,10,66,50,0,0,11,57,68,48,55,40,22,95,0,48,5,
18:38:17,52,21,67,0,75,30,44,0,0,81,51,19,39,0,10,66,50,0,0,11,57,68,48,55,40,22,95,0,48,5,
18:38:18,52,21,67,0,75,30,44,0,0,81,51,19,39,0,10,66,50,0,0,11,57,68,48,55,40,22,95,0,48,5,
18:38:19,52,21,67,0,75,30,44,0,0,81,51,19,39,0,10,66,50,0,0,11,57,68,48,55,40,22,95,0,48,5,
18:38:20,52,21,67,0,75,30,44,0,0,81,51,19,39,0,10,66,50,0,0,11,57,68,48,55,40,22,95,0,48,5,
18:38:21,52,21,67,0,75,30,44,0,0,81,51,19,39,0,10,66,50,0,0,11,57,68,48,55,40,22,95,0,48,5,
18:38:22,52,21,67,0,75,30,44,0,0,81,51,19,39,0,10,66,50,0,0,11,57,68,48,55,40,22,95,0,48,5,
18:38:23,54,21,67,0,79,31,44,0,0,83,53,19,39,0,10,66,50,0,0,11,57,68,48,60,40,24,107,0,52,5,
18:38:24,54,21,67,0,79,31,44,0,0,83,53,19,39,0,10,66,50,0,0,11,57,68,48,60,40,24,107,0,52,5,
18:38:25,54,21,67,0,79,31,44,0,0,83,53,19,39,0,10,66,50,0,0,11,57,68,48,60,40,24,107,0,52,5,
18:38:26,54,21,67,0,79,31,44,0,0,83,53,19,39,0,10,66,50,0,0,11,57,68,48,60,40,24,107,0,52,5,
18:38:27,54,21,67,0,79,31,44,0,0,83,53,19,39,0,10,66,50,0,0,11,57,68,48,60,40,24,107,0,52,5,
18:38:28,54,21,67,0,79,31,44,0,0,83,53,19,39,0,10,66,50,0,0,11,57,68,48,60,40,24,107,0,52,5,
18:38:29,54,21,67,0,79,31,44,0,0,83,53,19,39,0,10,66,50,0,0,11,57,68,48,60,40,24,107,0,52,5,
18:38:30,54,21,67,0,79,31,44,0,0,83,53,19,39,0,10,66,50,0,0,11,57,68,48,60,40,24,107,0,52,5,
18:38:31,54,21,67,0,79,31,44,0,0,83,53,19,39,0,10,66,50,0,0,11,57,68,48,60,40,24,107,0,52,5,
18:38:32,54,21,67,0,79,31,44,0,0,83,53,19,39,0,10,66,50,0,0,11,57,68,48,60,40,24,107,0,52,5,
18:38:33,54,21,67,0,79,31,44,0,0,83,53,19,39,0,10,66,50,0,0,11,57,68,48,60,40,24,107,0,52,5,
18:38:34,54,21,67,0,79,31,44,0,0,83,53,19,39,0,10,66,50,0,0,11,57,68,48,60,40,24,107,0,52,5,
18:38:35,54,21,67,0,79,31,44,0,0,83,53,19,39,0,10,66,50,0,0,11,57,68,48,60,40,24,107,0,52,5,
18:38:36,54,21,67,0,79,31,44,0,0,83,53,19,39,0,10,66,50,0,0,11,57,68,48,60,40,24,107,0,52,5,
18:38:37,54,21,67,0,79,31,44,0,0,83,53,19,39,0,10,66,50,0,0,11,57,68,48,60,40,24,107,0,52,5,
18:38:38,54,21,67,0,79,31,44,0,0,83,53,19,39,0,10,66,50,0,0,11,57,68,48,60,40,24,107,0,52,5,
18:38:39,54,21,67,0,79,31,44,0,0,83,53,19,39,0,10,66,50,0,0,11,57,68,48,60,40,24,107,0,52,5,
18:38:40,54,21,67,0,79,31,44,0,0,83,53,19,39,0,10,66,50,0,0,11,57,68,48,60,40,24,107,0,52,5,
18:38:41,54,21,67,0,79,31,44,0,0,83,53,19,39,0,10,66,50,0,0,11,57,68,48,60,40,24,107,0,52,5,
18:38:42,54,21,67,0,79,31,44,0,0,83,53,19,39,0,10,66,50,0,0,11,57,68,48,60,40,24,107,0,52,5,
18:38:43,54,21,67,0,79,31,44,0,0,83,53,19,39,0,10,66,50,0,0,11,57,68,48,60,40,24,107,0,52,5,
18:38:44,54,21,67,0,79,31,44,0,0,83,53,19,39,0,10,66,50,0,0,11,57,68,48,60,40,24,107,0,52,5,
18:38:45,54,21,67,0,79,31,44,0,0,83,53,19,39,0,10,66,50,0,0,11,57,68,48,60,40,24,107,0,52,5,
18:38:46,54,21,67,0,79,31,44,0,0,83,53,19,39,0,10,66,50,0,0,11,57,68,48,60,40,24,107,0,52,5,
18:38:47,54,21,67,0,79,31,44,0,0,83,53,19,39,0,10,66,50,0,0,11,57,68,48,60,40,24,107,0,52,5,
18:38:48,54,21,67,0,79,31,44,0,0,83,53,19,39,0,10,66,50,0,0,11,57,68,48,60,40,24,107,0,52,5,
18:38:49,54,21,67,0,79,31,44,0,0,83,53,19,39,0,10,66,50,0,0,11,57,68,48,60,40,24,107,0,52,5,
18:38:50,54,21,67,0,79,31,44,0,0,83,53,19,39,0,10,66,50,0,0,11,57,68,48,60,40,24,107,0,52,5,
18:38:51,54,21,67,0,79,31,44,0,0,83,53,19,39,0,10,66,50,0,0,11,57,68,48,60,40,24,107,0,52,5,
18:38:52,56,21,67,0,80,31,44,0,0,87,53,19,39,0,10,66,54,0,0,11,58,68,48,60,40,26,107,0,54,5,
18:38:53,56,21,67,0,80,31,44,0,0,87,53,19,39,0,10,66,54,0,0,11,58,68,48,60,40,26,107,0,54,5,
18:38:54,56,21,67,0,80,31,44,0,0,87,53,19,39,0,10,66,54,0,0,11,58,68,48,60,40,26,107,0,54,5,
18:38:55,56,21,67,0,80,31,44,0,0,87,53,19,39,0,10,66,54,0,0,11,58,68,48,60,40,26,107,0,54,5,
18:38:56,56,21,67,0,80,31,44,0,0,87,53,19,39,0,10,66,54,0,0,11,58,68,48,60,40,26,107,0,54,5,
18:38:57,56,21,67,0,80,31,44,0,0,87,53,19,39,0,10,66,54,0,0,11,58,68,48,60,40,26,107,0,54,5,
18:38:58,56,21,67,0,80,31,44,0,0,87,53,19,39,0,10,66,54,0,0,11,58,68,48,60,40,26,107,0,54,5,
18:38:59,56,21,67,0,80,31,44,0,0,87,53,19,39,0,10,66,54,0,0,11,58,68,48,60,40,26,107,0,54,5,
18:39,56,21,67,0,80,31,44,0,0,87,53,19,39,0,10,66,54,0,0,11,58,68,48,60,40,26,107,0,54,5,
18:39:01,56,21,67,0,80,31,44,0,0,87,53,19,39,0,10,66,54,0,0,11,58,68,48,60,40,26,107,0,54,5,
18:39:02,56,21,67,0,80,31,44,0,0,87,53,19,39,0,10,66,54,0,0,11,58,68,48,60,40,26,107,0,54,5,
18:39:03,56,21,67,0,80,31,44,0,0,87,53,19,39,0,10,66,54,0,0,11,58,68,48,60,40,26,107,0,54,5,
18:39:04,56,21,67,0,80,31,44,0,0,87,53,19,39,0,10,66,54,0,0,11,58,68,48,60,40,26,107,0,54,5,
18:39:05,56,21,67,0,80,31,44,0,0,87,53,19,39,0,10,66,54,0,0,11,58,68,48,60,40,26,107,0,54,5,
18:39:06,56,21,67,0,80,31,44,0,0,87,53,19,39,0,10,66,54,0,0,11,58,68,48,60,40,26,107,0,54,5,
18:39:07,56,21,67,0,80,31,44,0,0,87,53,19,39,0,10,66,54,0,0,11,58,68,48,60,40,26,107,0,54,5,
18:39:08,56,21,67,0,80,31,44,0,0,87,53,19,39,0,10,66,54,0,0,11,58,68,48,60,40,26,107,0,54,5,
18:39:09,56,21,67,0,80,31,44,0,0,87,53,19,39,0,10,66,54,0,0,11,58,68,48,60,40,26,107,0,54,5,
18:39:10,56,21,67,0,80,31,44,0,0,87,53,19,39,0,10,66,54,0,0,11,58,68,48,60,40,26,107,0,54,5,
18:39:11,56,21,67,0,80,31,44,0,0,87,53,19,39,0,10,66,54,0,0,11,58,68,48,60,40,26,107,0,54,5,
18:39:12,56,21,67,0,80,31,44,0,0,87,53,19,39,0,10,66,54,0,0,11,58,68,48,60,40,26,107,0,54,5,
18:39:13,56,21,67,0,80,31,44,0,0,87,53,19,39,0,10,66,54,0,0,11,58,68,48,60,40,26,107,0,54,5,
18:39:14,56,21,67,0,80,31,44,0,0,87,53,19,39,0,10,66,54,0,0,11,58,68,48,60,40,26,107,0,54,5,
18:39:15,56,21,67,0,80,31,44,0,0,87,53,19,39,0,10,66,54,0,0,11,58,68,48,60,40,26,107,0,54,5,
18:39:16,56,21,67,0,80,31,44,0,0,87,53,19,39,0,10,66,54,0,0,11,58,68,48,60,40,26,107,0,54,5,
18:39:17,56,21,67,0,80,31,44,0,0,87,53,19,39,0,10,66,54,0,0,11,58,68,48,60,40,26,107,0,54,5,
18:39:18,56,21,69,0,80,31,44,0,0,87,55,19,39,0,10,66,54,0,0,11,58,68,48,60,40,26,107,0,58,5,
18:39:19,56,21,69,0,80,31,44,0,0,87,55,19,39,0,10,66,54,0,0,11,58,68,48,60,40,26,107,0,58,5,
18:39:20,56,21,69,0,80,31,44,0,0,87,55,19,39,0,10,66,54,0,0,11,58,68,48,60,40,26,107,0,58,5,
18:39:21,56,21,69,0,80,31,44,0,0,87,55,19,39,0,10,66,54,0,0,11,58,68,48,60,40,26,107,0,58,5,
18:39:22,56,21,69,0,80,31,44,0,0,87,55,19,39,0,10,66,54,0,0,11,58,68,48,60,40,26,107,0,58,5,
18:39:23,56,21,69,0,80,31,44,0,0,87,55,19,39,0,10,66,54,0,0,11,58,68,48,60,40,26,107,0,58,5,
18:39:24,56,21,69,0,80,31,44,0,0,87,55,19,39,0,10,66,54,0,0,11,58,68,48,60,40,26,107,0,58,5,
18:39:25,56,21,69,0,80,31,44,0,0,87,55,19,39,0,10,66,54,0,0,11,58,68,48,60,40,26,107,0,58,5,
18:39:26,56,21,69,0,80,31,44,0,0,87,55,19,39,0,10,66,54,0,0,11,58,68,48,60,40,26,107,0,58,5,
18:39:27,56,21,69,0,80,31,44,0,0,87,55,19,39,0,10,66,54,0,0,11,58,68,48,60,40,26,107,0,58,5,
18:39:28,56,21,69,0,80,31,44,0,0,87,55,19,39,0,10,66,54,0,0,11,58,68,48,60,40,26,107,0,58,5,
18:39:29,56,21,69,0,80,31,44,0,0,87,55,19,39,0,10,66,54,0,0,11,58,68,48,60,40,26,107,0,58,5,
18:39:30,56,21,69,0,80,31,44,0,0,87,55,19,39,0,10,66,54,0,0,11,58,68,48,60,40,26,107,0,58,5,
18:39:31,56,21,69,0,80,31,44,0,0,87,55,19,39,0,10,66,54,0,0,11,58,68,48,60,40,26,107,0,58,5,
18:39:32,56,21,69,0,80,31,44,0,0,87,55,19,39,0,10,66,54,0,0,11,58,68,48,60,40,26,107,0,58,5,
18:39:33,56,21,69,0,80,31,44,0,0,87,55,19,39,0,10,66,54,0,0,11,58,68,48,60,40,26,107,0,58,5,
18:39:34,56,21,69,0,80,31,44,0,0,87,55,19,39,0,10,66,54,0,0,11,58,68,48,60,40,26,107,0,58,5,
18:39:35,56,21,69,0,80,31,44,0,0,87,55,19,39,0,10,66,54,0,0,11,58,68,48,60,40,26,107,0,58,5,
18:39:36,56,21,69,0,80,31,44,0,0,87,55,19,39,0,10,66,54,0,0,11,58,68,48,60,40,26,107,0,58,5,
18:39:37,56,21,69,0,80,31,44,0,0,87,55,19,39,0,10,66,54,0,0,11,58,68,48,60,40,26,107,0,58,5,
18:39:38,56,21,69,0,80,31,44,0,0,87,55,19,39,0,10,66,54,0,0,11,58,68,48,60,40,26,107,0,58,5,
18:39:39,56,21,69,0,80,31,44,0,0,87,55,19,39,0,10,66,54,0,0,11,58,68,48,60,40,26,107,0,58,5,
18:39:40,56,21,69,0,80,31,44,0,0,87,55,19,39,0,10,66,54,0,0,11,58,68,48,60,40,26,107,0,58,5,
18:39:41,56,21,69,0,80,31,44,0,0,87,55,19,39,0,10,66,54,0,0,11,58,68,50,60,40,26,107,0,60,5,
18:39:42,56,21,69,0,80,31,44,0,0,87,55,19,39,0,10,66,54,0,0,11,58,68,50,60,40,26,107,0,60,5,
18:39:43,56,21,69,0,80,31,44,0,0,87,55,19,39,0,10,66,54,0,0,11,58,68,50,60,40,26,107,0,60,5,
18:39:44,56,21,69,0,80,31,44,0,0,87,55,19,39,0,10,66,54,0,0,11,58,68,50,60,40,26,107,0,60,5,
18:39:45,56,21,69,0,80,31,46,0,0,87,55,19,39,0,10,66,54,0,0,11,58,68,50,60,46,26,107,0,60,5,
18:39:46,56,21,69,0,80,31,46,0,0,87,55,19,39,0,10,66,54,0,0,11,58,68,50,60,46,26,107,0,60,5,
18:39:47,56,21,69,0,80,31,46,0,0,87,55,19,39,0,10,66,54,0,0,11,58,68,50,60,46,26,107,0,60,5,
18:39:48,56,21,69,0,80,31,46,0,0,87,55,19,39,0,10,66,54,0,0,11,58,68,50,60,46,26,107,0,60,5,
18:39:49,56,21,69,0,80,31,46,0,0,87,55,19,39,0,10,66,54,0,0,11,58,68,50,60,46,26,107,0,60,5,
18:39:50,56,21,69,0,80,31,46,0,0,87,55,19,39,0,10,66,54,0,0,11,58,68,50,60,46,26,107,0,60,5,
18:39:51,56,21,69,0,80,31,46,0,0,87,55,19,39,0,10,66,54,0,0,11,58,68,50,60,46,26,107,0,60,5,
18:39:52,56,21,69,0,80,31,46,0,0,87,55,19,39,0,10,66,54,0,0,11,58,68,50,60,46,26,107,0,60,5,
18:39:53,56,21,69,0,80,31,46,0,0,87,55,19,39,0,10,66,54,0,0,11,58,68,50,60,46,26,107,0,60,5,
18:39:54,56,21,69,0,80,31,46,0,0,87,55,19,39,0,10,66,54,0,0,11,58,68,50,60,46,26,107,0,60,5,
18:39:55,56,21,69,0,80,31,46,0,0,87,55,19,39,0,10,66,54,0,0,11,58,68,50,60,46,26,107,0,60,5,
18:39:56,56,21,69,0,80,31,46,0,0,87,55,19,39,0,10,66,54,0,0,11,58,68,50,60,46,26,107,0,60,5,
18:39:57,56,21,69,0,80,31,46,0,0,87,55,19,39,0,10,66,54,0,0,11,58,68,50,60,46,26,107,0,60,5,
18:39:58,56,21,69,0,80,31,46,0,0,87,55,19,39,0,10,66,54,0,0,11,58,68,50,60,46,26,107,0,60,5,
18:39:59,56,21,69,0,80,31,46,0,0,87,55,19,39,0,10,66,54,0,0,11,58,68,50,60,46,26,107,0,60,5,
18:40,56,21,69,0,80,31,46,0,0,87,55,19,39,0,10,66,54,0,0,11,58,68,50,60,46,26,107,0,60,5,
18:40:01,56,21,69,0,80,31,46,0,0,87,55,19,39,0,10,66,54,0,0,11,58,68,50,60,46,26,107,0,60,5,
18:40:02,56,21,69,0,80,31,46,0,0,87,55,19,39,0,10,66,54,0,0,11,58,68,50,60,46,26,107,0,60,5,
18:40:03,56,21,69,0,80,31,46,0,0,87,55,19,39,0,10,66,54,0,0,11,58,68,50,60,46,26,107,0,60,5,
18:40:04,56,21,69,0,80,31,46,0,0,87,55,19,39,0,10,66,54,0,0,11,58,68,50,60,46,26,107,0,60,5,
18:40:05,56,21,69,0,80,31,46,0,0,87,55,19,39,0,10,66,54,0,0,11,58,68,50,60,46,26,107,0,60,5,
18:40:06,56,21,69,0,80,31,46,0,0,87,55,19,39,0,10,66,54,0,0,11,58,68,50,60,46,26,107,0,60,5,
18:40:07,56,21,69,0,80,31,46,0,0,87,55,19,39,0,10,66,54,0,0,11,58,68,50,60,46,26,107,0,60,5,
18:40:08,56,21,69,0,80,31,46,0,0,87,55,19,39,0,10,66,54,0,0,11,58,68,50,60,46,26,107,0,60,5,
18:40:09,56,21,69,0,80,31,46,0,0,87,55,19,39,0,10,66,54,0,0,11,58,68,50,60,46,26,107,0,60,5,
18:40:10,56,21,69,0,80,31,46,0,0,87,55,19,39,0,10,66,54,0,0,11,58,68,50,60,46,26,107,0,60,5,
18:40:11,56,21,69,0,80,31,46,0,0,87,55,19,39,0,10,66,54,0,0,11,58,68,50,60,46,26,107,0,60,5,
18:40:12,56,23,69,0,84,31,48,0,0,88,57,21,39,0,10,66,56,0,0,11,58,68,50,60,46,26,107,0,60,5,
18:40:13,56,23,69,0,84,31,48,0,0,88,57,21,39,0,10,66,56,0,0,11,58,68,50,60,46,26,107,0,60,5,
18:40:14,56,23,69,0,84,31,48,0,0,88,57,21,39,0,10,66,56,0,0,11,58,68,50,60,46,26,107,0,60,5,
18:40:15,56,23,69,0,84,31,48,0,0,88,57,21,39,0,10,66,56,0,0,11,58,68,50,60,46,26,107,0,60,5,
18:40:16,56,23,69,0,84,31,48,0,0,88,57,21,39,0,10,66,56,0,0,11,58,68,50,60,46,26,107,0,60,5,
18:40:17,56,23,69,0,84,31,48,0,0,88,57,21,39,0,10,66,56,0,0,11,58,68,50,60,46,26,107,0,60,5,
18:40:18,56,23,69,0,84,31,48,0,0,88,57,21,39,0,10,66,56,0,0,11,58,68,50,60,46,26,107,0,60,5,
18:40:19,56,23,69,0,84,31,48,0,0,88,57,21,39,0,10,66,56,0,0,11,58,68,50,60,46,26,107,0,60,5,
18:40:20,56,23,69,0,84,31,48,0,0,88,57,21,39,0,10,66,56,0,0,11,58,68,50,60,46,26,107,0,60,5,
18:40:21,56,23,69,0,84,31,48,0,0,88,57,21,39,0,10,66,56,0,0,11,58,68,50,60,46,26,107,0,60,5,
18:40:22,56,23,69,0,84,31,48,0,0,88,57,21,39,0,10,66,56,0,0,11,58,68,50,60,46,26,107,0,60,5,
18:40:23,56,23,69,0,84,31,48,0,0,88,57,21,39,0,10,66,56,0,0,11,58,68,50,60,46,26,107,0,60,5,
18:40:24,56,23,69,0,84,31,48,0,0,88,57,21,39,0,10,66,56,0,0,11,58,68,50,60,46,26,107,0,60,5,
18:40:25,56,23,69,0,84,31,48,0,0,88,57,21,39,0,10,66,56,0,0,11,58,68,50,60,46,26,107,0,60,5,
18:40:26,56,23,69,0,84,31,48,0,0,88,57,21,39,0,10,66,56,0,0,11,58,68,50,60,46,26,107,0,60,5,
18:40:27,56,23,69,0,84,31,48,0,0,88,57,21,39,0,10,66,56,0,0,11,58,68,50,60,46,26,107,0,60,5,
18:40:28,56,23,69,0,84,31,48,0,0,88,57,21,39,0,10,66,56,0,0,11,58,68,50,60,46,26,107,0,60,5,
18:40:29,56,23,69,0,84,31,48,0,0,88,57,21,39,0,10,66,56,0,0,11,58,68,50,60,46,26,107,0,60,5,
18:40:30,56,23,69,0,84,31,48,0,0,88,57,21,39,0,10,66,56,0,0,11,58,68,50,60,46,26,107,0,60,5,
18:40:31,56,23,69,0,84,31,48,0,0,88,57,21,39,0,10,66,56,0,0,11,58,68,50,60,46,26,107,0,60,5,
18:40:32,56,23,69,0,84,31,48,0,0,88,57,21,39,0,10,66,56,0,0,11,58,68,50,60,46,26,107,0,60,5,
18:40:33,56,23,69,0,84,31,48,0,0,88,57,21,39,0,10,66,56,0,0,11,58,68,50,60,46,26,107,0,60,5,
18:40:34,56,23,69,0,84,31,48,0,0,88,57,21,39,0,10,66,56,0,0,11,58,68,50,60,46,26,107,0,60,5,
18:40:35,56,23,69,0,84,31,48,0,0,88,57,21,39,0,10,66,56,0,0,11,58,68,50,60,46,26,107,0,60,5,
18:40:36,56,23,69,0,84,31,48,0,0,88,57,21,39,0,10,66,56,0,0,11,58,68,50,60,46,26,107,0,60,5,
18:40:37,56,23,69,0,84,31,48,0,0,88,57,21,39,0,10,66,56,0,0,11,58,68,50,60,46,26,107,0,60,5,
18:40:38,56,23,69,0,84,31,48,0,0,88,57,21,39,0,10,66,56,0,0,11,58,68,50,60,46,26,107,0,60,5,
18:40:39,56,23,69,0,84,31,48,0,0,88,57,21,39,0,10,66,56,0,0,11,58,68,50,60,46,26,107,0,60,5,
18:40:40,56,23,69,0,84,31,48,0,0,88,57,21,39,0,10,66,56,0,0,11,58,68,50,60,46,26,107,0,60,5,
18:40:41,56,23,69,0,84,31,48,0,0,88,57,21,39,0,12,66,56,0,0,11,58,68,50,60,46,26,107,0,60,5,
18:40:42,56,23,69,0,84,31,48,0,0,88,57,21,39,0,12,66,56,0,0,11,58,68,50,60,48,26,107,0,60,5,
18:40:43,56,23,69,0,84,31,48,0,0,88,57,21,39,0,12,66,56,0,0,11,58,68,50,60,48,26,107,0,60,5,
18:40:44,56,23,69,0,84,31,48,0,0,88,57,21,39,0,12,66,56,0,0,11,58,68,50,60,48,26,107,0,60,5,
18:40:45,56,23,69,0,84,31,48,0,0,88,57,21,39,0,12,66,56,0,0,11,58,68,50,60,48,26,107,0,60,5,
18:40:46,56,23,69,0,84,31,48,0,0,88,57,21,39,0,12,66,56,0,0,11,58,68,50,60,48,26,107,0,60,5,
18:40:47,56,23,69,0,84,31,48,0,0,88,57,21,39,0,12,66,56,0,0,11,58,68,50,60,48,26,107,0,60,5,
18:40:48,56,23,69,0,84,31,48,0,0,88,57,21,39,0,12,66,56,0,0,11,58,68,50,60,48,26,107,0,60,5,
18:40:49,56,23,69,0,84,31,48,0,0,88,57,21,39,0,12,66,56,0,0,11,58,68,50,60,48,26,107,0,60,5,
18:40:50,56,23,69,0,84,31,48,0,0,88,57,21,39,0,12,66,56,0,0,11,58,68,50,60,48,26,107,0,60,5,
18:40:51,56,23,69,0,84,31,48,0,0,88,57,21,39,0,12,66,56,0,0,11,58,68,50,60,48,26,107,0,60,5,
18:40:52,56,23,69,0,84,31,48,0,0,88,57,21,39,0,12,66,56,0,0,11,58,68,50,60,48,26,107,0,60,5,
18:40:53,56,23,69,0,84,31,48,0,0,88,57,21,39,0,12,66,56,0,0,11,58,68,50,60,48,26,107,0,60,5,
18:40:54,56,23,69,0,84,31,48,0,0,88,57,21,39,0,12,66,56,0,0,11,58,68,50,60,48,26,107,0,60,5,
18:40:55,56,23,69,0,84,31,48,0,0,88,57,21,39,0,12,66,56,0,0,11,58,68,50,60,48,26,107,0,60,5,
18:40:56,56,23,69,0,84,31,48,0,0,88,57,21,39,0,12,66,56,0,0,11,58,68,50,60,48,26,107,0,60,5,
18:40:57,56,23,69,0,84,31,48,0,0,88,57,21,39,0,12,66,56,0,0,11,58,68,50,60,48,26,107,0,60,5,
18:40:58,56,23,69,0,84,31,48,0,0,88,57,21,39,0,12,66,56,0,0,11,58,68,50,60,48,26,107,0,60,5,
18:40:59,56,23,69,0,84,31,48,0,0,88,57,21,39,0,12,66,56,0,0,11,58,68,50,60,48,26,107,0,60,5,
18:41,56,23,69,0,84,31,48,0,0,88,57,21,39,0,12,66,56,0,0,11,58,68,50,60,48,26,107,0,60,5,
18:41:01,56,23,69,0,84,31,48,0,0,88,57,21,39,0,12,66,56,0,0,11,58,68,50,60,48,26,107,0,60,5,
18:41:02,56,23,69,0,84,31,48,0,0,88,57,21,39,0,12,66,56,0,0,11,58,68,50,60,48,26,107,0,60,5,
18:41:03,56,23,69,0,84,31,48,0,0,88,57,21,39,0,12,66,56,0,0,11,58,68,50,60,48,26,107,0,60,5,
18:41:04,56,23,69,0,84,31,48,0,0,88,57,21,39,0,12,66,56,0,0,11,58,68,50,60,48,26,107,0,60,5,
18:41:05,56,23,69,0,84,31,48,0,0,88,57,21,39,0,12,66,56,0,0,11,58,68,50,60,48,26,107,0,60,5,
18:41:06,56,23,69,0,84,31,48,0,0,88,57,21,39,0,12,66,56,0,0,11,58,68,50,60,48,26,107,0,60,5,
18:41:07,56,23,69,0,84,31,48,0,0,88,57,21,39,0,12,66,56,0,0,11,58,68,50,60,48,26,107,0,60,5,
18:41:08,56,23,69,0,84,31,48,0,0,88,57,21,39,0,12,66,56,0,0,11,58,68,50,60,48,26,107,0,60,5,
18:41:09,56,23,69,0,84,31,48,0,0,88,57,21,39,0,12,66,56,0,0,11,58,68,50,60,48,26,107,0,60,5,
18:41:10,56,23,69,0,84,31,48,0,0,88,57,21,39,0,12,66,56,0,0,11,58,68,50,60,48,26,107,0,60,5,
18:41:11,56,23,69,0,84,31,48,0,0,92,57,21,39,0,12,66,56,0,0,11,60,68,50,61,48,26,112,0,63,5,
18:41:12,56,23,69,0,84,31,48,0,0,92,57,21,39,0,12,66,56,0,0,11,60,68,50,61,48,26,112,0,63,5,
18:41:13,56,23,69,0,84,31,48,0,0,92,57,21,39,0,12,66,56,0,0,11,60,68,50,61,48,26,112,0,63,5,
18:41:14,56,23,69,0,84,31,48,0,0,92,57,21,39,0,12,66,56,0,0,11,60,68,50,61,48,26,112,0,63,5,
18:41:15,56,23,69,0,84,31,48,0,0,92,57,21,39,0,12,66,56,0,0,11,60,68,50,61,48,26,112,0,63,5,
18:41:16,56,23,69,0,84,31,48,0,0,92,57,21,39,0,12,66,56,0,0,11,60,68,50,61,48,26,112,0,63,5,
18:41:17,56,23,69,0,84,31,48,0,0,92,57,21,39,0,12,66,56,0,0,11,60,68,50,61,48,26,112,0,63,5,
18:41:18,56,23,69,0,84,31,48,0,0,92,57,21,39,0,12,66,56,0,0,11,60,68,50,61,48,26,112,0,63,5,
18:41:19,56,23,69,0,84,31,48,0,0,92,57,21,39,0,12,66,56,0,0,11,60,68,50,61,48,26,112,0,63,5,
18:41:20,56,23,69,0,84,31,48,0,0,92,57,21,39,0,12,66,56,0,0,11,60,68,50,61,48,26,112,0,63,5,
18:41:21,56,23,69,0,84,31,48,0,0,92,57,21,39,0,12,66,56,0,0,11,60,68,50,61,48,26,112,0,63,5,
18:41:22,56,23,69,0,84,31,48,0,0,92,57,21,39,0,12,66,56,0,0,11,60,68,50,61,48,26,112,0,63,5,
18:41:23,56,23,69,0,84,31,48,0,0,92,57,21,39,0,12,66,56,0,0,11,60,68,50,61,48,26,112,0,63,5,
18:41:24,56,23,69,0,84,31,48,0,0,92,57,21,39,0,12,66,56,0,0,11,60,68,50,61,48,26,112,0,63,5,
18:41:25,56,23,69,0,84,31,48,0,0,92,57,21,39,0,12,66,56,0,0,11,60,68,50,61,48,26,112,0,63,5,
18:41:26,56,23,69,0,84,31,48,0,0,92,57,21,39,0,12,66,56,0,0,11,60,68,50,61,48,26,112,0,63,5,
18:41:27,56,23,69,0,84,31,48,0,0,92,57,21,39,0,12,66,56,0,0,11,60,68,50,61,48,26,112,0,63,5,
18:41:28,56,23,69,0,84,31,48,0,0,92,57,21,39,0,12,66,56,0,0,11,60,68,50,61,48,26,112,0,63,5,
18:41:29,56,23,69,0,84,31,48,0,0,92,57,21,39,0,12,66,56,0,0,11,60,68,50,61,48,26,112,0,63,5,
18:41:30,56,23,69,0,84,31,48,0,0,92,57,21,39,0,12,66,56,0,0,11,60,68,50,61,48,26,112,0,63,5,
18:41:31,56,23,69,0,84,31,48,0,0,92,57,21,39,0,12,66,56,0,0,11,60,68,50,61,48,26,112,0,63,5,
18:41:32,56,23,69,0,84,31,48,0,0,92,57,21,39,0,12,66,56,0,0,11,60,68,50,61,48,26,112,0,63,5,
18:41:33,56,23,69,0,84,31,48,0,0,92,57,21,39,0,12,66,56,0,0,11,60,68,50,61,48,26,112,0,63,5,
18:41:34,56,23,69,0,84,31,48,0,0,92,57,21,39,0,12,66,56,0,0,11,60,68,50,61,48,26,112,0,63,5,
18:41:35,56,23,69,0,84,31,48,0,0,92,57,21,39,0,12,66,56,0,0,11,60,68,50,61,48,26,112,0,63,5,
18:41:36,56,23,69,0,84,31,48,0,0,92,57,21,39,0,12,66,56,0,0,11,60,68,50,61,48,26,112,0,63,5,
18:41:37,56,23,69,0,84,31,48,0,0,92,57,21,39,0,12,66,56,0,0,11,60,68,50,61,48,26,112,0,63,5,
18:41:38,56,23,69,0,84,31,48,0,0,92,57,21,39,0,12,66,56,0,0,11,60,68,50,61,48,26,112,0,63,5,
18:41:39,56,23,69,0,84,31,48,0,0,92,57,21,39,0,12,66,56,0,0,11,60,68,50,61,48,26,112,0,63,5,
18:41:40,56,23,69,0,84,31,48,0,0,92,57,21,39,0,12,66,56,0,0,11,60,68,50,61,48,26,112,0,63,5,
18:41:41,56,23,69,0,84,34,48,0,0,93,57,21,39,0,12,66,56,0,0,11,60,68,50,64,48,26,112,0,65,5,
18:41:42,56,23,69,0,84,34,48,0,0,93,57,21,39,0,12,66,56,0,0,11,60,68,50,64,48,26,112,0,65,5,
18:41:43,56,23,69,0,84,34,48,0,0,93,57,21,39,0,12,66,56,0,0,11,60,68,50,64,48,26,112,0,65,5,
18:41:44,56,23,69,0,84,34,48,0,0,93,57,21,39,0,12,66,56,0,0,11,60,68,50,64,48,26,112,0,65,5,
18:41:45,56,23,69,0,84,34,48,0,0,93,57,21,39,0,12,66,56,0,0,11,60,68,50,64,48,26,112,0,65,5,
18:41:46,56,23,69,0,84,34,48,0,0,93,57,21,39,0,12,66,56,0,0,11,60,68,50,64,48,26,112,0,65,5,
18:41:47,56,23,69,0,84,34,48,0,0,93,57,21,39,0,12,66,56,0,0,11,60,68,50,64,48,26,112,0,65,5,
18:41:48,56,23,69,0,84,34,48,0,0,93,57,21,39,0,12,66,56,0,0,11,60,68,50,64,48,26,112,0,65,5,
18:41:49,56,23,69,0,84,34,48,0,0,93,57,21,39,0,12,66,56,0,0,11,60,68,50,64,48,26,112,0,65,5,
18:41:50,56,23,69,0,84,34,48,0,0,93,57,21,39,0,12,66,56,0,0,11,60,68,50,64,48,26,112,0,65,5,
18:41:51,56,23,69,0,84,34,48,0,0,93,57,21,39,0,12,66,56,0,0,11,60,68,50,64,48,26,112,0,65,5,
18:41:52,56,23,69,0,84,34,48,0,0,93,57,21,39,0,12,66,56,0,0,11,60,68,50,64,48,26,112,0,65,5,
18:41:53,56,23,69,0,84,34,48,0,0,93,57,21,39,0,12,66,56,0,0,11,60,68,50,64,48,26,112,0,65,5,
18:41:54,56,23,69,0,84,34,48,0,0,93,57,21,39,0,12,66,56,0,0,11,60,68,50,64,48,26,112,0,65,5,
18:41:55,56,23,69,0,84,34,48,0,0,93,57,21,39,0,12,66,56,0,0,11,60,68,50,64,48,26,112,0,65,5,
18:41:56,56,23,69,0,84,34,48,0,0,93,57,21,39,0,12,66,56,0,0,11,60,68,50,64,48,26,112,0,65,5,
18:41:57,56,23,69,0,84,34,48,0,0,93,57,21,39,0,12,66,56,0,0,11,60,68,50,64,48,26,112,0,65,5,
18:41:58,56,23,69,0,84,34,48,0,0,93,57,21,39,0,12,66,56,0,0,11,60,68,50,64,48,26,112,0,65,5,
18:41:59,56,23,69,0,84,34,48,0,0,93,57,21,39,0,12,66,56,0,0,11,60,68,50,64,48,26,112,0,65,5,
18:42,56,23,69,0,84,34,48,0,0,93,57,21,39,0,12,66,56,0,0,11,60,68,50,64,48,26,112,0,65,5,
18:42:01,56,23,69,0,84,34,48,0,0,93,57,21,39,0,12,66,56,0,0,11,60,68,50,64,48,26,112,0,65,5,
18:42:02,56,23,69,0,84,34,48,0,0,93,57,21,39,0,12,66,56,0,0,11,60,68,50,64,48,26,112,0,65,5,
18:42:03,56,23,69,0,84,34,48,0,0,93,57,21,39,0,12,66,56,0,0,11,60,68,50,64,48,26,112,0,65,5,
18:42:04,56,23,69,0,84,34,48,0,0,93,57,21,39,0,12,66,56,0,0,11,60,68,50,64,48,26,112,0,65,5,
18:42:05,56,23,69,0,84,34,48,0,0,93,57,21,39,0,12,66,56,0,0,11,60,68,50,64,48,26,112,0,65,5,
18:42:06,56,23,69,0,84,34,48,0,0,93,57,21,39,0,12,66,56,0,0,11,60,68,50,64,48,26,112,0,65,5,
18:42:07,56,23,69,0,84,34,48,0,0,93,57,21,39,0,12,66,56,0,0,11,60,68,50,64,48,26,112,0,65,5,
18:42:08,56,23,69,0,84,34,48,0,0,93,57,21,39,0,12,66,56,0,0,11,60,68,50,64,48,26,112,0,65,5,
18:42:09,56,23,69,0,84,34,48,0,0,93,57,21,39,0,12,66,56,0,0,11,60,68,50,64,48,26,112,0,65,5,
18:42:10,56,23,69,0,84,34,48,0,0,93,57,21,39,0,12,66,56,0,0,11,60,68,50,64,48,26,112,0,65,5,
18:42:11,56,23,72,0,86,34,48,0,0,93,57,21,39,0,12,67,56,0,0,11,60,68,54,64,48,26,112,0,67,5,
18:42:12,56,23,72,0,86,34,48,0,0,93,57,21,39,0,12,67,56,0,0,11,60,68,54,64,48,26,112,0,67,5,
18:42:13,56,23,72,0,86,34,48,0,0,93,57,21,39,0,12,67,56,0,0,11,60,68,54,64,48,26,112,0,67,5,
18:42:14,56,23,72,0,86,34,48,0,0,93,57,21,39,0,12,67,56,0,0,11,60,68,54,64,48,26,112,0,67,5,
18:42:15,56,23,72,0,86,34,48,0,0,93,57,21,39,0,12,67,56,0,0,11,60,68,54,64,48,26,112,0,67,5,
18:42:16,56,23,72,0,86,34,48,0,0,93,57,21,39,0,12,67,56,0,0,11,60,68,54,64,48,26,112,0,67,5,
18:42:17,56,23,72,0,86,34,48,0,0,93,57,21,39,0,12,67,56,0,0,11,60,68,54,64,48,26,112,0,67,5,
18:42:18,56,23,72,0,86,34,48,0,0,93,57,21,39,0,12,67,56,0,0,11,60,68,54,64,48,26,112,0,67,5,
18:42:19,56,23,72,0,86,34,48,0,0,93,57,21,39,0,12,67,56,0,0,11,60,68,54,64,48,26,112,0,67,5,
18:42:20,56,23,72,0,86,34,48,0,0,93,57,21,39,0,12,67,56,0,0,11,60,68,54,64,48,26,112,0,67,5,
18:42:21,56,23,72,0,86,34,48,0,0,93,57,21,39,0,12,67,56,0,0,11,60,68,54,64,48,26,112,0,67,5,
18:42:22,56,23,72,0,86,34,48,0,0,93,57,21,39,0,12,67,56,0,0,11,60,68,54,64,48,26,112,0,67,5,
18:42:23,56,23,72,0,86,34,48,0,0,93,57,21,39,0,12,67,56,0,0,11,60,68,54,64,48,26,112,0,67,5,
18:42:24,56,23,72,0,86,34,48,0,0,93,57,21,39,0,12,67,56,0,0,11,60,68,54,64,48,26,112,0,67,5,
18:42:25,56,23,72,0,86,34,48,0,0,93,57,21,39,0,12,67,56,0,0,11,60,68,54,64,48,26,112,0,67,5,
18:42:26,56,23,72,0,86,34,48,0,0,93,57,21,39,0,12,67,56,0,0,11,60,68,54,64,48,26,112,0,67,5,
18:42:27,56,23,72,0,86,34,48,0,0,93,57,21,39,0,12,67,56,0,0,11,60,68,54,64,48,26,112,0,67,5,
18:42:28,56,23,72,0,86,34,48,0,0,93,57,21,39,0,12,67,56,0,0,11,60,68,54,64,48,26,112,0,67,5,
18:42:29,56,23,72,0,86,34,48,0,0,93,57,21,39,0,12,67,56,0,0,11,60,68,54,64,48,26,112,0,67,5,
18:42:30,56,23,72,0,86,34,48,0,0,93,57,21,39,0,12,67,56,0,0,11,60,68,54,64,48,26,112,0,67,5,
18:42:31,56,23,72,0,86,34,48,0,0,93,57,21,39,0,12,67,56,0,0,11,60,68,54,64,48,26,112,0,67,5,
18:42:32,56,23,72,0,86,34,48,0,0,93,57,21,39,0,12,67,56,0,0,11,60,68,54,64,48,26,112,0,67,5,
18:42:33,56,23,72,0,86,34,48,0,0,93,57,21,39,0,12,67,56,0,0,11,60,68,54,64,48,26,112,0,67,5,
18:42:34,56,23,72,0,86,34,48,0,0,93,57,21,39,0,12,67,56,0,0,11,60,68,54,64,48,26,112,0,67,5,
18:42:35,56,23,72,0,86,34,48,0,0,93,57,21,39,0,12,67,56,0,0,11,60,68,54,64,48,26,112,0,67,5,
18:42:36,56,23,72,0,86,34,48,0,0,93,57,21,39,0,12,67,56,0,0,11,60,68,54,64,48,26,112,0,67,5,
18:42:37,56,23,72,0,86,34,48,0,0,93,57,21,39,0,12,67,56,0,0,11,60,68,54,64,48,26,112,0,67,5,
18:42:38,56,23,72,0,86,34,48,0,0,93,57,21,39,0,12,67,56,0,0,11,60,68,54,64,48,26,112,0,67,5,
18:42:39,56,23,72,0,86,34,48,0,0,93,57,21,39,0,12,67,56,0,0,11,60,68,54,64,48,26,112,0,67,5,
18:42:40,56,23,72,0,86,34,48,0,0,93,57,21,39,0,12,67,56,0,0,11,60,68,54,64,48,26,112,0,67,5,
18:42:41,56,23,72,0,86,34,48,0,0,93,57,21,39,0,12,67,56,0,0,11,60,68,54,64,48,26,112,0,67,5,
18:42:42,56,23,72,0,86,34,48,0,0,93,57,21,39,0,12,67,56,0,0,11,60,68,54,64,48,26,112,0,67,5,
18:42:43,56,23,72,0,86,34,48,0,0,93,57,21,39,0,12,67,56,0,0,11,60,68,54,64,48,26,112,0,67,5,
18:42:44,56,23,72,0,86,34,48,0,0,93,57,21,39,0,12,67,56,0,0,11,60,68,54,64,48,26,112,0,67,5,
18:42:45,56,23,72,0,86,34,48,0,0,93,57,21,39,0,12,67,56,0,0,11,60,68,54,64,48,26,112,0,67,5,
18:42:46,56,23,72,0,86,34,48,0,0,93,57,21,39,0,12,67,56,0,0,11,60,68,54,64,48,26,112,0,67,5,
18:42:47,56,23,72,0,86,34,48,0,0,93,57,21,39,0,12,67,56,0,0,11,60,68,54,64,48,26,112,0,67,5,
18:42:48,56,23,72,0,86,34,48,0,0,93,57,21,39,0,12,67,56,0,0,11,60,68,54,64,48,26,112,0,67,5,
18:42:49,56,23,72,0,86,34,48,0,0,93,57,21,39,0,12,67,56,0,0,11,60,68,54,64,48,26,112,0,67,5,
18:42:50,56,29,74,0,86,34,48,0,0,95,57,21,39,0,12,67,60,0,0,11,60,68,58,64,48,26,112,0,67,8,
18:42:51,56,29,74,0,86,34,48,0,0,95,57,21,39,0,12,67,60,0,0,11,60,68,58,64,48,26,112,0,67,8,
18:42:52,56,29,74,0,86,34,48,0,0,95,57,21,39,0,12,67,60,0,0,11,60,68,58,64,48,26,112,0,67,8,
18:42:53,56,29,74,0,86,34,48,0,0,95,57,21,39,0,12,67,60,0,0,11,60,68,58,64,48,26,112,0,67,8,
18:42:54,56,29,74,0,86,34,48,0,0,95,57,21,39,0,12,67,60,0,0,11,60,68,58,64,48,26,112,0,67,8,
18:42:55,56,29,74,0,86,34,48,0,0,95,57,21,39,0,12,67,60,0,0,11,60,68,58,64,48,26,112,0,67,8,
18:42:56,56,29,74,0,86,34,48,0,0,95,57,21,39,0,12,67,60,0,0,11,60,68,58,64,48,26,112,0,67,8,
18:42:57,56,29,74,0,86,34,48,0,0,95,57,21,39,0,12,67,60,0,0,11,60,68,58,64,48,26,112,0,67,8,
18:42:58,56,29,74,0,86,34,48,0,0,95,57,21,39,0,12,67,60,0,0,11,60,68,58,64,48,26,112,0,67,8,
18:42:59,56,29,74,0,86,34,48,0,0,95,57,21,39,0,12,67,60,0,0,11,60,68,58,64,48,26,112,0,67,8,
18:43,56,29,74,0,86,34,48,0,0,95,57,21,39,0,12,67,60,0,0,11,60,68,58,64,48,26,112,0,67,8,
18:43:01,56,29,74,0,86,34,48,0,0,95,57,21,39,0,12,67,60,0,0,11,60,68,58,64,48,26,112,0,67,8,
18:43:02,56,29,74,0,86,34,48,0,0,95,57,21,39,0,12,67,60,0,0,11,60,68,58,64,48,26,112,0,67,8,
18:43:03,56,29,74,0,86,34,48,0,0,95,57,21,39,0,12,67,60,0,0,11,60,68,58,64,48,26,112,0,67,8,
18:43:04,56,29,74,0,86,34,48,0,0,95,57,21,39,0,12,67,60,0,0,11,60,68,58,64,48,26,112,0,67,8,
18:43:05,56,29,74,0,86,34,48,0,0,95,57,21,39,0,12,67,60,0,0,11,60,68,58,64,48,26,112,0,67,8,
18:43:06,56,29,74,0,86,34,48,0,0,95,57,21,39,0,12,67,60,0,0,11,60,68,58,64,48,26,112,0,67,8,
18:43:07,56,29,74,0,86,34,48,0,0,95,57,21,39,0,12,67,60,0,0,11,60,68,58,64,48,26,112,0,67,8,
18:43:08,56,29,74,0,86,34,48,0,0,95,57,21,39,0,12,67,60,0,0,11,60,68,58,64,48,26,112,0,67,8,
18:43:09,56,29,74,0,86,34,48,0,0,95,57,21,39,0,12,67,60,0,0,11,60,68,58,64,48,26,112,0,67,8,
18:43:10,56,29,74,0,86,34,48,0,0,95,57,21,39,0,12,67,60,0,0,11,60,68,58,64,48,26,112,0,67,8,
18:43:11,56,29,74,0,86,34,48,0,0,95,57,21,39,0,12,67,60,0,0,11,60,68,58,64,48,26,112,0,67,8,
18:43:12,56,29,74,0,86,34,48,0,0,95,57,21,39,0,12,67,60,0,0,11,60,68,58,64,48,26,112,0,67,8,
18:43:13,56,29,74,0,86,34,48,0,0,95,57,21,39,0,12,67,60,0,0,11,60,68,58,64,48,26,112,0,67,8,
18:43:14,56,29,74,0,86,34,48,0,0,95,57,21,39,0,12,67,60,0,0,11,60,68,58,64,48,26,112,0,67,8,
18:43:15,56,29,74,0,86,34,48,0,0,95,57,21,39,0,12,67,60,0,0,11,60,68,58,64,48,26,112,0,67,8,
18:43:16,56,29,74,0,86,34,48,0,0,95,57,21,39,0,12,67,60,0,0,11,60,68,58,64,48,26,112,0,67,8,
18:43:17,56,29,74,0,86,34,48,0,0,95,57,21,39,0,12,67,60,0,0,11,60,68,58,64,48,26,112,0,67,8,
18:43:18,56,29,74,0,88,34,48,0,0,95,57,21,39,0,12,67,60,0,0,11,63,68,58,66,48,26,112,0,67,8,
18:43:19,56,29,74,0,88,34,48,0,0,95,57,21,39,0,12,67,60,0,0,11,63,68,58,66,48,26,112,0,67,8,
18:43:20,56,29,74,0,88,34,48,0,0,95,57,21,39,0,12,67,60,0,0,11,63,68,58,66,48,26,112,0,67,8,
18:43:21,56,29,74,0,88,34,48,0,0,95,57,21,39,0,12,67,60,0,0,11,63,68,58,66,48,26,112,0,67,8,
18:43:22,56,29,74,0,88,34,48,0,0,95,57,21,39,0,12,67,60,0,0,11,63,68,58,66,48,26,112,0,67,8,
18:43:23,56,29,74,0,88,34,48,0,0,95,57,21,39,0,12,67,60,0,0,11,63,68,58,66,48,26,112,0,67,8,
18:43:24,56,29,74,0,88,34,48,0,0,95,57,21,39,0,12,67,60,0,0,11,63,68,58,66,48,26,112,0,67,8,
18:43:25,56,29,74,0,88,34,48,0,0,95,57,21,39,0,12,67,60,0,0,11,63,68,58,66,48,26,112,0,67,8,
18:43:26,56,29,74,0,88,34,48,0,0,95,57,21,39,0,12,67,60,0,0,11,63,68,58,66,48,26,112,0,67,8,
18:43:27,56,29,74,0,88,34,48,0,0,95,57,21,39,0,12,67,60,0,0,11,63,68,58,66,48,26,112,0,67,8,
18:43:28,56,29,74,0,88,34,48,0,0,95,57,21,39,0,12,67,60,0,0,11,63,68,58,66,48,26,112,0,67,8,
18:43:29,56,29,74,0,88,34,48,0,0,95,57,21,39,0,12,67,60,0,0,11,63,68,58,66,48,26,112,0,67,8,
18:43:30,56,29,74,0,88,34,48,0,0,95,57,21,39,0,12,67,60,0,0,11,63,68,58,66,48,26,112,0,67,8,
18:43:31,56,29,74,0,88,34,48,0,0,95,57,21,39,0,12,67,60,0,0,11,63,68,58,66,48,26,112,0,67,8,
18:43:32,56,29,74,0,88,34,48,0,0,95,57,21,39,0,12,67,60,0,0,11,63,68,58,66,48,26,112,0,67,8,
18:43:33,56,29,74,0,88,34,48,0,0,95,57,21,39,0,12,67,60,0,0,11,63,68,58,66,48,26,112,0,67,8,
18:43:34,56,29,74,0,88,34,48,0,0,95,57,21,39,0,12,67,60,0,0,11,63,68,58,66,48,26,112,0,67,8,
18:43:35,56,29,74,0,88,34,48,0,0,95,57,21,39,0,12,67,60,0,0,11,63,68,58,66,48,26,112,0,67,8,
18:43:36,56,29,74,0,88,34,48,0,0,95,57,21,39,0,12,67,60,0,0,11,63,68,58,66,48,26,112,0,67,8,
18:43:37,56,29,74,0,88,34,48,0,0,95,57,21,39,0,12,67,60,0,0,11,63,68,58,66,48,26,112,0,67,8,
18:43:38,56,29,74,0,88,34,48,0,0,95,57,21,39,0,12,67,60,0,0,11,63,68,58,66,48,26,112,0,67,8,
18:43:39,56,29,74,0,88,34,48,0,0,95,57,21,39,0,12,67,60,0,0,11,63,68,58,66,48,26,112,0,67,8,
18:43:40,56,29,74,0,88,34,48,0,0,95,57,21,39,0,12,67,60,0,0,11,63,68,58,66,48,26,112,0,67,8,
18:43:41,56,29,74,0,88,34,48,0,0,95,57,21,39,0,12,67,60,0,0,11,63,68,58,66,48,26,112,0,67,8,
18:43:42,56,29,74,0,88,34,48,0,0,95,57,21,39,0,12,67,60,0,0,11,63,68,58,66,48,26,112,0,67,8,
18:43:43,56,29,74,0,88,34,48,0,0,95,57,21,39,0,12,67,60,0,0,11,63,68,58,66,48,26,112,0,67,8,
18:43:44,56,29,74,0,88,34,48,0,0,95,57,21,39,0,12,67,60,0,0,11,63,68,58,66,48,26,112,0,67,8,
18:43:45,56,29,74,0,88,34,48,0,0,95,57,21,39,0,12,67,60,0,0,11,63,68,58,66,48,26,112,0,67,8,
18:43:46,56,29,74,0,88,34,48,0,0,95,57,21,39,0,12,67,60,0,0,11,63,68,58,66,48,26,112,0,67,8,
18:43:47,56,29,74,0,88,34,48,0,0,95,57,21,39,0,12,67,60,0,0,11,63,68,58,66,48,26,112,0,67,8,
18:43:48,56,29,74,0,88,34,48,0,0,95,57,21,39,0,12,67,60,0,0,11,63,68,58,66,48,26,112,0,67,8,
18:43:49,56,29,74,0,90,34,48,0,0,95,59,21,39,0,12,67,60,2,0,11,63,69,58,68,48,26,112,0,67,8,
18:43:50,56,29,74,0,90,34,48,0,0,95,59,21,39,0,12,67,60,2,0,11,63,69,58,68,48,26,112,0,67,8,
18:43:51,56,29,74,0,90,34,48,0,0,95,59,21,39,0,12,67,60,2,0,11,63,69,58,68,48,26,112,0,67,8,
18:43:52,56,29,74,0,90,34,48,0,0,95,59,21,39,0,12,67,60,2,0,11,63,69,58,68,48,26,112,0,67,8,
18:43:53,56,29,74,0,90,34,48,0,0,95,59,21,39,0,12,67,60,2,0,11,63,69,58,68,48,26,112,0,67,8,
18:43:54,56,29,74,0,90,34,48,0,0,95,59,21,39,0,12,67,60,2,0,11,63,69,58,68,48,26,112,0,67,8,
18:43:55,56,29,74,0,90,34,48,0,0,95,59,21,39,0,12,67,60,2,0,11,63,69,58,68,48,26,112,0,67,8,
18:43:56,56,29,74,0,90,34,48,0,0,95,59,21,39,0,12,67,60,2,0,11,63,69,58,68,48,26,112,0,67,8,
18:43:57,56,29,74,0,90,34,48,0,0,95,59,21,39,0,12,67,60,2,0,11,63,69,58,68,48,26,112,0,67,8,
18:43:58,56,29,74,0,90,34,48,0,0,95,59,21,39,0,12,67,60,2,0,11,63,69,58,68,48,26,112,0,67,8,
18:43:59,56,29,74,0,90,34,48,0,0,95,59,21,39,0,12,67,60,2,0,11,63,69,58,68,48,26,112,0,67,8,
18:44,56,29,74,0,90,34,48,0,0,95,59,21,39,0,12,67,60,2,0,11,63,69,58,68,48,26,112,0,67,8,
18:44:01,56,29,74,0,90,34,48,0,0,95,59,21,39,0,12,67,60,2,0,11,63,69,58,68,48,26,112,0,67,8,
18:44:02,56,29,74,0,90,34,48,0,0,95,59,21,39,0,12,67,60,2,0,11,63,69,58,68,48,26,112,0,67,8,
18:44:03,56,29,74,0,90,34,48,0,0,95,59,21,39,0,12,67,60,2,0,11,63,69,58,68,48,26,112,0,67,8,
18:44:04,56,29,74,0,90,34,48,0,0,95,59,21,39,0,12,67,60,2,0,11,63,69,58,68,48,26,112,0,67,8,
18:44:05,56,29,74,0,90,34,48,0,0,95,59,21,39,0,12,67,60,2,0,11,63,69,58,68,48,26,112,0,67,8,
18:44:06,56,29,74,0,90,34,48,0,0,95,59,21,39,0,12,67,60,2,0,11,63,69,58,68,48,26,112,0,67,8,
18:44:07,56,29,74,0,90,34,48,0,0,95,59,21,39,0,12,67,60,2,0,11,63,69,58,68,48,26,112,0,67,8,
18:44:08,56,29,74,0,90,34,48,0,0,95,59,21,39,0,12,67,60,2,0,11,63,69,58,68,48,26,112,0,67,8,
18:44:09,56,29,74,0,90,34,48,0,0,95,59,21,39,0,12,67,60,2,0,11,63,69,58,68,48,26,112,0,67,8,
18:44:10,56,29,74,0,90,34,48,0,0,95,59,21,39,0,12,67,60,2,0,11,63,69,58,68,48,26,112,0,67,8,
18:44:11,56,29,74,0,90,34,48,0,0,95,59,21,39,0,12,67,60,2,0,11,63,69,58,68,48,26,112,0,67,8,
18:44:12,56,29,74,0,90,34,48,0,0,95,59,21,39,0,12,67,60,2,0,11,63,69,58,68,48,26,112,0,67,8,
18:44:13,56,29,74,0,90,34,48,0,0,95,59,21,39,0,12,67,60,2,0,11,63,69,58,68,48,26,112,0,67,8,
18:44:14,56,29,74,0,90,34,48,0,0,95,59,21,39,0,12,67,60,2,0,11,63,69,58,68,48,26,112,0,67,8,
18:44:15,56,29,74,0,90,34,48,0,0,95,59,21,39,0,12,67,60,2,0,11,63,69,58,68,48,26,112,0,67,8,
18:44:16,56,29,74,0,90,34,48,0,0,95,59,21,39,0,12,67,60,2,0,11,63,69,58,68,48,26,112,0,67,8,
18:44:17,56,29,74,0,90,34,48,0,0,95,59,21,39,0,12,67,60,2,0,11,63,69,58,68,48,26,112,0,67,8,
18:44:18,56,29,74,0,90,34,48,0,0,95,59,21,39,0,12,67,60,2,0,11,63,69,58,68,48,26,112,0,67,8,
18:44:19,56,29,74,0,90,34,48,0,0,95,59,21,39,0,12,67,60,2,0,11,63,69,58,68,48,26,112,0,67,8,
18:44:20,56,29,74,0,90,34,48,0,0,95,59,21,39,0,12,67,60,2,0,11,63,69,58,68,48,26,112,0,67,8,
18:44:21,56,29,74,0,90,34,48,0,0,95,59,21,39,0,12,67,60,2,0,11,63,69,58,68,48,26,112,0,67,8,
18:44:22,56,29,74,0,90,34,48,0,0,95,59,21,39,0,12,67,60,2,0,11,63,69,58,68,48,26,112,0,67,8,
18:44:23,56,29,74,0,90,34,48,0,0,95,59,21,39,0,12,67,60,2,0,11,63,69,58,68,48,26,112,0,67,8,
18:44:24,56,29,74,0,90,34,48,0,0,95,59,21,39,0,12,67,60,2,0,11,63,69,58,68,48,26,112,0,67,8,
18:44:25,56,29,74,0,90,34,48,0,0,95,59,21,39,0,12,67,60,2,0,11,63,69,58,68,48,26,112,0,67,8,
18:44:26,56,29,74,0,90,34,48,0,0,95,59,21,39,0,12,67,60,2,0,11,63,69,58,68,48,26,112,0,67,8,
18:44:27,56,29,74,0,90,34,48,0,0,95,59,21,39,0,12,67,60,2,0,11,63,69,58,68,48,26,112,0,67,8,
18:44:28,56,29,75,0,94,34,48,0,0,97,59,21,39,0,12,72,60,2,0,11,63,69,58,68,48,28,114,0,67,8,
18:44:29,56,29,75,0,94,34,48,0,0,97,59,21,39,0,12,72,60,2,0,11,63,69,58,68,48,28,114,0,67,8,
18:44:30,56,29,75,0,94,34,48,0,0,97,59,21,39,0,12,72,60,2,0,11,63,69,58,68,48,28,114,0,67,8,
18:44:31,56,29,75,0,94,34,48,0,0,97,59,21,39,0,12,72,60,2,0,11,63,69,58,68,48,28,114,0,67,8,
18:44:32,56,29,75,0,94,34,48,0,0,97,59,21,39,0,12,72,60,2,0,11,63,69,58,68,48,28,114,0,67,8,
18:44:33,56,29,75,0,94,34,48,0,0,97,59,21,39,0,12,72,60,2,0,11,63,69,58,68,48,28,114,0,67,8,
18:44:34,56,29,75,0,94,34,48,0,0,97,59,21,39,0,12,72,60,2,0,11,63,69,58,68,48,28,114,0,67,8,
18:44:35,56,29,75,0,94,34,48,0,0,97,59,21,39,0,12,72,60,2,0,11,63,69,58,68,48,28,114,0,67,8,
18:44:36,56,29,75,0,94,34,48,0,0,97,59,21,39,0,12,72,60,2,0,11,63,69,58,68,48,28,114,0,67,8,
18:44:37,56,29,75,0,94,34,48,0,0,97,59,21,39,0,12,72,60,2,0,11,63,69,58,68,48,28,114,0,67,8,
18:44:38,56,29,75,0,94,34,48,0,0,97,59,21,39,0,12,72,60,2,0,11,63,69,58,68,48,28,114,0,67,8,
18:44:39,56,29,75,0,94,34,48,0,0,97,59,21,39,0,12,72,60,2,0,11,63,69,58,68,48,28,114,0,67,8,
18:44:40,56,29,75,0,94,34,48,0,0,97,59,21,39,0,12,72,60,2,0,11,63,69,58,68,48,28,114,0,67,8,
18:44:41,56,29,75,0,94,34,48,0,0,97,59,21,39,0,12,72,60,2,0,11,63,69,58,68,48,28,114,0,67,8,
18:44:42,56,29,75,0,94,34,48,0,0,97,59,21,39,0,12,72,60,2,0,11,63,69,58,68,48,28,114,0,67,8,
18:44:43,56,29,75,0,94,34,48,0,0,97,59,21,39,0,12,72,60,2,0,11,63,69,58,68,48,28,114,0,67,8,
18:44:44,56,29,75,0,94,34,48,0,0,97,59,21,39,0,12,72,60,2,0,11,63,69,58,68,48,28,114,0,67,8,
18:44:45,56,29,75,0,94,34,48,0,0,97,59,21,39,0,12,72,60,2,0,11,63,69,58,68,48,28,114,0,67,8,
18:44:46,56,29,75,0,94,34,48,0,0,97,59,21,39,0,12,72,60,2,0,11,63,69,58,68,48,28,114,0,67,8,
18:44:47,56,29,75,0,94,34,48,0,0,97,59,21,39,0,12,72,60,2,0,11,63,69,58,68,48,28,114,0,67,8,
18:44:48,56,29,75,0,94,34,48,0,0,97,59,21,39,0,12,72,60,2,0,11,63,69,58,68,48,28,114,0,67,8,
18:44:49,56,29,75,0,94,34,48,0,0,97,59,21,39,0,12,72,60,2,0,11,63,69,58,68,48,28,114,0,67,8,
18:44:50,56,29,75,0,94,34,48,0,0,97,59,21,39,0,12,72,60,2,0,11,63,69,58,68,48,28,114,0,67,8,
18:44:51,56,29,75,0,94,34,48,0,0,97,59,21,39,0,12,72,60,2,0,11,63,69,58,68,48,28,114,0,67,8,
18:44:52,56,29,75,0,94,34,48,0,0,97,59,21,39,0,12,72,60,2,0,11,63,69,58,68,48,28,114,0,67,8,
18:44:53,56,29,75,0,94,34,48,0,0,97,59,21,39,0,12,72,60,2,0,11,63,69,58,68,48,28,114,0,67,8,
18:44:54,56,29,75,0,94,34,48,0,0,97,59,21,39,0,12,72,60,2,0,11,63,69,58,68,48,28,114,0,67,8,
18:44:55,56,31,77,0,94,34,48,0,0,97,61,21,39,0,14,72,60,2,0,11,63,71,58,68,48,28,118,0,67,8,
18:44:56,56,31,77,0,94,34,48,0,0,97,61,21,39,0,14,72,60,2,0,11,63,71,58,68,48,28,118,0,67,8,
18:44:57,56,31,77,0,94,34,48,0,0,97,61,21,39,0,14,72,60,2,0,11,63,71,58,68,48,28,118,0,67,8,
18:44:58,56,31,77,0,94,34,48,0,0,97,61,21,39,0,14,72,60,2,0,11,63,71,58,68,48,28,118,0,67,8,
18:44:59,56,31,77,0,94,34,48,0,0,97,61,21,39,0,14,72,60,2,0,11,63,71,58,68,48,28,118,0,67,8,
18:45,56,31,77,0,94,34,48,0,0,97,61,21,39,0,14,72,60,2,0,11,63,71,58,68,48,28,118,0,67,8,
18:45:01,56,31,77,0,94,34,48,0,0,97,61,21,39,0,14,72,60,2,0,11,63,71,58,68,48,28,118,0,67,8,
18:45:02,56,31,77,0,94,34,48,0,0,97,61,21,39,0,14,72,60,2,0,11,63,71,58,68,48,28,118,0,67,8,
18:45:03,56,31,77,0,94,34,48,0,0,97,61,21,39,0,14,72,60,2,0,11,63,71,58,68,48,28,118,0,67,8,
18:45:04,56,31,77,0,94,34,48,0,0,97,61,21,39,0,14,72,60,2,0,11,63,71,58,68,48,28,118,0,67,8,
18:45:05,56,31,77,0,94,34,48,0,0,97,61,21,39,0,14,72,60,2,0,11,63,71,58,68,48,28,118,0,67,8,
18:45:06,56,31,77,0,94,34,48,0,0,97,61,21,39,0,14,72,60,2,0,11,63,71,58,68,48,28,118,0,67,8,
18:45:07,56,31,77,0,94,34,48,0,0,97,61,21,39,0,14,72,60,2,0,11,63,71,58,68,48,28,118,0,67,8,
18:45:08,56,31,77,0,94,34,48,0,0,97,61,21,39,0,14,72,60,2,0,11,63,71,58,68,48,28,118,0,67,8,
18:45:09,56,31,77,0,94,34,48,0,0,97,61,21,39,0,14,72,60,2,0,11,63,71,58,68,48,28,118,0,67,8,
18:45:10,56,31,77,0,94,34,48,0,0,97,61,21,39,0,14,72,60,2,0,11,63,71,58,68,48,28,118,0,67,8,
18:45:11,56,31,77,0,94,34,48,0,0,97,61,21,39,0,14,72,60,2,0,11,63,71,58,68,48,28,118,0,67,8,
18:45:12,56,31,77,0,94,34,48,0,0,97,61,21,39,0,14,72,60,2,0,11,63,71,58,68,48,28,118,0,67,8,
18:45:13,56,31,77,0,94,34,48,0,0,97,61,21,39,0,14,72,60,2,0,11,63,71,58,68,48,28,118,0,67,8,
18:45:14,56,31,77,0,94,34,48,0,0,97,61,21,39,0,14,72,60,2,0,11,63,71,58,68,48,28,118,0,67,8,
18:45:15,56,31,77,0,94,34,48,0,0,97,61,21,39,0,14,72,60,2,0,11,63,71,58,68,48,28,118,0,67,8,
18:45:16,56,31,77,0,94,34,48,0,0,97,61,21,39,0,14,72,60,2,0,11,63,71,58,68,48,28,118,0,67,8,
18:45:17,56,31,77,0,94,34,48,0,0,97,61,21,39,0,14,72,60,2,0,11,63,71,58,68,48,28,118,0,67,8,
18:45:18,56,31,77,0,94,34,48,0,0,97,61,21,39,0,14,72,60,2,0,11,63,71,58,68,48,28,118,0,67,8,
18:45:19,56,31,77,0,94,34,48,0,0,97,61,21,39,0,14,72,60,2,0,11,63,71,58,68,48,28,118,0,67,8,
18:45:20,56,31,77,0,94,34,48,0,0,97,61,21,39,0,14,72,60,2,0,11,63,71,58,68,48,28,118,0,67,8,
18:45:21,56,31,77,0,94,34,48,0,0,97,61,21,39,0,14,72,60,2,0,11,63,71,58,68,48,28,118,0,67,8,
18:45:22,56,31,80,0,95,34,48,0,0,101,64,23,39,0,14,73,63,2,0,11,63,71,58,71,48,28,118,0,67,8,
18:45:23,56,31,80,0,95,34,48,0,0,101,64,23,39,0,14,73,63,2,0,11,63,71,58,71,48,28,118,0,67,8,
18:45:24,56,31,80,0,95,34,48,0,0,101,64,23,39,0,14,73,63,2,0,11,63,71,58,71,48,28,118,0,67,8,
18:45:25,56,31,80,0,95,34,48,0,0,101,64,23,39,0,14,73,63,2,0,11,63,71,58,71,48,28,118,0,67,8,
18:45:26,56,31,80,0,95,34,48,0,0,101,64,23,39,0,14,73,63,2,0,11,63,71,58,71,48,28,118,0,67,8,
18:45:27,56,31,80,0,95,34,48,0,0,101,64,23,39,0,14,73,63,2,0,11,63,71,58,71,48,28,118,0,67,8,
18:45:28,56,31,80,0,95,34,48,0,0,101,64,23,39,0,14,73,63,2,0,11,63,71,58,71,48,28,118,0,67,8,
18:45:29,56,31,80,0,95,34,48,0,0,101,64,23,39,0,14,73,63,2,0,11,63,71,58,71,48,28,118,0,67,8,
18:45:30,56,31,80,0,95,34,48,0,0,101,64,23,39,0,14,73,63,2,0,11,63,71,58,71,48,28,118,0,67,8,
18:45:31,56,31,80,0,95,34,48,0,0,101,64,23,39,0,14,73,63,2,0,11,63,71,58,71,48,28,118,0,67,8,
18:45:32,56,31,80,0,95,34,48,0,0,101,64,23,39,0,14,73,63,2,0,11,63,71,58,71,48,28,118,0,67,8,
18:45:33,56,31,80,0,95,34,48,0,0,101,64,23,39,0,14,73,63,2,0,11,63,71,58,71,48,28,118,0,67,8,
18:45:34,56,31,80,0,95,34,48,0,0,101,64,23,39,0,14,73,63,2,0,11,63,71,58,71,48,28,118,0,67,8,
18:45:35,56,31,80,0,95,34,48,0,0,101,64,23,39,0,14,73,63,2,0,11,63,71,58,71,48,28,118,0,67,8,
18:45:36,56,31,80,0,95,34,48,0,0,101,64,23,39,0,14,73,63,2,0,11,63,71,58,71,48,28,118,0,67,8,
18:45:37,56,31,80,0,95,34,48,0,0,101,64,23,39,0,14,73,63,2,0,11,63,71,58,71,48,28,118,0,67,8,
18:45:38,56,31,80,0,95,34,48,0,0,101,64,23,39,0,14,73,63,2,0,11,63,71,58,71,48,28,118,0,67,8,
18:45:39,56,31,80,0,95,34,48,0,0,101,64,23,39,0,14,73,63,2,0,11,63,71,58,71,48,28,118,0,67,8,
18:45:40,56,31,80,0,95,34,48,0,0,101,64,23,39,0,14,73,63,2,0,11,63,71,58,71,48,28,118,0,67,8,
18:45:41,56,31,80,0,95,34,48,0,0,101,64,23,39,0,14,73,63,2,0,11,63,71,58,71,48,28,118,0,67,8,
18:45:42,56,31,80,0,95,34,48,0,0,101,64,23,39,0,14,73,63,2,0,11,63,71,58,71,48,28,118,0,67,8,
18:45:43,56,31,80,0,95,34,48,0,0,101,64,23,39,0,14,73,63,2,0,11,63,71,58,71,48,28,118,0,67,8,
18:45:44,56,31,80,0,95,34,48,0,0,101,64,23,39,0,14,73,63,2,0,11,63,71,58,71,48,28,118,0,67,8,
18:45:45,56,31,80,0,95,34,48,0,0,101,64,23,39,0,14,73,63,2,0,11,63,71,58,71,48,28,118,0,67,8,
18:45:46,56,31,80,0,95,34,48,0,0,101,64,23,39,0,14,73,63,2,0,11,63,71,58,71,48,28,118,0,67,8,
18:45:47,56,31,80,0,95,34,48,0,0,101,64,23,39,0,14,73,63,2,0,11,63,71,58,71,48,28,118,0,67,8,
18:45:48,56,31,80,0,95,34,48,0,0,101,64,23,39,0,14,73,63,2,0,11,63,71,58,71,48,28,118,0,67,8,
18:45:49,56,31,80,0,95,34,48,0,0,101,64,23,39,0,14,73,63,2,0,11,63,71,58,71,48,28,118,0,67,8,
18:45:50,56,31,80,0,95,34,48,0,0,103,64,23,39,0,14,74,63,2,0,11,63,71,58,71,50,28,123,0,67,8,
18:45:51,56,31,80,0,95,34,48,0,0,103,64,23,39,0,14,74,63,2,0,11,63,71,58,71,50,28,123,0,67,8,
18:45:52,56,31,80,0,95,34,48,0,0,103,64,23,39,0,14,74,63,2,0,11,63,71,58,71,50,28,123,0,67,8,
18:45:53,56,31,80,0,95,34,48,0,0,103,64,23,39,0,14,74,63,2,0,11,63,71,58,71,50,28,123,0,67,8,
18:45:54,56,31,80,0,95,34,48,0,0,103,64,23,39,0,14,74,63,2,0,11,63,71,58,71,50,28,123,0,67,8,
18:45:55,56,31,80,0,95,34,48,0,0,103,64,23,39,0,14,74,63,2,0,11,63,71,58,71,50,28,123,0,67,8,
18:45:56,56,31,80,0,95,34,48,0,0,103,64,23,39,0,14,74,63,2,0,11,63,71,58,71,50,28,123,0,67,8,
18:45:57,56,31,80,0,95,34,48,0,0,103,64,23,39,0,14,74,63,2,0,11,63,71,58,71,50,28,123,0,67,8,
18:45:58,56,31,80,0,95,34,48,0,0,103,64,23,39,0,14,74,63,2,0,11,63,71,58,71,50,28,123,0,67,8,
18:45:59,56,31,80,0,95,34,48,0,0,103,64,23,39,0,14,74,63,2,0,11,63,71,58,71,50,28,123,0,67,8,
18:46,56,31,80,0,95,34,48,0,0,103,64,23,39,0,14,74,63,2,0,11,63,71,58,71,50,28,123,0,67,8,
18:46:01,56,31,80,0,95,34,48,0,0,103,64,23,39,0,14,74,63,2,0,11,63,71,58,71,50,28,123,0,67,8,
18:46:02,56,31,80,0,95,34,48,0,0,103,64,23,39,0,14,74,63,2,0,11,63,71,58,71,50,28,123,0,67,8,
18:46:03,56,31,80,0,95,34,48,0,0,103,64,23,39,0,14,74,63,2,0,11,63,71,58,71,50,28,123,0,67,8,
18:46:04,56,31,80,0,95,34,48,0,0,103,64,23,39,0,14,74,63,2,0,11,63,71,58,71,50,28,123,0,67,8,
18:46:05,56,31,80,0,95,34,48,0,0,103,64,23,39,0,14,74,63,2,0,11,63,71,58,71,50,28,123,0,67,8,
18:46:06,56,31,80,0,95,34,48,0,0,103,64,23,39,0,14,74,63,2,0,11,63,71,58,71,50,28,123,0,67,8,
18:46:07,56,31,80,0,95,34,48,0,0,103,64,23,39,0,14,74,63,2,0,11,63,71,58,71,50,28,123,0,67,8,
18:46:08,56,31,80,0,95,34,48,0,0,103,64,23,39,0,14,74,63,2,0,11,63,71,58,71,50,28,123,0,67,8,
18:46:09,56,31,80,0,95,34,48,0,0,103,64,23,39,0,14,74,63,2,0,11,63,71,58,71,50,28,123,0,67,8,
18:46:10,56,31,80,0,95,34,48,0,0,103,64,23,39,0,14,74,63,2,0,11,63,71,58,71,50,28,123,0,67,8,
18:46:11,56,31,80,0,95,34,48,0,0,103,64,23,39,0,14,74,63,2,0,11,63,71,58,71,50,28,123,0,67,8,
18:46:12,56,31,80,0,95,34,48,0,0,103,64,23,39,0,14,74,63,2,0,11,63,71,58,71,50,28,123,0,67,8,
18:46:13,56,31,80,0,95,34,48,0,0,103,64,23,39,0,14,74,63,2,0,11,63,71,58,71,50,28,123,0,67,8,
18:46:14,56,31,80,0,95,34,48,0,0,103,64,23,39,0,14,74,63,2,0,11,63,71,58,71,50,28,123,0,67,8,
18:46:15,56,31,80,0,95,34,48,0,0,103,64,23,39,0,14,74,63,2,0,11,63,71,58,71,50,28,123,0,67,8,
18:46:16,56,31,80,0,95,34,48,0,0,103,64,23,39,0,14,74,63,2,0,11,63,71,58,71,50,28,123,0,67,8,
18:46:17,60,31,80,0,95,34,50,0,0,104,64,23,39,0,14,74,63,2,0,11,67,71,62,71,50,28,123,0,67,8,
18:46:18,60,31,80,0,95,34,50,0,0,104,64,23,39,0,14,74,63,2,0,11,67,71,62,71,50,28,123,0,67,8,
18:46:19,60,31,80,0,95,34,50,0,0,104,64,23,39,0,14,74,63,2,0,11,67,71,62,71,50,28,123,0,67,8,
18:46:20,60,31,80,0,95,34,50,0,0,104,64,23,39,0,14,74,63,2,0,11,67,71,62,71,50,28,123,0,67,8,
18:46:21,60,31,80,0,95,34,50,0,0,104,64,23,39,0,14,74,63,2,0,11,67,71,62,71,50,28,123,0,67,8,
18:46:22,60,31,80,0,95,34,50,0,0,104,64,23,39,0,14,74,63,2,0,11,67,71,62,71,50,28,123,0,67,8,
18:46:23,60,31,80,0,95,34,50,0,0,104,64,23,39,0,14,74,63,2,0,11,67,71,62,71,50,28,123,0,67,8,
18:46:24,60,31,80,0,95,34,50,0,0,104,64,23,39,0,14,74,63,2,0,11,67,71,62,71,50,28,123,0,67,8,
18:46:25,60,31,80,0,95,34,50,0,0,104,64,23,39,0,14,74,63,2,0,11,67,71,62,71,50,28,123,0,67,8,
18:46:26,60,31,80,0,95,34,50,0,0,104,64,23,39,0,14,74,63,2,0,11,67,71,62,71,50,28,123,0,67,8,
18:46:27,60,31,80,0,95,34,50,0,0,104,64,23,39,0,14,74,63,2,0,11,67,71,62,71,50,28,123,0,67,8,
18:46:28,60,31,80,0,95,34,50,0,0,104,64,23,39,0,14,74,63,2,0,11,67,71,62,71,50,28,123,0,67,8,
18:46:29,60,31,80,0,95,34,50,0,0,104,64,23,39,0,14,74,63,2,0,11,67,71,62,71,50,28,123,0,67,8,
18:46:30,60,31,80,0,95,34,50,0,0,104,64,23,39,0,14,74,63,2,0,11,67,71,62,71,50,28,123,0,67,8,
18:46:31,60,31,80,0,95,34,50,0,0,104,64,23,39,0,14,74,63,2,0,11,67,71,62,71,50,28,123,0,67,8,
18:46:32,60,31,80,0,95,34,50,0,0,104,64,23,39,0,14,74,63,2,0,11,67,71,62,71,50,28,123,0,67,8,
18:46:33,60,31,80,0,95,34,50,0,0,104,64,23,39,0,14,74,63,2,0,11,67,71,62,71,50,28,123,0,67,8,
18:46:34,60,31,80,0,95,34,50,0,0,104,64,23,39,0,14,74,63,2,0,11,67,71,62,71,50,28,123,0,67,8,
18:46:35,60,31,80,0,95,34,50,0,0,104,64,23,39,0,14,74,63,2,0,11,67,71,62,71,50,28,123,0,67,8,
18:46:36,60,31,80,0,95,34,50,0,0,104,64,23,39,0,14,74,63,2,0,11,67,71,62,71,50,28,123,0,67,8,
18:46:37,60,31,80,0,95,34,50,0,0,104,64,23,39,0,14,74,63,2,0,11,67,71,62,71,50,28,123,0,67,8,
18:46:38,60,31,80,0,95,34,50,0,0,104,64,23,39,0,14,74,63,2,0,11,67,71,62,71,50,28,123,0,67,8,
18:46:39,60,31,80,0,95,34,50,0,0,104,64,23,39,0,14,74,63,2,0,11,67,71,62,71,50,28,123,0,67,8,
18:46:40,60,31,80,0,95,34,50,0,0,104,64,23,39,0,14,74,63,2,0,11,67,71,62,71,50,28,123,0,67,8,
18:46:41,60,31,80,0,95,34,50,0,0,104,64,23,39,0,14,74,63,2,0,11,67,71,62,71,50,28,123,0,67,8,
18:46:42,60,31,80,0,95,34,50,0,0,104,64,23,39,0,14,74,63,2,0,11,67,71,62,71,50,28,123,0,67,8,
18:46:43,60,31,80,0,95,34,50,0,0,104,64,23,39,0,14,74,63,2,0,11,67,71,62,71,50,28,123,0,67,8,
18:46:44,60,31,80,0,95,34,50,0,0,104,64,23,39,0,14,74,63,2,0,11,67,71,62,71,50,28,123,0,67,8,
18:46:45,60,31,80,0,95,34,50,0,0,104,64,23,39,0,14,74,63,2,0,11,67,71,62,71,50,28,123,0,67,8,
18:46:46,60,31,80,0,95,34,50,0,0,104,64,23,39,0,14,74,63,2,0,11,67,71,62,71,50,28,123,0,67,8,
18:46:47,62,35,80,0,95,34,50,0,0,104,64,23,39,0,14,77,63,2,0,11,67,71,62,71,50,28,126,0,67,8,
18:46:48,62,35,80,0,95,34,50,0,0,104,64,23,39,0,14,77,63,2,0,11,67,71,62,71,50,28,126,0,67,8,
18:46:49,62,35,80,0,95,34,50,0,0,104,64,23,39,0,14,77,63,2,0,11,67,71,62,71,50,28,126,0,67,8,
18:46:50,62,35,80,0,95,34,50,0,0,104,64,23,39,0,14,77,63,2,0,11,67,71,62,71,50,28,126,0,67,8,
18:46:51,62,35,80,0,95,34,50,0,0,104,64,23,39,0,14,77,63,2,0,11,67,71,62,71,50,28,126,0,67,8,
18:46:52,62,35,80,0,95,34,50,0,0,104,64,23,39,0,14,77,63,2,0,11,67,71,62,71,50,28,126,0,67,8,
18:46:53,62,35,80,0,95,34,50,0,0,104,64,23,39,0,14,77,63,2,0,11,67,71,62,71,50,28,126,0,67,8,
18:46:54,62,35,80,0,95,34,50,0,0,104,64,23,39,0,14,77,63,2,0,11,67,71,62,71,50,28,126,0,67,8,
18:46:55,62,35,80,0,95,34,50,0,0,104,64,23,39,0,14,77,63,2,0,11,67,71,62,71,50,28,126,0,67,8,
18:46:56,62,35,80,0,95,34,50,0,0,104,64,23,39,0,14,77,63,2,0,11,67,71,62,71,50,28,126,0,67,8,
18:46:57,62,35,80,0,95,34,50,0,0,104,64,23,39,0,14,77,63,2,0,11,67,71,62,71,50,28,126,0,67,8,
18:46:58,62,35,80,0,95,34,50,0,0,104,64,23,39,0,14,77,63,2,0,11,67,71,62,71,50,28,126,0,67,8,
18:46:59,62,35,80,0,95,34,50,0,0,104,64,23,39,0,14,77,63,2,0,11,67,71,62,71,50,28,126,0,67,8,
18:47,62,35,80,0,95,34,50,0,0,104,64,23,39,0,14,77,63,2,0,11,67,71,62,71,50,28,126,0,67,8,
18:47:01,62,35,80,0,95,34,50,0,0,104,64,23,39,0,14,77,63,2,0,11,67,71,62,71,50,28,126,0,67,8,
18:47:02,62,35,80,0,95,34,50,0,0,104,64,23,39,0,14,77,63,2,0,11,67,71,62,71,50,28,126,0,67,8,
18:47:03,62,35,80,0,95,34,50,0,0,104,64,23,39,0,14,77,63,2,0,11,67,71,62,71,50,28,126,0,67,8,
18:47:04,62,35,80,0,95,34,50,0,0,104,64,23,39,0,14,77,63,2,0,11,67,71,62,71,50,28,126,0,67,8,
18:47:05,62,35,80,0,95,34,50,0,0,104,64,23,39,0,14,77,63,2,0,11,67,71,62,71,50,28,126,0,67,8,
18:47:06,62,35,80,0,95,34,50,0,0,104,64,23,39,0,14,77,63,2,0,11,67,71,62,71,50,28,126,0,67,8,
18:47:07,62,35,80,0,95,34,50,0,0,104,64,23,39,0,14,77,63,2,0,11,67,71,62,71,50,28,126,0,67,8,
18:47:08,62,35,80,0,95,34,50,0,0,104,64,23,39,0,14,77,63,2,0,11,67,71,62,71,50,28,126,0,67,8,
18:47:09,62,35,80,0,95,34,50,0,0,104,64,23,39,0,14,77,63,2,0,11,67,71,62,71,50,28,126,0,67,8,
18:47:10,62,35,80,0,95,34,50,0,0,104,64,23,39,0,14,77,63,2,0,11,67,71,62,71,50,28,126,0,67,8,
18:47:11,62,35,80,0,95,34,50,0,0,104,64,23,39,0,14,77,63,2,0,11,67,71,62,71,50,28,126,0,67,8,
18:47:12,62,35,80,0,95,34,50,0,0,104,64,23,39,0,14,77,63,2,0,11,67,71,62,71,50,28,126,0,67,8,
18:47:13,62,35,80,0,95,34,54,0,0,104,64,23,39,0,14,77,65,2,4,11,67,71,62,72,51,28,126,0,73,8,
18:47:14,62,35,80,0,95,34,54,0,0,104,64,23,39,0,14,77,65,2,4,11,67,71,62,72,51,28,126,0,73,8,
18:47:15,62,35,80,0,95,34,54,0,0,104,64,23,39,0,14,77,65,2,4,11,67,71,62,72,51,28,126,0,73,8,
18:47:16,62,35,80,0,95,34,54,0,0,104,64,23,39,0,14,77,65,2,4,11,67,71,62,72,51,28,126,0,73,8,
18:47:17,62,35,80,0,95,34,54,0,0,104,64,23,39,0,14,77,65,2,4,11,67,71,62,72,51,28,126,0,73,8,
18:47:18,62,35,80,0,95,34,54,0,0,104,64,23,39,0,14,77,65,2,4,11,67,71,62,72,51,28,126,0,73,8,
18:47:19,62,35,80,0,95,34,54,0,0,104,64,23,39,0,14,77,65,2,4,11,67,71,62,72,51,28,126,0,73,8,
18:47:20,62,35,80,0,95,34,54,0,0,104,64,23,39,0,14,77,65,2,4,11,67,71,62,72,51,28,126,0,73,8,
18:47:21,62,35,80,0,95,34,54,0,0,104,64,23,39,0,14,77,65,2,4,11,67,71,62,72,51,28,126,0,73,8,
18:47:22,62,35,80,0,95,34,54,0,0,104,64,23,39,0,14,77,65,2,4,11,67,71,62,72,51,28,126,0,73,8,
18:47:23,62,35,80,0,95,34,54,0,0,104,64,23,39,0,14,77,65,2,4,11,67,71,62,72,51,28,126,0,73,8,
18:47:24,62,35,80,0,95,34,54,0,0,104,64,23,39,0,14,77,65,2,4,11,67,71,62,72,51,28,126,0,73,8,
18:47:25,62,35,80,0,95,34,54,0,0,104,64,23,39,0,14,77,65,2,4,11,67,71,62,72,51,28,126,0,73,8,
18:47:26,62,35,80,0,95,34,54,0,0,104,64,23,39,0,14,77,65,2,4,11,67,71,62,72,51,28,126,0,73,8,
18:47:27,62,35,80,0,95,34,54,0,0,104,64,23,39,0,14,77,65,2,4,11,67,71,62,72,51,28,126,0,73,8,
18:47:28,62,35,80,0,95,34,54,0,0,104,64,23,39,0,14,77,65,2,4,11,67,71,62,72,51,28,126,0,73,8,
18:47:29,62,35,80,0,95,34,54,0,0,104,64,23,39,0,14,77,65,2,4,11,67,71,62,72,51,28,126,0,73,8,
18:47:30,62,35,80,0,95,34,54,0,0,104,64,23,39,0,14,77,65,2,4,11,67,71,62,72,51,28,126,0,73,8,
18:47:31,62,35,80,0,95,34,54,0,0,104,64,23,39,0,14,77,65,2,4,11,67,71,62,72,51,28,126,0,73,8,
18:47:32,62,35,80,0,95,34,54,0,0,104,64,23,39,0,14,77,65,2,4,11,67,71,62,72,51,28,126,0,73,8,
18:47:33,62,35,80,0,95,34,54,0,0,104,64,23,39,0,14,77,65,2,4,11,67,71,62,72,51,28,126,0,73,8,
18:47:34,62,35,80,0,95,34,54,0,0,104,64,23,39,0,14,77,65,2,4,11,67,71,62,72,51,28,126,0,73,8,
18:47:35,62,35,80,0,95,34,54,0,0,104,64,23,39,0,14,77,65,2,4,11,67,71,62,72,51,28,126,0,73,8,
18:47:36,62,35,80,0,95,34,54,0,0,104,64,23,39,0,14,77,65,2,4,11,67,71,62,72,51,28,126,0,73,8,
18:47:37,62,35,80,0,95,34,54,0,0,104,64,23,39,0,14,77,65,2,4,11,67,71,62,72,51,28,126,0,73,8,
18:47:38,62,35,80,0,95,34,54,0,0,104,64,23,39,0,14,77,65,2,4,11,67,71,62,72,51,28,126,0,73,8,
18:47:39,62,35,80,0,95,34,54,0,0,104,64,23,39,0,14,77,65,2,4,11,67,71,62,72,51,28,126,0,73,8,
18:47:40,62,35,80,0,95,34,54,0,0,104,64,23,39,0,14,77,65,2,4,11,67,71,62,72,51,28,126,0,73,8,
18:47:41,62,35,80,0,95,34,54,0,0,104,64,23,39,0,14,77,65,2,4,11,67,71,62,72,51,28,126,0,73,8,
18:47:42,62,35,80,0,95,34,54,0,0,104,64,23,39,0,14,77,65,2,4,11,67,71,62,72,51,28,126,0,73,8,
18:47:43,62,35,80,0,95,34,54,0,0,104,64,23,39,0,14,77,65,2,4,11,67,71,62,72,51,28,126,0,73,8,
18:47:44,62,35,80,0,95,34,54,0,0,104,64,23,39,0,14,77,65,2,4,11,67,71,62,72,51,28,126,0,73,8,
18:47:45,62,37,80,0,95,34,54,0,0,104,64,23,39,0,14,79,65,2,4,11,68,71,62,72,51,28,126,0,73,11,
18:47:46,62,37,80,0,95,34,54,0,0,104,64,23,39,0,14,79,65,2,4,11,68,71,62,72,51,28,126,0,73,11,
18:47:47,62,37,80,0,95,34,54,0,0,104,64,23,39,0,14,79,65,2,4,11,68,71,62,72,51,28,126,0,73,11,
18:47:48,62,37,80,0,95,34,54,0,0,104,64,23,39,0,14,79,65,2,4,11,68,71,62,72,51,28,126,0,73,11,
18:47:49,62,37,80,0,95,34,54,0,0,104,64,23,39,0,14,79,65,2,4,11,68,71,62,72,51,28,126,0,73,11,
18:47:50,62,37,80,0,95,34,54,0,0,104,64,23,39,0,14,79,65,2,4,11,68,71,62,72,51,28,126,0,73,11,
18:47:51,62,37,80,0,95,34,54,0,0,104,64,23,39,0,14,79,65,2,4,11,68,71,62,72,51,28,126,0,73,11,
18:47:52,62,37,80,0,95,34,54,0,0,104,64,23,39,0,14,79,65,2,4,11,68,71,62,72,51,28,126,0,73,11,
18:47:53,62,37,80,0,95,34,54,0,0,104,64,23,39,0,14,79,65,2,4,11,68,71,62,72,51,28,126,0,73,11,
18:47:54,62,37,80,0,95,34,54,0,0,104,64,23,39,0,14,79,65,2,4,11,68,71,62,72,51,28,126,0,73,11,
18:47:55,62,37,80,0,95,34,54,0,0,104,64,23,39,0,14,79,65,2,4,11,68,71,62,72,51,28,126,0,73,11,
18:47:56,62,37,80,0,95,34,54,0,0,104,64,23,39,0,14,79,65,2,4,11,68,71,62,72,51,28,126,0,73,11,
18:47:57,62,37,80,0,95,34,54,0,0,104,64,23,39,0,14,79,65,2,4,11,68,71,62,72,51,28,126,0,73,11,
18:47:58,62,37,80,0,95,34,54,0,0,104,64,23,39,0,14,79,65,2,4,11,68,71,62,72,51,28,126,0,73,11,
18:47:59,62,37,80,0,95,34,54,0,0,104,64,23,39,0,14,79,65,2,4,11,68,71,62,72,51,28,126,0,73,11,
18:48,62,37,80,0,95,34,54,0,0,104,64,23,39,0,14,79,65,2,4,11,68,71,62,72,51,28,126,0,73,11,
18:48:01,62,37,80,0,95,34,54,0,0,104,64,23,39,0,14,79,65,2,4,11,68,71,62,72,51,28,126,0,73,11,
18:48:02,62,37,80,0,95,34,54,0,0,104,64,23,39,0,14,79,65,2,4,11,68,71,62,72,51,28,126,0,73,11,
18:48:03,62,37,80,0,95,34,54,0,0,104,64,23,39,0,14,79,65,2,4,11,68,71,62,72,51,28,126,0,73,11,
18:48:04,62,37,80,0,95,34,54,0,0,104,64,23,39,0,14,79,65,2,4,11,68,71,62,72,51,28,126,0,73,11,
18:48:05,62,37,80,0,95,34,54,0,0,104,64,23,39,0,14,79,65,2,4,11,68,71,62,72,51,28,126,0,73,11,
18:48:06,62,37,80,0,95,34,54,0,0,104,64,23,39,0,14,79,65,2,4,11,68,71,62,72,51,28,126,0,73,11,
18:48:07,62,37,80,0,95,34,54,0,0,104,64,23,39,0,14,79,65,2,4,11,68,71,62,72,51,28,126,0,73,11,
18:48:08,62,37,80,0,95,34,54,0,0,104,64,23,39,0,14,79,65,2,4,11,68,71,62,72,51,28,126,0,73,11,
18:48:09,62,37,80,0,95,34,54,0,0,104,64,23,39,0,14,79,65,2,4,11,68,71,62,72,51,28,126,0,73,11,
18:48:10,62,37,80,0,95,34,54,0,0,104,64,23,39,0,14,79,65,2,4,11,68,71,62,72,51,28,126,0,73,11,
18:48:11,62,37,80,0,95,34,54,0,0,104,64,23,39,0,14,79,65,2,4,11,68,71,62,72,51,28,126,0,73,11,
18:48:12,62,37,80,0,95,34,54,0,0,104,64,23,39,0,14,79,65,2,4,11,68,71,62,72,51,28,126,0,73,11,
18:48:13,62,37,80,0,95,34,54,0,0,104,64,23,39,0,14,79,65,2,4,11,68,71,62,72,51,28,126,0,73,11,
18:48:14,62,37,80,0,95,34,54,0,0,104,64,23,39,0,14,79,65,2,4,11,68,71,62,72,51,28,126,0,73,11,
18:48:15,62,37,80,0,95,34,54,0,0,104,64,23,39,0,14,79,65,2,4,11,68,71,62,72,51,28,126,0,73,11,
18:48:16,64,37,82,0,95,34,54,0,0,104,64,23,39,0,14,79,65,2,4,11,68,74,64,72,51,28,126,0,73,11,
18:48:17,64,37,82,0,95,34,54,0,0,104,64,23,39,0,14,79,65,2,4,11,68,74,64,72,51,28,126,0,73,11,
18:48:18,64,37,82,0,95,34,54,0,0,104,64,23,39,0,14,79,65,2,4,11,68,74,64,72,51,28,126,0,73,11,
18:48:19,64,37,82,0,95,34,54,0,0,104,64,23,39,0,14,79,65,2,4,11,68,74,64,72,51,28,126,0,73,11,
18:48:20,64,37,82,0,95,34,54,0,0,104,64,23,39,0,14,79,65,2,4,11,68,74,64,72,51,28,126,0,73,11,
18:48:21,64,37,82,0,95,34,54,0,0,104,64,23,39,0,14,79,65,2,4,11,68,74,64,72,51,28,126,0,73,11,
18:48:22,64,37,82,0,95,34,54,0,0,104,64,23,39,0,14,79,65,2,4,11,68,74,64,72,51,28,126,0,73,11,
18:48:23,64,37,82,0,95,34,54,0,0,104,64,23,39,0,14,79,65,2,4,11,68,74,64,72,51,28,126,0,73,11,
18:48:24,64,37,82,0,95,34,54,0,0,104,64,23,39,0,14,79,65,2,4,11,68,74,64,72,51,28,126,0,73,11,
18:48:25,64,37,82,0,95,34,54,0,0,104,64,23,39,0,14,79,65,2,4,11,68,74,64,72,51,28,126,0,73,11,
18:48:26,64,37,82,0,95,34,54,0,0,104,64,23,39,0,14,79,65,2,4,11,68,74,64,72,51,28,126,0,73,11,
18:48:27,64,37,82,0,95,34,54,0,0,104,64,23,39,0,14,79,65,2,4,11,68,74,64,72,51,28,126,0,73,11,
18:48:28,64,37,82,0,95,34,54,0,0,104,64,23,39,0,14,79,65,2,4,11,68,74,64,72,51,28,126,0,73,11,
18:48:29,64,37,82,0,95,34,54,0,0,104,64,23,39,0,14,79,65,2,4,11,68,74,64,72,51,28,126,0,73,11,
18:48:30,64,37,82,0,95,34,54,0,0,104,64,23,39,0,14,79,65,2,4,11,68,74,64,72,51,28,126,0,73,11,
18:48:31,64,37,82,0,95,34,54,0,0,104,64,23,39,0,14,79,65,2,4,11,68,74,64,72,51,28,126,0,73,11,
18:48:32,64,37,82,0,95,34,54,0,0,104,64,23,39,0,14,79,65,2,4,11,68,74,64,72,51,28,126,0,73,11,
18:48:33,64,37,82,0,95,34,54,0,0,104,64,23,39,0,14,79,65,2,4,11,68,74,64,72,51,28,126,0,73,11,
18:48:34,64,37,82,0,95,34,54,0,0,104,64,23,39,0,14,79,65,2,4,11,68,74,64,72,51,28,126,0,73,11,
18:48:35,64,37,82,0,95,34,54,0,0,104,64,23,39,0,14,79,65,2,4,11,68,74,64,72,51,28,126,0,73,11,
18:48:36,64,37,82,0,95,34,54,0,0,104,64,23,39,0,14,79,65,2,4,11,68,74,64,72,51,28,126,0,73,11,
18:48:37,64,37,82,0,95,34,54,0,0,104,64,23,39,0,14,79,65,2,4,11,68,74,64,72,51,28,126,0,73,11,
18:48:38,64,37,82,0,95,34,54,0,0,104,64,23,39,0,14,79,65,2,4,11,68,74,64,72,51,28,126,0,73,11,
18:48:39,64,37,82,0,95,34,54,0,0,104,64,23,39,0,14,79,65,2,4,11,68,74,64,72,51,28,126,0,73,11,
18:48:40,64,37,82,0,95,34,54,0,0,104,64,23,39,0,14,79,65,2,4,11,68,74,64,72,51,28,126,0,73,11,
18:48:41,64,37,82,0,95,34,54,0,0,104,64,23,39,0,14,79,65,2,4,11,68,74,64,72,51,28,126,0,73,11,
18:48:42,64,37,82,0,95,34,54,0,0,104,64,23,39,0,14,79,65,2,4,11,68,74,64,72,51,28,126,0,73,11,
18:48:43,64,37,82,0,95,34,54,0,0,104,64,23,39,0,14,79,65,2,4,11,68,74,64,72,51,28,126,0,73,11,
18:48:44,64,37,82,0,95,34,54,0,0,104,64,23,39,0,14,79,65,2,4,11,68,74,64,72,51,28,126,0,73,11,
18:48:45,64,37,82,0,95,34,54,0,0,104,64,23,39,0,14,79,65,2,4,11,68,74,64,72,51,28,126,0,73,11,
18:48:46,64,37,82,0,95,34,54,0,0,104,64,23,39,0,14,79,65,2,4,11,68,74,64,72,51,28,126,0,73,11,
18:48:47,64,37,82,0,95,34,54,0,0,104,64,23,39,0,14,79,65,2,4,11,68,74,64,72,51,28,126,0,73,11,
18:48:48,64,37,82,0,95,34,54,0,0,104,64,23,39,0,14,79,65,2,4,11,68,74,64,72,51,28,126,0,73,11,
18:48:49,64,37,82,0,95,34,54,0,0,104,64,23,39,0,14,79,65,2,4,11,68,74,64,72,51,28,126,0,73,11,
18:48:50,64,37,82,0,95,34,54,0,0,104,64,23,39,0,14,79,65,2,4,11,68,74,64,72,51,28,126,0,73,11,
18:48:51,64,37,82,0,95,34,54,0,0,104,64,23,39,0,14,79,65,2,4,11,68,74,64,72,51,28,126,0,73,11,
18:48:52,64,39,82,0,95,34,54,0,0,106,64,23,41,0,14,81,68,2,4,11,70,74,64,76,51,28,126,0,79,11,
18:48:53,64,39,82,0,95,34,54,0,0,106,64,23,41,0,14,81,68,2,4,11,70,74,64,76,51,28,126,0,79,11,
18:48:54,64,39,82,0,95,34,54,0,0,106,64,23,41,0,14,81,68,2,4,11,70,74,64,76,51,28,126,0,79,11,
18:48:55,64,39,82,0,95,34,54,0,0,106,64,23,41,0,14,81,68,2,4,11,70,74,64,76,51,28,126,0,79,11,
18:48:56,64,39,82,0,95,34,54,0,0,106,64,23,41,0,14,81,68,2,4,11,70,74,64,76,51,28,126,0,79,11,
18:48:57,64,39,82,0,95,34,54,0,0,106,64,23,41,0,14,81,68,2,4,11,70,74,64,76,51,28,126,0,79,11,
18:48:58,64,39,82,0,95,34,54,0,0,106,64,23,41,0,14,81,68,2,4,11,70,74,64,76,51,28,126,0,79,11,
18:48:59,64,39,82,0,95,34,54,0,0,106,64,23,41,0,14,81,68,2,4,11,70,74,64,76,51,28,126,0,79,11,
18:49,64,39,82,0,95,34,54,0,0,106,64,23,41,0,14,81,70,2,4,11,70,74,64,80,51,28,126,0,79,11,
18:49:01,64,39,82,0,95,34,54,0,0,106,64,23,41,0,14,81,70,2,4,11,70,74,64,80,51,28,126,0,79,11,
18:49:02,64,39,82,0,95,34,54,0,0,106,64,23,41,0,14,81,70,2,4,11,70,74,64,80,51,28,126,0,79,11,
18:49:03,64,39,82,0,95,34,54,0,0,106,64,23,41,0,14,81,70,2,4,11,70,74,64,80,51,28,126,0,79,11,
18:49:04,64,39,82,0,95,34,54,0,0,106,64,23,41,0,14,81,70,2,4,11,70,74,64,80,51,28,126,0,79,11,
18:49:05,64,39,82,0,95,34,54,0,0,106,64,23,41,0,14,81,70,2,4,11,70,74,64,80,51,28,126,0,79,11,
18:49:06,64,39,82,0,95,34,54,0,0,106,64,23,41,0,14,81,70,2,4,11,70,74,64,80,51,28,126,0,79,11,
18:49:07,64,39,82,0,95,34,54,0,0,106,64,23,41,0,14,81,70,2,4,11,70,74,64,80,51,28,126,0,79,11,
18:49:08,64,39,82,0,95,34,54,0,0,106,64,23,41,0,14,81,70,2,4,11,70,74,64,80,51,28,126,0,79,11,
18:49:09,64,39,82,0,95,34,54,0,0,106,64,23,41,0,14,81,70,2,4,11,70,74,64,80,51,28,126,0,79,11,
18:49:10,64,39,82,0,95,34,54,0,0,106,64,23,41,0,14,81,70,2,4,11,70,74,64,80,51,28,126,0,79,11,
18:49:11,64,39,82,0,95,34,54,0,0,106,64,23,41,0,14,81,70,2,4,11,70,74,64,80,51,28,126,0,79,11,
18:49:12,64,39,82,0,95,34,54,0,0,106,64,23,41,0,14,81,70,2,4,11,70,74,64,80,51,28,126,0,79,11,
18:49:13,64,39,82,0,95,34,54,0,0,106,64,23,41,0,14,81,70,2,4,11,70,74,64,80,51,28,126,0,79,11,
18:49:14,64,39,82,0,95,34,54,0,0,106,64,23,41,0,14,81,70,2,4,11,70,74,64,80,51,28,126,0,79,11,
18:49:15,64,39,82,0,95,34,54,0,0,106,64,23,41,0,14,81,70,2,4,11,70,74,64,80,51,28,126,0,79,11,
18:49:16,64,39,82,0,95,34,54,0,0,106,64,23,41,0,14,81,70,2,4,11,70,74,64,80,51,28,126,0,79,11,
18:49:17,64,39,82,0,95,34,54,0,0,106,64,23,41,0,14,81,70,2,4,11,70,74,64,80,51,28,126,0,79,11,
18:49:18,64,39,82,0,95,34,54,0,0,106,64,23,41,0,14,81,70,2,4,11,70,74,64,80,51,28,126,0,79,11,
18:49:19,64,39,82,0,95,34,54,0,0,106,64,23,41,0,14,81,70,2,4,11,70,74,64,80,51,28,126,0,79,11,
18:49:20,64,39,82,0,95,34,54,0,0,106,64,23,41,0,14,81,70,2,4,11,70,74,64,80,51,28,126,0,79,11,
18:49:21,64,39,82,0,95,34,54,0,0,106,64,23,41,0,14,81,70,2,4,11,70,74,64,80,51,28,126,0,79,11,
18:49:22,64,39,82,0,95,34,54,0,0,106,64,23,41,0,14,81,70,2,4,11,70,74,64,80,51,28,126,0,79,11,
18:49:23,64,39,82,0,95,34,54,0,0,106,64,23,41,0,14,81,70,2,4,11,70,74,64,80,51,28,126,0,79,11,
18:49:24,64,39,82,0,98,34,54,0,0,111,64,25,41,0,14,81,70,2,4,11,70,74,64,80,54,28,126,0,79,11,
18:49:25,64,39,82,0,98,34,54,0,0,111,64,25,41,0,14,81,70,2,4,11,70,74,64,80,54,28,126,0,79,11,
18:49:26,64,39,82,0,98,34,54,0,0,111,64,25,41,0,14,81,70,2,4,11,70,74,64,80,54,28,126,0,79,11,
18:49:27,64,39,82,0,98,34,54,0,0,111,64,25,41,0,14,81,70,2,4,11,70,74,64,80,54,28,126,0,79,11,
18:49:28,64,39,82,0,98,34,54,0,0,111,64,25,41,0,14,81,70,2,4,11,70,74,64,80,54,28,126,0,79,11,
18:49:29,64,39,82,0,98,34,54,0,0,111,64,25,41,0,14,81,70,2,4,11,70,74,64,80,54,28,126,0,79,11,
18:49:30,64,39,82,0,98,34,54,0,0,111,64,25,41,0,14,81,70,2,4,11,70,74,64,80,54,28,126,0,79,11,
18:49:31,64,39,82,0,98,34,54,0,0,111,64,25,41,0,14,81,70,2,4,11,70,74,64,80,54,28,126,0,79,11,
18:49:32,64,39,82,0,98,34,54,0,0,111,64,25,41,0,14,81,70,2,4,11,70,74,64,80,54,28,126,0,79,11,
18:49:33,64,39,82,0,98,34,54,0,0,111,64,25,41,0,14,81,70,2,4,11,70,74,64,80,54,28,126,0,79,11,
18:49:34,64,39,82,0,98,34,54,0,0,111,64,25,41,0,14,81,70,2,4,11,70,74,64,80,54,28,126,0,79,11,
18:49:35,64,39,82,0,98,34,54,0,0,111,64,25,41,0,14,81,70,2,4,11,70,74,64,80,54,28,126,0,79,11,
18:49:36,64,39,82,0,98,34,54,0,0,111,64,25,41,0,14,81,70,2,4,11,70,74,64,80,54,28,126,0,79,11,
18:49:37,64,39,82,0,98,34,54,0,0,111,64,25,41,0,14,81,70,2,4,11,70,74,64,80,54,28,126,0,79,11,
18:49:38,64,39,82,0,98,34,54,0,0,111,64,25,41,0,14,81,70,2,4,11,70,74,64,80,54,28,126,0,79,11,
18:49:39,64,39,82,0,98,34,54,0,0,111,64,25,41,0,14,81,70,2,4,11,70,74,64,80,54,28,126,0,79,11,
18:49:40,64,39,82,0,98,34,54,0,0,111,64,25,41,0,14,81,70,2,4,11,70,74,64,80,54,28,126,0,79,11,
18:49:41,64,39,82,0,98,34,54,0,0,111,64,25,41,0,14,81,70,2,4,11,70,74,64,80,54,28,126,0,79,11,
18:49:42,64,39,82,0,98,34,54,0,0,111,64,25,41,0,14,81,70,2,4,11,70,74,64,80,54,28,126,0,79,11,
18:49:43,64,39,82,0,98,34,54,0,0,111,64,25,41,0,14,81,70,2,4,11,70,74,64,80,54,28,126,0,79,11,
18:49:44,64,39,82,0,98,34,54,0,0,111,64,25,41,0,14,81,70,2,4,11,70,74,64,80,54,28,126,0,79,11,
18:49:45,64,39,82,0,98,34,54,0,0,111,64,25,41,0,14,81,70,2,4,11,70,74,64,80,54,28,126,0,79,11,
18:49:46,64,39,82,0,98,34,54,0,0,111,64,25,41,0,14,81,70,2,4,11,70,74,64,80,54,28,126,0,79,11,
18:49:47,64,39,82,0,98,34,54,0,0,111,64,25,41,0,14,81,70,2,4,11,70,74,64,80,54,28,126,0,79,11,
18:49:48,64,39,82,0,98,34,54,0,0,111,64,25,41,0,14,81,70,2,4,11,70,74,64,80,54,28,126,0,79,11,
18:49:49,64,39,82,0,98,34,54,0,0,111,64,25,41,0,14,81,70,2,4,11,70,74,64,80,54,28,126,0,79,11,
18:49:50,64,39,82,0,98,34,54,0,0,111,64,25,41,0,14,81,70,2,4,11,70,74,64,80,54,28,126,0,79,11,
18:49:51,64,39,82,0,98,34,54,0,0,111,64,25,41,0,14,81,70,2,4,11,70,74,64,80,54,28,126,0,79,11,
18:49:52,64,39,82,0,98,34,54,0,0,111,64,25,41,0,14,81,70,2,4,11,70,74,64,80,54,28,126,0,79,11,
18:49:53,64,39,82,0,98,34,54,0,0,111,64,25,41,0,14,81,70,2,4,11,70,74,64,80,54,28,126,0,79,11,
18:49:54,64,39,82,0,98,34,54,0,0,111,64,25,41,0,14,81,70,2,4,11,70,74,64,80,54,28,126,0,79,11,
18:49:55,64,39,82,0,98,34,54,0,0,111,64,25,41,0,14,81,70,2,4,11,70,74,64,80,54,28,126,0,79,11,
18:49:56,64,39,82,0,98,34,54,0,0,111,64,25,41,0,14,81,72,4,4,11,72,76,64,80,54,28,126,0,83,11,
18:49:57,64,39,82,0,98,34,54,0,0,111,64,25,41,0,14,81,72,4,4,11,72,76,64,80,54,28,126,0,83,11,
18:49:58,64,39,82,0,98,34,54,0,0,111,64,25,41,0,14,81,72,4,4,11,72,76,64,80,54,28,126,0,83,11,
18:49:59,64,39,82,0,98,34,54,0,0,111,64,25,41,0,14,81,72,4,4,11,72,76,64,80,54,28,126,0,83,11,
18:50,64,39,82,0,98,34,54,0,0,111,64,25,41,0,14,81,72,4,4,11,72,76,64,80,54,28,126,0,83,11,
18:50:01,64,39,82,0,98,34,54,0,0,111,64,25,41,0,14,81,72,4,4,11,72,76,64,80,54,28,126,0,83,11,
18:50:02,64,39,82,0,98,34,54,0,0,111,64,25,41,0,14,81,72,4,4,11,72,76,64,80,54,28,126,0,83,11,
18:50:03,64,39,82,0,98,34,54,0,0,111,64,25,41,0,14,81,72,4,4,11,72,76,64,80,54,28,126,0,83,11,
18:50:04,64,39,82,0,98,34,54,0,0,111,64,25,41,0,14,81,72,4,4,11,72,76,64,80,54,28,126,0,83,11,
18:50:05,64,39,82,0,98,34,54,0,0,111,64,25,41,0,14,81,72,4,4,11,72,76,64,80,54,28,126,0,83,11,
18:50:06,64,39,82,0,98,34,54,0,0,111,64,25,41,0,14,81,72,4,4,11,72,76,64,80,54,28,126,0,83,11,
18:50:07,64,39,82,0,98,34,54,0,0,111,64,25,41,0,14,81,72,4,4,11,72,76,64,80,54,28,126,0,83,11,
18:50:08,64,39,82,0,98,34,54,0,0,111,64,25,41,0,14,81,72,4,4,11,72,76,64,80,54,28,126,0,83,11,
18:50:09,64,39,82,0,98,34,54,0,0,111,64,25,41,0,14,81,72,4,4,11,72,76,64,80,54,28,126,0,83,11,
18:50:10,64,39,82,0,98,34,54,0,0,111,64,25,41,0,14,81,72,4,4,11,72,76,64,80,54,28,126,0,83,11,
18:50:11,64,39,82,0,98,34,54,0,0,111,64,25,41,0,14,81,72,4,4,11,72,76,64,80,54,28,126,0,83,11,
18:50:12,64,39,82,0,98,34,54,0,0,111,64,25,41,0,14,81,72,4,4,11,72,76,64,80,54,28,126,0,83,11,
18:50:13,64,39,82,0,98,34,54,0,0,111,64,25,41,0,14,81,72,4,4,11,72,76,64,80,54,28,126,0,83,11,
18:50:14,64,39,82,0,98,34,54,0,0,111,64,25,41,0,14,81,72,4,4,11,72,76,64,80,54,28,126,0,83,11,
18:50:15,64,39,82,0,98,34,54,0,0,111,64,25,41,0,14,81,72,4,4,11,72,76,64,80,54,28,126,0,83,11,
18:50:16,64,39,82,0,98,34,54,0,0,111,64,25,41,0,14,81,72,4,4,11,72,76,64,80,54,28,126,0,83,11,
18:50:17,64,39,82,0,98,34,54,0,0,111,64,25,41,0,14,81,72,4,4,11,72,76,64,80,54,28,126,0,83,11,
18:50:18,64,39,82,0,98,34,54,0,0,111,64,25,41,0,14,81,72,4,4,11,72,76,64,80,54,28,126,0,83,11,
18:50:19,64,39,82,0,98,34,54,0,0,111,64,25,41,0,14,81,72,4,4,11,72,76,64,80,54,28,126,0,83,11,
18:50:20,64,39,82,0,98,34,54,0,0,111,64,25,41,0,14,81,72,4,4,11,72,76,64,80,54,28,126,0,83,11,
18:50:21,64,39,82,0,98,34,54,0,0,111,64,25,41,0,14,81,72,4,4,11,72,76,64,80,54,28,126,0,83,11,
18:50:22,64,39,82,0,98,34,54,0,0,111,64,25,41,0,14,81,72,4,4,11,72,76,64,80,54,28,126,0,83,11,
18:50:23,64,39,82,0,98,34,54,0,0,111,64,25,41,0,14,81,72,4,4,11,72,76,64,80,54,28,126,0,83,11,
18:50:24,64,39,82,0,98,34,54,0,0,111,64,25,41,0,14,81,72,4,4,11,72,76,64,80,54,28,126,0,83,11,
18:50:25,64,39,82,0,98,34,54,0,0,111,64,25,41,0,14,81,72,4,4,11,72,76,64,80,54,28,126,0,83,11,
18:50:26,64,39,82,0,98,34,54,0,0,111,64,25,41,0,14,81,72,4,4,11,72,76,64,80,54,28,126,0,83,11,
18:50:27,64,39,82,0,98,34,54,0,0,111,64,25,41,0,14,81,72,4,4,11,72,76,64,80,54,28,126,0,83,11,
18:50:28,64,39,82,0,98,34,54,0,0,111,64,25,41,0,14,81,72,4,4,11,72,76,64,80,54,28,126,0,83,11,
18:50:29,64,39,82,0,98,34,54,0,0,111,64,25,41,0,14,81,72,4,4,11,72,76,64,80,54,28,126,0,83,11,
18:50:30,66,39,82,0,101,34,54,0,0,115,64,25,41,0,14,83,72,4,4,11,72,76,64,80,54,28,126,0,85,11,
18:50:31,66,39,82,0,101,34,54,0,0,115,64,25,41,0,14,83,72,4,4,11,72,76,64,80,54,28,126,0,85,11,
18:50:32,66,39,82,0,101,34,54,0,0,115,64,25,41,0,14,83,72,4,4,11,72,76,64,80,54,28,126,0,85,11,
18:50:33,66,39,82,0,101,34,54,0,0,115,64,25,41,0,14,83,72,4,4,11,72,76,64,80,54,28,126,0,85,11,
18:50:34,66,39,82,0,101,34,54,0,0,115,64,25,41,0,14,83,72,4,4,11,72,76,64,80,54,28,126,0,85,11,
18:50:35,66,39,82,0,101,34,54,0,0,115,64,25,41,0,14,83,72,4,4,11,72,76,64,80,54,28,126,0,85,11,
18:50:36,66,39,82,0,101,34,54,0,0,115,64,25,41,0,14,83,72,4,4,11,72,76,64,80,54,28,126,0,85,11,
18:50:37,66,39,82,0,101,34,54,0,0,115,64,25,41,0,14,83,72,4,4,11,72,76,64,80,54,28,126,0,85,11,
18:50:38,66,39,82,0,101,34,54,0,0,115,64,25,41,0,14,83,72,4,4,11,72,76,64,80,54,28,126,0,85,11,
18:50:39,66,39,82,0,101,34,54,0,0,115,64,25,41,0,14,83,72,4,4,11,72,76,64,80,54,28,126,0,85,11,
18:50:40,66,39,82,0,101,34,54,0,0,115,64,25,41,0,14,83,72,4,4,11,72,76,64,80,54,28,126,0,85,11,
18:50:41,66,39,82,0,101,34,54,0,0,115,64,25,41,0,14,83,72,4,4,11,72,76,64,80,54,28,126,0,85,11,
18:50:42,66,39,82,0,101,34,54,0,0,115,64,25,41,0,14,83,72,4,4,11,72,76,64,80,54,28,126,0,85,11,
18:50:43,66,39,82,0,101,34,54,0,0,115,64,25,41,0,14,83,72,4,4,11,72,76,64,80,54,28,126,0,85,11,
18:50:44,66,39,82,0,101,34,54,0,0,115,64,25,41,0,14,83,72,4,4,11,72,76,64,80,54,28,126,0,85,11,
18:50:45,66,39,82,0,101,34,54,0,0,115,64,25,41,0,14,83,72,4,4,11,72,76,64,80,54,28,126,0,85,11,
18:50:46,66,39,82,0,101,34,54,0,0,115,64,25,41,0,14,83,72,4,4,11,72,76,64,80,54,28,126,0,85,11,
18:50:47,66,39,82,0,101,34,54,0,0,115,64,25,41,0,14,83,72,4,4,11,72,76,64,80,54,28,126,0,85,11,
18:50:48,66,39,82,0,101,34,54,0,0,115,64,25,41,0,14,83,72,4,4,11,72,76,64,80,54,28,126,0,85,11,
18:50:49,66,39,82,0,101,34,54,0,0,115,64,25,41,0,14,83,72,4,4,11,72,76,64,80,54,28,126,0,85,11,
18:50:50,66,39,82,0,101,34,54,0,0,115,64,25,41,0,14,83,72,4,4,11,72,76,64,80,54,28,126,0,85,11,
18:50:51,66,39,82,0,101,34,54,0,0,115,64,25,41,0,14,83,72,4,4,11,72,76,64,80,54,28,126,0,85,11,
18:50:52,66,39,82,0,101,34,54,0,0,115,64,25,41,0,14,83,72,4,4,11,72,76,64,80,54,28,126,0,85,11,
18:50:53,66,39,82,0,101,34,54,0,0,115,64,25,41,0,14,83,72,4,4,11,72,76,64,80,54,28,126,0,85,11,
18:50:54,66,39,82,0,101,34,54,0,0,115,64,25,41,0,14,83,72,4,4,11,72,76,66,80,54,28,126,0,85,11,
18:50:55,66,39,82,0,101,34,54,0,0,115,64,25,41,0,14,83,72,4,4,11,72,76,66,80,54,28,126,0,85,11,
18:50:56,66,39,82,0,101,34,54,0,0,115,64,25,41,0,14,83,72,4,4,11,72,76,66,80,54,28,126,0,85,11,
18:50:57,66,39,82,0,101,34,54,0,0,115,64,25,41,0,14,83,72,4,4,11,72,76,66,80,54,28,126,0,85,11,
18:50:58,66,39,82,0,101,34,54,0,0,115,64,25,41,0,14,83,72,4,4,11,72,76,66,80,54,28,126,0,85,11,
18:50:59,66,39,82,0,101,34,54,0,0,115,64,25,41,0,14,83,72,4,4,11,72,76,66,80,54,28,126,0,85,11,
18:51,66,39,82,0,101,34,54,0,0,115,64,25,41,0,14,83,72,4,4,11,72,76,66,80,54,28,126,0,85,11,
18:51:01,66,39,82,0,101,34,54,0,0,115,64,25,41,0,14,83,72,4,4,11,72,76,66,80,54,28,126,0,85,11,
18:51:02,66,39,82,0,101,34,54,0,0,115,64,25,41,0,14,83,72,4,4,11,72,76,66,80,54,28,126,0,85,11,
18:51:03,66,39,82,0,101,34,54,0,0,115,64,25,41,0,14,83,72,4,4,11,72,76,66,80,54,28,126,0,85,11,
18:51:04,66,39,84,0,104,34,54,0,0,115,67,25,45,0,14,87,77,4,4,11,74,76,66,80,54,28,129,0,85,11,
18:51:05,66,39,84,0,104,34,54,0,0,115,67,25,45,0,14,87,77,4,4,11,74,76,66,80,54,28,129,0,85,11,
18:51:06,66,39,84,0,104,34,54,0,0,115,67,25,45,0,14,87,77,4,4,11,74,76,66,80,54,28,129,0,85,11,
18:51:07,66,39,84,0,104,34,54,0,0,115,67,25,45,0,14,87,77,4,4,11,74,76,66,80,54,28,129,0,85,11,
18:51:08,66,39,84,0,104,34,54,0,0,115,67,25,45,0,14,87,77,4,4,11,74,76,66,80,54,28,129,0,85,11,
18:51:09,66,39,84,0,104,34,54,0,0,115,67,25,45,0,14,87,77,4,4,11,74,76,66,80,54,28,129,0,85,11,
18:51:10,66,39,84,0,104,34,54,0,0,115,67,25,45,0,14,87,77,4,4,11,74,76,66,80,54,28,129,0,85,11,
18:51:11,66,39,84,0,104,34,54,0,0,115,67,25,45,0,14,87,77,4,4,11,74,76,66,80,54,28,129,0,85,11,
18:51:12,66,39,84,0,104,34,54,0,0,115,67,25,45,0,14,87,77,4,4,11,74,76,66,80,54,28,129,0,85,11,
18:51:13,66,39,84,0,104,34,54,0,0,115,67,25,45,0,14,87,77,4,4,11,74,76,66,80,54,28,129,0,85,11,
18:51:14,66,39,84,0,104,34,54,0,0,115,67,25,45,0,14,87,77,4,4,11,74,76,66,80,54,28,129,0,85,11,
18:51:15,66,39,84,0,104,34,54,0,0,115,67,25,45,0,14,87,77,4,4,11,74,76,66,80,54,28,129,0,85,11,
18:51:16,66,39,84,0,104,34,54,0,0,115,67,25,45,0,14,87,77,4,4,11,74,76,66,80,54,28,129,0,85,11,
18:51:17,66,39,84,0,104,34,54,0,0,115,67,25,45,0,14,87,77,4,4,11,74,76,66,80,54,28,129,0,85,11,
18:51:18,66,39,84,0,104,34,54,0,0,115,67,25,45,0,14,87,77,4,4,11,74,76,66,80,54,28,129,0,85,11,
18:51:19,66,39,84,0,104,34,54,0,0,115,67,25,45,0,14,87,77,4,4,11,74,76,66,80,54,28,129,0,85,11,
18:51:20,66,39,84,0,104,34,54,0,0,115,67,25,45,0,14,87,77,4,4,11,74,76,66,80,54,28,129,0,85,11,
18:51:21,66,39,84,0,104,34,54,0,0,115,67,25,45,0,14,87,77,4,4,11,74,76,66,80,54,28,129,0,85,11,
18:51:22,66,39,84,0,104,34,54,0,0,115,67,25,45,0,14,87,77,4,4,11,74,76,66,80,54,28,129,0,85,11,
18:51:23,66,39,84,0,104,34,54,0,0,115,67,25,45,0,14,87,77,4,4,11,74,76,66,80,54,28,129,0,85,11,
18:51:24,66,39,84,0,104,34,54,0,0,115,67,25,45,0,14,87,77,4,4,11,74,76,66,80,54,28,129,0,85,11,
18:51:25,66,39,84,0,104,34,54,0,0,115,67,25,45,0,14,87,77,4,4,11,74,76,66,80,54,28,129,0,85,11,
18:51:26,66,39,84,0,104,34,54,0,0,115,67,25,45,0,14,87,77,4,4,11,74,76,66,80,54,28,129,0,85,11,
18:51:27,66,39,84,0,104,34,54,0,0,115,67,25,45,0,14,87,77,4,4,11,74,76,66,80,54,28,129,0,85,11,
18:51:28,66,39,84,0,104,34,54,0,0,115,67,25,45,0,14,87,77,4,4,11,74,76,66,80,54,28,129,0,85,11,
18:51:29,66,39,84,0,104,34,54,0,0,115,67,25,45,0,14,87,77,4,4,11,74,76,66,80,54,28,129,0,85,11,
18:51:30,66,39,84,0,104,34,54,0,0,115,67,25,45,0,14,87,77,4,4,11,74,76,66,80,54,28,129,0,85,11,
18:51:31,67,39,86,0,104,36,54,0,0,115,67,25,45,0,14,90,77,4,4,11,74,76,66,84,56,28,133,0,85,11,
18:51:32,67,39,86,0,104,36,54,0,0,115,67,25,45,0,14,90,77,4,4,11,74,76,66,84,56,28,133,0,85,11,
18:51:33,67,39,86,0,104,36,54,0,0,115,67,25,45,0,14,90,77,4,4,11,74,76,66,84,56,28,133,0,85,11,
18:51:34,67,39,86,0,104,36,54,0,0,115,67,25,45,0,14,90,77,4,4,11,74,76,66,84,56,28,133,0,85,11,
18:51:35,67,39,86,0,104,36,54,0,0,115,67,25,45,0,14,90,77,4,4,11,74,76,66,84,56,28,133,0,85,11,
18:51:36,67,39,86,0,104,36,54,0,0,115,67,25,45,0,14,90,77,4,4,11,74,76,66,84,56,28,133,0,85,11,
18:51:37,67,39,86,0,104,36,54,0,0,115,67,25,45,0,14,90,77,4,4,11,74,76,66,84,56,28,133,0,85,11,
18:51:38,67,39,86,0,104,36,54,0,0,115,67,25,45,0,14,90,77,4,4,11,74,76,66,84,56,28,133,0,85,11,
18:51:39,67,39,86,0,104,36,54,0,0,115,67,25,45,0,14,90,77,4,4,11,74,76,66,84,56,28,133,0,85,11,
18:51:40,67,39,86,0,104,36,54,0,0,115,67,25,45,0,14,90,77,4,4,11,74,76,66,84,56,28,133,0,85,11,
18:51:41,67,39,86,0,104,36,54,0,0,115,67,25,45,0,14,90,77,4,4,11,74,76,66,84,56,28,133,0,85,11,
18:51:42,67,39,86,0,104,36,54,0,0,115,67,25,45,0,14,90,77,4,4,11,74,76,66,84,56,28,133,0,85,11,
18:51:43,67,39,86,0,104,36,54,0,0,115,67,25,45,0,14,90,77,4,4,11,74,76,66,84,56,28,133,0,85,11,
18:51:44,67,39,86,0,104,36,54,0,0,115,67,25,45,0,14,90,77,4,4,11,74,76,66,84,56,28,133,0,85,11,
18:51:45,67,39,86,0,104,36,54,0,0,115,67,25,45,0,14,90,77,4,4,11,74,76,66,84,56,28,133,0,85,11,
18:51:46,67,39,86,0,104,36,54,0,0,115,67,25,45,0,14,90,77,4,4,11,74,76,66,84,56,28,133,0,85,11,
18:51:47,67,39,86,0,104,36,54,0,0,115,67,25,45,0,14,90,77,4,4,11,74,76,66,84,56,28,133,0,85,11,
18:51:48,67,39,86,0,104,36,54,0,0,115,67,25,45,0,14,90,77,4,4,11,74,76,66,84,56,28,133,0,85,11,
18:51:49,67,39,86,0,104,36,54,0,0,115,67,25,45,0,14,90,77,4,4,11,74,76,66,84,56,28,133,0,85,11,
18:51:50,67,39,86,0,104,36,54,0,0,115,67,25,45,0,14,90,77,4,4,11,74,76,66,84,56,28,133,0,85,11,
18:51:51,67,39,86,0,104,36,54,0,0,115,67,25,45,0,14,90,77,4,4,11,74,76,66,84,56,28,133,0,85,11,
18:51:52,67,39,86,0,104,36,54,0,0,115,67,25,45,0,14,90,77,4,4,11,74,76,66,84,56,28,133,0,85,11,
18:51:53,67,39,86,0,104,36,54,0,0,115,67,25,45,0,14,90,77,4,4,11,74,76,66,84,56,28,133,0,85,11,
18:51:54,67,39,86,0,104,36,54,0,0,115,67,25,45,0,14,90,77,4,4,11,74,76,66,84,56,28,133,0,85,11,
18:51:55,67,39,86,0,104,36,54,0,0,115,67,25,45,0,14,90,77,4,4,11,74,76,66,84,56,28,133,0,85,11,
18:51:56,67,39,86,0,104,36,54,0,0,115,67,25,45,0,14,90,77,4,4,11,74,76,66,84,56,28,133,0,85,11,
18:51:57,67,39,86,0,104,36,54,0,0,115,67,25,45,0,14,90,77,4,4,11,74,76,66,84,56,28,133,0,85,11,
18:51:58,67,39,86,0,104,36,54,0,0,115,67,25,45,0,14,90,77,4,4,11,74,76,66,84,56,28,133,0,85,11,
18:51:59,67,45,90,0,104,36,56,0,0,117,67,25,45,0,14,90,77,4,4,11,74,76,66,84,58,28,133,0,89,11,
18:52,67,45,90,0,104,36,56,0,0,117,67,25,45,0,14,90,77,4,4,11,74,76,66,84,58,28,133,0,89,11,
18:52:01,67,45,90,0,104,36,56,0,0,117,67,25,45,0,14,90,77,4,4,11,74,76,66,84,58,28,133,0,89,11,
18:52:02,67,45,90,0,104,36,56,0,0,117,67,25,45,0,14,90,77,4,4,11,74,76,66,84,58,28,133,0,89,11,
18:52:03,67,45,90,0,104,36,56,0,0,117,67,25,45,0,14,90,77,4,4,11,74,76,66,84,58,28,133,0,89,11,
18:52:04,67,45,90,0,104,36,56,0,0,117,67,25,45,0,14,90,77,4,4,11,74,76,66,84,58,28,133,0,89,11,
18:52:05,67,45,90,0,104,36,56,0,0,117,67,25,45,0,14,90,77,4,4,11,74,76,66,84,58,28,133,0,89,11,
18:52:06,67,45,90,0,104,36,56,0,0,117,67,25,45,0,14,90,77,4,4,11,74,76,66,84,58,28,133,0,89,11,
18:52:07,67,45,90,0,104,36,56,0,0,117,67,25,45,0,14,90,77,4,4,11,74,76,66,84,58,28,133,0,89,11,
18:52:08,67,45,90,0,104,36,56,0,0,117,67,25,45,0,14,90,77,4,4,11,74,76,66,84,58,28,133,0,89,11,
18:52:09,67,45,90,0,104,36,56,0,0,117,67,25,45,0,14,90,77,4,4,11,74,76,66,84,58,28,133,0,89,11,
18:52:10,67,45,90,0,104,36,56,0,0,117,67,25,45,0,14,90,77,4,4,11,74,76,66,84,58,28,133,0,89,11,
18:52:11,67,45,90,0,104,36,56,0,0,117,67,25,45,0,14,90,77,4,4,11,74,76,66,84,58,28,133,0,89,11,
18:52:12,67,45,90,0,104,36,56,0,0,117,67,25,45,0,14,90,77,4,4,11,74,76,66,84,58,28,133,0,89,11,
18:52:13,67,45,90,0,104,36,56,0,0,117,67,25,45,0,14,90,77,4,4,11,74,76,66,84,58,28,133,0,89,11,
18:52:14,67,45,90,0,104,36,56,0,0,117,67,25,45,0,14,90,77,4,4,11,74,76,66,84,58,28,133,0,89,11,
18:52:15,67,45,90,0,104,36,56,0,0,117,67,25,45,0,14,90,77,4,4,11,74,76,66,84,58,28,133,0,89,11,
18:52:16,67,45,90,0,104,36,56,0,0,117,67,25,45,0,14,90,77,4,4,11,74,76,66,84,58,28,133,0,89,11,
18:52:17,67,45,90,0,104,36,56,0,0,117,67,25,45,0,14,90,77,4,4,11,74,76,66,84,58,28,133,0,89,11,
18:52:18,67,45,90,0,104,36,56,0,0,117,67,25,45,0,14,90,77,4,4,11,74,76,66,84,58,28,133,0,89,11,
18:52:19,67,45,90,0,104,36,56,0,0,117,67,25,45,0,14,90,77,4,4,11,74,76,66,84,58,28,133,0,89,11,
18:52:20,67,45,90,0,104,36,56,0,0,117,67,25,45,0,14,90,77,4,4,11,74,76,66,84,58,28,133,0,89,11,
18:52:21,67,45,90,0,104,36,56,0,0,117,67,25,45,0,14,90,77,4,4,11,74,76,66,84,58,28,133,0,89,11,
18:52:22,67,45,90,0,104,36,56,0,0,117,67,25,45,0,14,90,77,4,4,11,74,76,66,84,58,28,133,0,89,11,
18:52:23,67,45,90,0,104,36,56,0,0,117,67,25,45,0,14,90,77,4,4,11,74,76,66,84,58,28,133,0,89,11,
18:52:24,67,45,90,0,104,36,56,0,0,117,67,25,45,0,14,90,77,4,4,11,74,76,68,84,60,28,133,0,89,11,
18:52:25,67,45,90,0,104,36,56,0,0,117,67,25,45,0,14,90,77,4,4,11,74,76,68,84,60,28,133,0,89,11,
18:52:26,67,45,90,0,104,36,56,0,0,117,67,25,45,0,14,90,77,4,4,11,74,76,68,84,60,28,133,0,89,11,
18:52:27,67,45,90,0,104,36,56,0,0,117,67,25,45,0,14,90,77,4,4,11,74,76,68,84,60,28,133,0,89,11,
18:52:28,67,45,90,0,104,36,56,0,0,117,67,25,45,0,14,90,77,4,4,11,74,76,68,84,60,28,133,0,89,11,
18:52:29,67,45,90,0,104,36,56,0,0,117,67,25,45,0,14,90,77,4,4,11,74,76,68,84,60,28,133,0,89,11,
18:52:30,67,45,90,0,104,36,56,0,0,117,67,25,45,0,14,90,77,4,4,11,74,76,68,84,60,28,133,0,89,11,
18:52:31,67,45,90,0,104,36,56,0,0,117,67,25,45,0,14,90,77,4,4,11,74,76,68,84,60,28,133,0,89,11,
18:52:32,67,45,90,0,104,36,56,0,0,117,67,25,45,0,14,90,77,4,4,11,74,76,68,84,60,28,133,0,89,11,
18:52:33,67,45,90,0,104,36,56,0,0,117,67,25,45,0,14,90,77,4,4,11,74,76,68,84,60,28,133,0,89,11,
18:52:34,67,45,90,0,104,36,56,0,0,117,67,25,45,0,14,90,77,4,4,11,74,76,68,84,60,28,133,0,89,11,
18:52:35,67,45,90,0,104,36,56,0,0,117,67,25,45,0,14,90,77,4,4,11,74,76,68,84,60,28,133,0,89,11,
18:52:36,67,45,90,0,104,36,56,0,0,117,67,25,45,0,14,90,77,4,4,11,74,76,68,84,60,28,133,0,89,11,
18:52:37,67,45,90,0,104,36,56,0,0,117,67,25,45,0,14,90,77,4,4,11,74,76,68,84,60,28,133,0,89,11,
18:52:38,67,45,90,0,104,36,56,0,0,117,67,25,45,0,14,90,77,4,4,11,74,76,68,84,60,28,133,0,89,11,
18:52:39,67,45,90,0,104,36,56,0,0,117,67,25,45,0,14,90,77,4,4,11,74,76,68,84,60,28,133,0,89,11,
18:52:40,67,45,90,0,104,36,56,0,0,117,67,25,45,0,14,90,77,4,4,11,74,76,68,84,60,28,133,0,89,11,
18:52:41,67,45,90,0,104,36,56,0,0,117,67,25,45,0,14,90,77,4,4,11,74,76,68,84,60,28,133,0,89,11,
18:52:42,67,45,90,0,104,36,56,0,0,117,67,25,45,0,14,90,77,4,4,11,74,76,68,84,60,28,133,0,89,11,
18:52:43,67,45,90,0,104,36,56,0,0,117,67,25,45,0,14,90,77,4,4,11,74,76,68,84,60,28,133,0,89,11,
18:52:44,67,45,90,0,104,36,56,0,0,117,67,25,45,0,14,90,77,4,4,11,74,76,68,84,60,28,133,0,89,11,
18:52:45,67,45,90,0,104,36,56,0,0,117,67,25,45,0,14,90,77,4,4,11,74,76,68,84,60,28,133,0,89,11,
18:52:46,67,45,90,0,104,36,56,0,0,117,67,25,45,0,14,90,77,4,4,11,74,76,68,84,60,28,133,0,89,11,
18:52:47,67,45,90,0,104,36,56,0,0,117,67,25,45,0,14,90,77,4,4,11,74,76,68,84,60,28,133,0,89,11,
18:52:48,67,45,90,0,104,36,56,0,0,117,67,25,45,0,14,90,77,4,4,11,74,76,68,84,60,28,133,0,89,11,
18:52:49,67,45,90,0,104,36,56,0,0,117,67,25,45,0,14,90,77,4,4,11,74,76,68,84,60,28,133,0,89,11,
18:52:50,67,45,90,0,104,36,56,0,0,117,67,25,45,0,14,90,77,4,4,11,74,76,68,84,60,28,133,0,89,11,
18:52:51,67,45,90,0,104,36,56,0,0,117,67,25,45,0,14,90,77,4,4,11,74,76,68,84,60,28,133,0,89,11,
18:52:52,67,45,90,0,104,36,56,0,0,117,67,25,45,0,14,90,77,4,4,11,74,76,68,84,60,28,133,0,89,11,
18:52:53,67,45,90,0,104,36,56,0,0,117,67,25,45,0,14,90,77,4,4,11,74,76,68,84,60,28,133,0,89,11,
18:52:54,71,45,90,0,104,36,56,0,0,117,67,25,45,0,14,96,77,4,8,11,74,76,68,84,60,28,133,0,89,12,
18:52:55,71,45,90,0,104,36,56,0,0,117,67,25,45,0,14,96,77,4,8,11,74,76,68,84,60,28,133,0,89,12,
18:52:56,71,45,90,0,104,36,56,0,0,117,67,25,45,0,14,96,77,4,8,11,74,76,68,84,60,28,133,0,89,12,
18:52:57,71,45,90,0,104,36,56,0,0,117,67,25,45,0,14,96,77,4,8,11,74,76,68,84,60,28,133,0,89,12,
18:52:58,71,45,90,0,104,36,56,0,0,117,67,25,45,0,14,96,77,4,8,11,74,76,68,84,60,28,133,0,89,12,
18:52:59,71,45,90,0,104,36,56,0,0,117,67,25,45,0,14,96,77,4,8,11,76,76,68,84,60,28,133,0,89,12,
18:53,71,45,90,0,104,36,56,0,0,117,67,25,45,0,14,96,77,4,8,11,76,76,68,84,60,28,133,0,89,12,
18:53:01,71,45,90,0,104,36,56,0,0,117,67,25,45,0,14,96,77,4,8,11,76,76,68,84,60,28,133,0,89,12,
18:53:02,71,45,90,0,104,36,56,0,0,117,67,25,45,0,14,96,77,4,8,11,76,76,68,84,60,28,133,0,89,12,
18:53:03,71,45,90,0,104,36,56,0,0,117,67,25,45,0,14,96,77,4,8,11,76,76,68,84,60,28,133,0,89,12,
18:53:04,71,45,90,0,104,36,56,0,0,117,67,25,45,0,14,96,77,4,8,11,76,76,68,84,60,28,133,0,89,12,
18:53:05,71,45,90,0,104,36,56,0,0,117,67,25,45,0,14,96,77,4,8,11,76,76,68,84,60,28,133,0,89,12,
18:53:06,71,45,90,0,104,36,56,0,0,117,67,25,45,0,14,96,77,4,8,11,76,76,68,84,60,28,133,0,89,12,
18:53:07,71,45,90,0,104,36,56,0,0,117,67,25,45,0,14,96,77,4,8,11,76,76,68,84,60,28,133,0,89,12,
18:53:08,71,45,90,0,104,36,56,0,0,117,67,25,45,0,14,96,77,4,8,11,76,76,68,84,60,28,133,0,89,12,
18:53:09,71,45,90,0,104,36,56,0,0,117,67,25,45,0,14,96,77,4,8,11,76,76,68,84,60,28,133,0,89,12,
18:53:10,71,45,90,0,104,36,56,0,0,117,67,25,45,0,14,96,77,4,8,11,76,76,68,84,60,28,133,0,89,12,
18:53:11,71,45,90,0,104,36,56,0,0,117,67,25,45,0,14,96,77,4,8,11,76,76,68,84,60,28,133,0,89,12,
18:53:12,71,45,90,0,104,36,56,0,0,117,67,25,45,0,14,96,77,4,8,11,76,76,68,84,60,28,133,0,89,12,
18:53:13,71,45,90,0,104,36,56,0,0,117,67,25,45,0,14,96,77,4,8,11,76,76,68,84,60,28,133,0,89,12,
18:53:14,71,45,90,0,104,36,56,0,0,117,67,25,45,0,14,96,77,4,8,11,76,76,68,84,60,28,133,0,89,12,
18:53:15,71,45,90,0,104,36,56,0,0,117,67,25,45,0,14,96,77,4,8,11,76,76,68,84,60,28,133,0,89,12,
18:53:16,71,45,90,0,104,36,56,0,0,117,67,25,45,0,14,96,77,4,8,11,76,76,68,84,60,28,133,0,89,12,
18:53:17,71,45,90,0,104,36,56,0,0,117,67,25,45,0,14,96,77,4,8,11,76,76,68,84,60,28,133,0,89,12,
18:53:18,71,45,90,0,104,36,56,0,0,117,67,25,45,0,14,96,77,4,8,11,76,76,68,84,60,28,133,0,89,12,
18:53:19,71,45,90,0,104,36,56,0,0,117,67,25,45,0,14,96,77,4,8,11,76,76,68,84,60,28,133,0,89,12,
18:53:20,71,45,90,0,104,36,56,0,0,117,67,25,45,0,14,96,77,4,8,11,76,76,68,84,60,28,133,0,89,12,
18:53:21,71,45,92,0,104,36,56,0,0,117,71,25,45,0,14,96,77,4,8,11,80,79,68,84,63,28,137,0,89,12,
18:53:22,71,45,92,0,104,36,56,0,0,117,71,25,45,0,14,96,77,4,8,11,80,79,68,84,63,28,137,0,89,12,
18:53:23,71,45,92,0,104,36,56,0,0,117,71,25,45,0,14,96,77,4,8,11,80,79,68,84,63,28,137,0,89,12,
18:53:24,71,45,92,0,104,36,56,0,0,117,71,25,45,0,14,96,77,4,8,11,80,79,68,84,63,28,137,0,89,12,
18:53:25,71,45,92,0,104,36,56,0,0,117,71,25,45,0,14,96,77,4,8,11,80,79,68,84,63,28,137,0,89,12,
18:53:26,71,45,92,0,104,36,56,0,0,117,71,25,45,0,14,96,77,4,8,11,80,79,68,84,63,28,137,0,89,12,
18:53:27,71,45,92,0,104,36,56,0,0,117,71,25,45,0,14,96,77,4,8,11,80,79,68,84,63,28,137,0,89,12,
18:53:28,71,45,92,0,104,36,56,0,0,117,71,25,45,0,14,96,77,4,8,11,80,79,68,84,63,28,137,0,89,12,
18:53:29,71,45,92,0,104,36,56,0,0,117,71,25,45,0,14,96,77,4,8,11,80,79,68,84,63,28,137,0,89,12,
18:53:30,71,45,92,0,104,36,56,0,0,117,71,25,45,0,14,96,77,4,8,11,80,79,68,84,63,28,137,0,89,12,
18:53:31,71,45,92,0,104,36,56,0,0,117,71,25,45,0,14,96,77,4,8,11,80,79,68,84,63,28,137,0,89,12,
18:53:32,71,45,92,0,104,36,56,0,0,117,71,25,45,0,14,96,77,4,8,11,80,79,68,84,63,28,137,0,89,12,
18:53:33,71,45,92,0,104,36,56,0,0,117,71,25,45,0,14,96,77,4,8,11,80,79,68,84,63,28,137,0,89,12,
18:53:34,71,45,92,0,104,36,56,0,0,117,71,25,45,0,14,96,77,4,8,11,80,79,68,84,63,28,137,0,89,12,
18:53:35,71,45,92,0,104,36,56,0,0,117,71,25,45,0,14,96,77,4,8,11,80,79,68,84,63,28,137,0,89,12,
18:53:36,71,45,92,0,104,36,56,0,0,117,71,25,45,0,14,96,77,4,8,11,80,79,68,84,63,28,137,0,89,12,
18:53:37,71,45,92,0,104,36,56,0,0,117,71,25,45,0,14,96,77,4,8,11,80,79,68,84,63,28,137,0,89,12,
18:53:38,71,45,92,0,104,36,56,0,0,117,71,25,45,0,14,96,77,4,8,11,80,79,68,84,63,28,137,0,89,12,
18:53:39,71,45,92,0,104,36,56,0,0,117,71,25,45,0,14,96,77,4,8,11,80,79,68,84,63,28,137,0,89,12,
18:53:40,71,45,92,0,104,36,56,0,0,117,71,25,45,0,14,96,77,4,8,11,80,79,68,84,63,28,137,0,89,12,
18:53:41,71,45,92,0,104,36,56,0,0,117,71,25,45,0,14,96,77,4,8,11,80,79,68,84,63,28,137,0,89,12,
18:53:42,71,45,92,0,104,36,56,0,0,117,71,25,45,0,14,96,77,4,8,11,80,79,68,84,63,28,137,0,89,12,
18:53:43,71,45,92,0,104,36,56,0,0,117,71,25,45,0,14,96,77,4,8,11,80,79,68,84,63,28,137,0,89,12,
18:53:44,71,45,92,0,104,36,56,0,0,117,71,25,45,0,14,96,77,4,8,11,80,79,68,84,63,28,137,0,89,12,
18:53:45,71,45,92,0,104,36,56,0,0,117,71,25,45,0,14,96,77,4,8,11,80,79,68,84,63,28,137,0,89,12,
18:53:46,71,45,92,0,104,36,56,0,0,117,71,25,45,0,14,96,77,4,8,11,80,79,68,84,63,28,137,0,89,12,
18:53:47,71,45,92,0,104,36,56,0,0,117,71,25,45,0,14,96,77,4,8,11,80,79,68,84,63,28,137,0,89,12,
18:53:48,71,45,92,0,104,36,56,0,0,117,71,25,45,0,14,96,77,4,8,11,80,79,68,84,63,28,137,0,89,12,
18:53:49,71,45,92,0,104,36,56,0,0,117,71,25,45,0,14,96,77,4,8,11,80,79,68,84,63,28,137,0,89,12,
18:53:50,71,45,92,0,107,36,56,0,0,118,71,25,45,0,14,96,77,4,8,11,80,79,69,84,63,28,137,0,89,12,
18:53:51,71,45,92,0,107,36,56,0,0,118,71,25,45,0,14,96,77,4,8,11,80,79,69,84,63,28,137,0,89,12,
18:53:52,71,45,92,0,107,36,56,0,0,118,71,25,45,0,14,96,77,4,8,11,80,79,69,84,63,28,137,0,89,12,
18:53:53,71,45,92,0,107,36,56,0,0,118,71,25,45,0,14,96,77,4,8,11,80,79,69,84,63,28,137,0,89,12,
18:53:54,71,45,92,0,107,36,56,0,0,118,71,25,45,0,14,96,77,4,8,11,80,79,69,84,63,28,137,0,89,12,
18:53:55,71,45,92,0,107,36,56,0,0,118,71,25,45,0,14,96,77,4,8,11,80,79,69,84,63,28,137,0,89,12,
18:53:56,71,45,92,0,107,36,56,0,0,118,71,25,45,0,14,96,77,4,8,11,80,79,69,84,63,28,137,0,89,12,
18:53:57,71,45,92,0,107,36,56,0,0,118,71,25,45,0,14,96,77,4,8,11,80,79,69,84,63,28,137,0,89,12,
18:53:58,71,45,92,0,107,36,56,0,0,118,71,25,45,0,14,96,77,4,8,11,80,79,69,84,63,28,137,0,89,12,
18:53:59,71,45,92,0,107,36,56,0,0,118,71,25,45,0,14,96,77,4,8,11,80,79,69,84,63,28,137,0,89,12,
18:54,71,45,92,0,107,36,56,0,0,118,71,25,45,0,14,96,77,4,8,11,80,79,69,84,63,28,137,0,89,12,
18:54:01,71,45,92,0,107,36,56,0,0,118,71,25,45,0,14,96,77,4,8,11,80,79,69,84,63,28,137,0,89,12,
18:54:02,71,45,92,0,107,36,56,0,0,118,71,25,45,0,14,96,77,4,8,11,80,79,69,84,63,28,137,0,89,12,
18:54:03,71,45,92,0,107,36,56,0,0,118,71,25,45,0,14,96,77,4,8,11,80,79,69,84,63,28,137,0,89,12,
18:54:04,71,45,92,0,107,36,56,0,0,118,71,25,45,0,14,96,77,4,8,11,80,79,69,84,63,28,137,0,89,12,
18:54:05,71,45,92,0,107,36,56,0,0,118,71,25,45,0,14,96,77,4,8,11,80,79,69,84,63,28,137,0,89,12,
18:54:06,71,45,92,0,107,36,56,0,0,118,71,25,45,0,14,96,77,4,8,11,80,79,69,84,63,28,137,0,89,12,
18:54:07,71,45,92,0,107,36,56,0,0,118,71,25,45,0,14,96,77,4,8,11,80,79,69,84,63,28,137,0,89,12,
18:54:08,71,45,92,0,107,36,56,0,0,118,71,25,45,0,14,96,77,4,8,11,80,79,69,84,63,28,137,0,89,12,
18:54:09,71,45,92,0,107,36,56,0,0,118,71,25,45,0,14,96,77,4,8,11,80,79,69,84,63,28,137,0,89,12,
18:54:10,71,45,92,0,107,36,56,0,0,118,71,25,45,0,14,96,77,4,8,11,80,79,69,84,63,28,137,0,89,12,
18:54:11,71,45,92,0,107,36,56,0,0,118,71,25,45,0,14,96,77,4,8,11,80,79,69,84,63,28,137,0,89,12,
18:54:12,71,45,92,0,107,36,56,0,0,118,71,25,45,0,14,96,77,4,8,11,80,79,69,84,63,28,137,0,89,12,
18:54:13,71,45,92,0,107,36,56,0,0,118,71,25,45,0,14,96,77,4,8,11,80,79,69,84,63,28,137,0,89,12,
18:54:14,71,45,92,0,107,36,56,0,0,118,71,25,45,0,14,96,77,4,8,11,80,79,69,84,63,28,137,0,89,12,
18:54:15,71,45,92,0,107,36,56,0,0,118,71,25,45,0,14,96,77,4,8,11,80,79,69,84,63,28,137,0,89,12,
18:54:16,71,45,92,0,107,36,56,0,0,118,71,25,45,0,14,96,77,4,8,11,80,79,69,84,63,28,137,0,89,12,
18:54:17,71,45,92,0,107,36,56,0,0,118,71,25,45,0,14,96,77,4,8,11,80,79,69,84,63,28,137,0,89,12,
18:54:18,71,45,92,0,107,36,56,0,0,118,71,25,45,0,14,96,77,4,8,11,80,79,69,84,63,28,137,0,89,12,
18:54:19,71,45,92,0,107,36,56,0,0,118,71,25,45,0,14,96,77,4,8,11,80,79,69,84,63,28,137,0,89,12,
18:54:20,71,45,92,0,107,36,56,0,0,118,71,25,45,0,14,96,77,4,8,11,80,79,69,84,63,28,137,0,89,12,
18:54:21,71,45,92,0,107,36,56,0,0,118,71,25,45,0,14,96,77,4,8,11,80,79,69,84,63,28,137,0,89,12,
18:54:22,71,45,92,0,107,36,56,0,0,118,71,25,45,0,14,96,77,4,8,11,80,79,69,84,63,28,137,0,89,12,
18:54:23,71,45,92,0,107,36,56,0,0,118,71,25,45,0,14,96,77,4,8,11,80,79,69,84,63,28,137,0,89,12,
18:54:24,71,45,92,0,107,36,56,0,0,118,71,25,45,0,14,96,77,4,8,11,80,79,69,84,63,28,137,0,89,12,
18:54:25,71,45,92,0,107,36,56,0,0,118,71,25,45,0,14,96,77,4,8,11,80,79,69,84,63,28,137,0,89,12,
18:54:26,71,45,92,0,107,36,56,0,0,118,71,25,45,0,14,96,77,4,8,11,80,79,69,84,63,28,137,0,89,12,
18:54:27,71,45,92,0,107,36,56,0,0,118,71,25,45,0,14,96,77,4,8,11,80,79,69,84,63,28,137,0,89,12,
18:54:28,71,45,92,0,107,36,56,0,0,118,71,25,45,0,14,96,77,4,8,11,80,79,69,84,63,28,137,0,89,12,
18:54:29,71,45,98,0,107,36,56,0,0,118,71,25,46,0,14,96,77,4,8,11,80,79,69,84,63,28,137,0,90,12,
18:54:30,71,45,98,0,107,36,56,0,0,118,71,25,46,0,14,96,77,4,8,11,80,79,69,84,63,28,137,0,90,12,
18:54:31,71,45,98,0,107,36,56,0,0,118,71,25,46,0,14,96,77,4,8,11,80,79,69,84,63,28,137,0,90,12,
18:54:32,71,45,98,0,107,36,56,0,0,118,71,25,46,0,14,96,77,4,8,11,80,79,69,84,63,28,137,0,90,12,
18:54:33,71,45,98,0,107,36,56,0,0,118,71,25,46,0,14,96,77,4,8,11,80,79,69,84,63,28,137,0,90,12,
18:54:34,71,45,98,0,107,36,56,0,0,118,71,25,46,0,14,96,77,4,8,11,80,79,69,84,63,28,137,0,90,12,
18:54:35,71,45,98,0,107,36,56,0,0,118,71,25,46,0,14,96,77,4,8,11,80,79,69,84,63,28,137,0,90,12,
18:54:36,71,45,98,0,107,36,56,0,0,118,71,25,46,0,14,96,77,4,8,11,80,79,69,84,63,28,137,0,90,12,
18:54:37,71,45,98,0,107,36,56,0,0,118,71,25,46,0,14,96,77,4,8,11,80,79,69,84,63,28,137,0,90,12,
18:54:38,71,45,98,0,107,36,56,0,0,118,71,25,46,0,14,96,77,4,8,11,80,79,69,84,63,28,137,0,90,12,
18:54:39,71,45,98,0,107,36,56,0,0,118,71,25,46,0,14,96,77,4,8,11,80,79,69,84,63,28,137,0,90,12,
18:54:40,71,45,98,0,107,36,56,0,0,118,71,25,46,0,14,96,77,4,8,11,80,79,69,84,63,28,137,0,90,12,
18:54:41,71,45,98,0,107,36,56,0,0,118,71,25,46,0,14,96,77,4,8,11,80,79,69,84,63,28,137,0,90,12,
18:54:42,71,45,98,0,107,36,56,0,0,118,71,25,46,0,14,96,77,4,8,11,80,79,69,84,63,28,137,0,90,12,
18:54:43,71,45,98,0,107,36,56,0,0,118,71,25,46,0,14,96,77,4,8,11,80,79,69,84,63,28,137,0,90,12,
18:54:44,71,45,98,0,107,36,56,0,0,118,71,25,46,0,14,96,77,4,8,11,80,79,69,84,63,28,137,0,90,12,
18:54:45,71,45,98,0,107,36,56,0,0,118,71,25,46,0,14,96,77,4,8,11,80,79,69,84,63,28,137,0,90,12,
18:54:46,71,45,98,0,107,36,56,0,0,118,71,25,46,0,14,96,77,4,8,11,80,79,69,84,63,28,137,0,90,12,
18:54:47,71,45,98,0,107,36,56,0,0,118,71,25,46,0,14,96,77,4,8,11,80,79,69,84,63,28,137,0,90,12,
18:54:48,71,45,98,0,107,36,56,0,0,118,71,25,46,0,14,96,77,4,8,11,80,79,69,84,63,28,137,0,90,12,
18:54:49,71,45,98,0,107,36,56,0,0,118,71,25,46,0,14,96,77,4,8,11,80,79,69,84,63,28,137,0,90,12,
18:54:50,71,45,98,0,107,36,56,0,0,118,71,25,46,0,14,96,77,4,8,11,80,79,69,84,63,28,137,0,90,12,
18:54:51,71,45,98,0,107,36,56,0,0,118,71,25,46,0,14,96,77,4,8,11,80,79,69,84,63,28,137,0,90,12,
18:54:52,71,45,98,0,107,36,56,0,0,118,71,25,46,0,14,96,77,4,8,11,80,79,69,84,63,28,137,0,90,12,
18:54:53,71,45,98,0,107,36,56,0,0,118,71,25,46,0,14,96,77,4,8,11,80,79,69,84,63,28,137,0,90,12,
18:54:54,71,45,98,0,107,36,56,0,0,118,71,25,46,0,14,96,77,4,8,11,80,79,69,84,63,28,137,0,90,12,
18:54:55,71,45,98,0,107,36,56,0,0,118,71,25,46,0,14,96,77,4,8,11,80,79,69,84,63,28,137,0,90,12,
18:54:56,71,50,98,0,110,39,60,0,0,118,75,25,46,0,14,96,77,4,8,11,80,79,69,86,63,28,141,0,94,12,
18:54:57,71,50,98,0,110,39,60,0,0,118,75,25,46,0,14,96,77,4,8,11,80,79,69,86,63,28,141,0,94,12,
18:54:58,71,50,98,0,110,39,60,0,0,118,75,25,46,0,14,96,77,4,8,11,80,79,69,86,63,28,141,0,94,12,
18:54:59,71,50,98,0,110,39,60,0,0,118,75,25,46,0,14,96,77,4,8,11,80,79,69,86,63,28,141,0,94,12,
18:55,71,50,98,0,110,39,60,0,0,118,75,25,46,0,14,96,77,4,8,11,80,79,69,86,63,28,141,0,94,12,
18:55:01,71,50,98,0,110,39,60,0,0,118,75,25,46,0,14,96,77,4,8,11,80,79,69,86,63,28,141,0,94,12,
18:55:02,71,50,98,0,110,39,60,0,0,118,75,25,46,0,14,96,77,4,8,11,80,79,69,86,63,28,141,0,94,12,
18:55:03,71,50,98,0,110,39,60,0,0,118,75,25,46,0,14,96,77,4,8,11,80,79,69,86,63,28,141,0,94,12,
18:55:04,71,50,98,0,110,39,60,0,0,118,75,25,46,0,14,96,77,4,8,11,80,79,69,86,63,28,141,0,94,12,
18:55:05,71,50,98,0,110,39,60,0,0,118,75,25,46,0,14,96,77,4,8,11,80,79,69,86,63,28,141,0,94,12,
18:55:06,71,50,98,0,110,39,60,0,0,118,75,25,46,0,14,96,77,4,8,11,80,79,69,86,63,28,141,0,94,12,
18:55:07,71,50,98,0,110,39,60,0,0,118,75,25,46,0,14,96,77,4,8,11,80,79,69,86,63,28,141,0,94,12,
18:55:08,71,50,98,0,110,39,60,0,0,118,75,25,46,0,14,96,77,4,8,11,80,79,69,86,63,28,141,0,94,12,
18:55:09,71,50,98,0,110,39,60,0,0,118,75,25,46,0,14,96,77,4,8,11,80,79,69,86,63,28,141,0,94,12,
18:55:10,71,50,98,0,110,39,60,0,0,118,75,25,46,0,14,96,77,4,8,11,80,79,69,86,63,28,141,0,94,12,
18:55:11,71,50,98,0,110,39,60,0,0,118,75,25,46,0,14,96,77,4,8,11,80,79,69,86,63,28,141,0,94,12,
18:55:12,71,50,98,0,110,39,60,0,0,118,75,25,46,0,14,96,77,4,8,11,80,79,69,86,63,28,141,0,94,12,
18:55:13,71,50,98,0,110,39,60,0,0,118,75,25,46,0,14,96,77,4,8,11,80,79,69,86,63,28,141,0,94,12,
18:55:14,71,50,98,0,110,39,60,0,0,118,75,25,46,0,14,96,77,4,8,11,80,79,69,86,63,28,141,0,94,12,
18:55:15,71,50,98,0,110,39,60,0,0,118,75,25,46,0,14,96,77,4,8,11,80,79,69,86,63,28,141,0,94,12,
18:55:16,71,50,98,0,110,39,60,0,0,118,75,25,46,0,14,96,77,4,8,11,80,79,69,86,63,28,141,0,94,12,
18:55:17,71,50,98,0,110,39,60,0,0,118,75,25,46,0,14,96,77,4,8,11,80,79,69,86,63,28,141,0,94,12,
18:55:18,71,50,98,0,110,39,60,0,0,118,75,25,46,0,14,96,77,4,8,11,80,79,69,86,63,28,141,0,94,12,
18:55:19,71,50,98,0,110,39,60,0,0,118,75,25,46,0,14,96,77,4,8,11,80,79,69,86,63,28,141,0,94,12,
18:55:20,71,50,98,0,110,39,60,0,0,118,75,25,46,0,14,96,77,4,8,11,80,79,69,86,63,28,141,0,94,12,
18:55:21,71,50,98,0,110,39,60,0,0,118,75,25,46,0,14,96,77,4,8,11,80,79,69,86,63,28,141,0,94,12,
18:55:22,71,50,98,0,110,39,60,0,0,118,75,25,46,0,14,96,77,4,8,11,80,79,69,86,63,28,141,0,94,12,
18:55:23,71,50,98,0,110,41,60,0,0,118,75,25,46,4,14,96,77,4,8,11,84,79,70,86,64,28,141,0,94,14,
18:55:24,71,50,98,0,110,41,60,0,0,118,75,25,46,4,14,96,77,4,8,11,84,79,70,86,64,28,141,0,94,14,
18:55:25,71,50,98,0,110,41,60,0,0,118,75,25,46,4,14,96,77,4,8,11,84,79,70,86,64,28,141,0,94,14,
18:55:26,71,50,98,0,110,41,60,0,0,118,75,25,46,4,14,96,77,4,8,11,84,79,70,86,64,28,141,0,94,14,
18:55:27,71,50,98,0,110,41,60,0,0,118,75,25,46,4,14,96,77,4,8,11,84,79,70,86,64,28,141,0,94,14,
18:55:28,71,50,98,0,110,41,60,0,0,118,75,25,46,4,14,96,77,4,8,11,84,79,70,86,64,28,141,0,94,14,
18:55:29,71,50,98,0,110,41,60,0,0,118,75,25,46,4,14,96,77,4,8,11,84,79,70,86,64,28,141,0,94,14,
18:55:30,71,50,98,0,110,41,60,0,0,118,75,25,46,4,14,96,77,4,8,11,84,79,70,86,64,28,141,0,94,14,
18:55:31,71,50,98,0,110,41,60,0,0,118,75,25,46,4,14,96,77,4,8,11,84,79,70,86,64,28,141,0,94,14,
18:55:32,71,50,98,0,110,41,60,0,0,118,75,25,46,4,14,96,77,4,8,11,84,79,70,86,64,28,141,0,94,14,
18:55:33,71,50,98,0,110,41,60,0,0,118,75,25,46,4,14,96,77,4,8,11,84,79,70,86,64,28,141,0,94,14,
18:55:34,71,50,98,0,110,41,60,0,0,118,75,25,46,4,14,96,77,4,8,11,84,79,70,86,64,28,141,0,94,14,
18:55:35,71,50,98,0,110,41,60,0,0,118,75,25,46,4,14,96,77,4,8,11,84,79,70,86,64,28,141,0,94,14,
18:55:36,71,50,98,0,110,41,60,0,0,118,75,25,46,4,14,96,77,4,8,11,84,79,70,86,64,28,141,0,94,14,
18:55:37,71,50,98,0,110,41,60,0,0,118,75,25,46,4,14,96,77,4,8,11,84,79,70,86,64,28,141,0,94,14,
18:55:38,71,50,98,0,110,41,60,0,0,118,75,25,46,4,14,96,77,4,8,11,84,79,70,86,64,28,141,0,94,14,
18:55:39,71,50,98,0,110,41,60,0,0,118,75,25,46,4,14,96,77,4,8,11,84,79,70,86,64,28,141,0,94,14,
18:55:40,71,50,98,0,110,41,60,0,0,118,75,25,46,4,14,96,77,4,8,11,84,79,70,86,64,28,141,0,94,14,
18:55:41,71,50,98,0,110,41,60,0,0,118,75,25,46,4,14,96,77,4,8,11,84,79,70,86,64,28,141,0,94,14,
18:55:42,71,50,98,0,110,41,60,0,0,118,75,25,46,4,14,96,77,4,8,11,84,79,70,86,64,28,141,0,94,14,
18:55:43,71,50,98,0,110,41,60,0,0,118,75,25,46,4,14,96,77,4,8,11,84,79,70,86,64,28,141,0,94,14,
18:55:44,71,50,98,0,110,41,60,0,0,118,75,25,46,4,14,96,77,4,8,11,84,79,70,86,64,28,141,0,94,14,
18:55:45,71,50,98,0,110,41,60,0,0,118,75,25,46,4,14,96,77,4,8,11,84,79,70,86,64,28,141,0,94,14,
18:55:46,71,50,98,0,110,41,60,0,0,118,75,25,46,4,14,96,77,4,8,11,84,79,70,86,64,28,141,0,94,14,
18:55:47,71,50,98,0,110,41,60,0,0,118,75,25,46,4,14,96,77,4,8,11,84,79,70,86,64,28,141,0,94,14,
18:55:48,71,50,98,0,110,41,60,0,0,118,75,25,46,4,14,96,77,4,8,11,84,79,70,86,64,28,141,0,94,14,
18:55:49,71,50,98,0,110,41,60,0,0,118,75,25,46,4,14,96,77,4,8,11,84,79,70,86,64,28,141,0,94,14,
18:55:50,71,50,98,0,110,41,60,0,0,118,75,25,46,4,14,96,77,4,8,11,84,79,70,86,64,28,141,0,94,14,
18:55:51,71,50,99,0,110,41,60,0,0,120,75,25,46,4,14,96,77,4,8,11,86,79,70,91,64,28,141,0,94,14,
18:55:52,71,50,99,0,110,41,60,0,0,120,75,25,46,4,14,96,77,4,8,11,86,79,70,91,64,28,141,0,94,14,
18:55:53,71,50,99,0,110,41,60,0,0,120,75,25,46,4,14,96,77,4,8,11,86,79,70,91,64,28,141,0,94,14,
18:55:54,71,50,99,0,110,41,60,0,0,120,75,25,46,4,14,96,77,4,8,11,86,79,70,91,64,28,141,0,94,14,
18:55:55,71,50,99,0,110,41,60,0,0,120,75,25,46,4,14,96,77,4,8,11,86,79,70,91,64,28,141,0,94,14,
18:55:56,71,50,99,0,110,41,60,0,0,120,75,25,46,4,14,96,77,4,8,11,86,79,70,91,64,28,141,0,94,14,
18:55:57,71,50,99,0,110,41,60,0,0,120,75,25,46,4,14,96,77,4,8,11,86,79,70,91,64,28,141,0,94,14,
18:55:58,71,50,99,0,110,41,60,0,0,120,75,25,46,4,14,96,77,4,8,11,86,79,70,91,64,28,141,0,94,14,
18:55:59,71,50,99,0,110,41,60,0,0,120,75,25,46,4,14,96,77,4,8,11,86,79,70,91,64,28,141,0,94,14,
18:56,71,50,99,0,110,41,60,0,0,120,75,25,46,4,14,96,77,4,8,11,86,79,70,91,64,28,141,0,94,14,
18:56:01,71,50,99,0,110,41,60,0,0,120,75,25,46,4,14,96,77,4,8,11,86,79,70,91,64,28,141,0,94,14,
18:56:02,71,50,99,0,110,41,60,0,0,120,75,25,46,4,14,96,77,4,8,11,86,79,70,91,64,28,141,0,94,14,
18:56:03,71,50,99,0,110,41,60,0,0,120,75,25,46,4,14,96,77,4,8,11,86,79,70,91,64,28,141,0,94,14,
18:56:04,71,50,99,0,110,41,60,0,0,120,75,25,46,4,14,96,77,4,8,11,86,79,70,91,64,28,141,0,94,14,
18:56:05,71,50,99,0,110,41,60,0,0,120,75,25,46,4,14,96,77,4,8,11,86,79,70,91,64,28,141,0,94,14,
18:56:06,71,50,99,0,110,41,60,0,0,120,75,25,46,4,14,96,77,4,8,11,86,79,70,91,64,28,141,0,94,14,
18:56:07,71,50,99,0,110,41,60,0,0,120,75,25,46,4,14,96,77,4,8,11,86,79,70,91,64,28,141,0,94,14,
18:56:08,71,50,99,0,110,41,60,0,0,120,75,25,46,4,14,96,77,4,8,11,86,79,70,91,64,28,141,0,94,14,
18:56:09,71,50,99,0,110,41,60,0,0,120,75,25,46,4,14,96,77,4,8,11,86,79,70,91,64,28,141,0,94,14,
18:56:10,71,50,99,0,110,41,60,0,0,120,75,25,46,4,14,96,77,4,8,11,86,79,70,91,64,28,141,0,94,14,
18:56:11,71,50,99,0,110,41,60,0,0,120,75,25,46,4,14,96,77,4,8,11,86,79,70,91,64,28,141,0,94,14,
18:56:12,71,50,99,0,110,41,60,0,0,120,75,25,46,4,14,96,77,4,8,11,86,79,70,91,64,28,141,0,94,14,
18:56:13,71,50,99,0,110,41,60,0,0,120,75,25,46,4,14,96,77,4,8,11,86,79,70,91,64,28,141,0,94,14,
18:56:14,71,50,99,0,110,41,60,0,0,120,75,25,46,4,14,96,77,4,8,11,86,79,70,91,64,28,141,0,94,14,
18:56:15,71,50,99,0,110,41,60,0,0,120,75,25,46,4,14,96,77,4,8,11,86,79,70,91,64,28,141,0,94,14,
18:56:16,71,50,99,0,110,41,60,0,0,120,75,25,46,4,14,96,77,4,8,11,86,79,70,91,64,28,141,0,94,14,
18:56:17,71,50,99,0,110,41,60,0,0,120,75,25,46,4,14,96,77,4,8,11,86,79,70,91,64,28,141,0,94,14,
18:56:18,71,50,99,0,110,41,60,0,0,120,75,25,46,4,14,96,77,4,8,11,86,79,70,91,64,28,141,0,94,14,
18:56:19,71,50,99,0,110,41,60,0,0,120,75,25,46,4,14,96,77,4,8,11,86,79,70,91,64,28,141,0,94,14,
18:56:20,71,50,99,0,110,41,60,0,0,120,75,25,46,4,14,96,77,4,8,11,86,79,70,91,64,28,141,0,94,14,
18:56:21,71,50,99,0,110,41,60,0,0,120,75,25,46,4,14,96,77,4,8,11,86,79,70,91,64,28,141,0,94,14,
18:56:22,71,50,99,0,110,41,60,0,0,120,75,25,46,4,14,96,77,4,8,11,86,79,70,91,64,28,141,0,94,14,
18:56:23,71,50,99,0,110,41,60,0,0,120,75,25,46,4,14,96,77,4,8,11,86,79,70,91,64,28,141,0,94,14,
18:56:24,71,50,99,0,110,41,60,0,0,120,75,25,46,4,14,96,77,4,8,11,86,79,70,91,64,28,141,0,94,14,
18:56:25,73,50,103,0,110,41,62,0,0,120,75,25,50,4,14,101,77,4,12,11,86,81,72,91,64,28,141,0,94,14,
18:56:26,73,50,103,0,110,41,62,0,0,120,75,25,50,4,14,101,77,4,12,11,86,81,72,91,64,28,141,0,94,14,
18:56:27,73,50,103,0,110,41,62,0,0,120,75,25,50,4,14,101,77,4,12,11,86,81,72,91,64,28,141,0,94,14,
18:56:28,73,50,103,0,110,41,62,0,0,120,75,25,50,4,14,101,77,4,12,11,86,81,72,91,64,28,141,0,94,14,
18:56:29,73,50,103,0,110,41,62,0,0,120,75,25,50,4,14,101,77,4,12,11,86,81,72,91,64,28,141,0,94,14,
18:56:30,73,50,103,0,110,41,62,0,0,120,75,25,50,4,14,101,77,4,12,11,86,81,72,91,64,28,141,0,94,14,
18:56:31,73,50,103,0,110,41,62,0,0,120,75,25,50,4,14,101,77,4,12,11,86,81,72,91,64,28,141,0,94,14,
18:56:32,73,50,103,0,110,41,62,0,0,120,75,25,50,4,14,101,77,4,12,11,86,81,72,91,64,28,141,0,94,14,
18:56:33,73,50,103,0,110,41,62,0,0,120,75,25,50,4,14,101,77,4,12,11,86,81,72,91,64,28,141,0,94,14,
18:56:34,73,50,103,0,110,41,62,0,0,120,75,25,50,4,14,101,77,4,12,11,86,81,72,91,64,28,141,0,94,14,
18:56:35,73,50,103,0,110,41,62,0,0,120,75,25,50,4,14,101,77,4,12,11,86,81,72,91,64,28,141,0,94,14,
18:56:36,73,50,103,0,110,41,62,0,0,120,75,25,50,4,14,101,77,4,12,11,86,81,72,91,64,28,141,0,94,14,
18:56:37,73,50,103,0,110,41,62,0,0,120,75,25,50,4,14,101,77,4,12,11,86,81,72,91,64,28,141,0,94,14,
18:56:38,73,50,103,0,110,41,62,0,0,120,75,25,50,4,14,101,77,4,12,11,86,81,72,91,64,28,141,0,94,14,
18:56:39,73,50,103,0,110,41,62,0,0,120,75,25,50,4,14,101,77,4,12,11,86,81,72,91,64,28,141,0,94,14,
18:56:40,73,50,103,0,110,41,62,0,0,120,75,25,50,4,14,101,77,4,12,11,86,81,72,91,64,28,141,0,94,14,
18:56:41,73,50,103,0,110,41,62,0,0,120,75,25,50,4,14,101,77,4,12,11,86,81,72,91,64,28,141,0,94,14,
18:56:42,73,50,103,0,110,41,62,0,0,120,75,25,50,4,14,101,77,4,12,11,86,81,72,91,64,28,141,0,94,14,
18:56:43,73,50,103,0,110,41,62,0,0,120,75,25,50,4,14,101,77,4,12,11,86,81,72,91,64,28,141,0,94,14,
18:56:44,73,50,103,0,110,41,62,0,0,120,75,25,50,4,14,101,77,4,12,11,86,81,72,91,64,28,141,0,94,14,
18:56:45,73,50,103,0,110,41,62,0,0,120,75,25,50,4,14,101,77,4,12,11,86,81,72,91,64,28,141,0,94,14,
18:56:46,73,50,103,0,110,41,62,0,0,120,75,25,50,4,14,101,77,4,12,11,86,81,72,91,64,28,141,0,94,14,
18:56:47,73,50,103,0,110,41,64,0,0,120,75,25,50,4,14,101,77,4,12,11,86,81,72,91,64,28,141,0,94,14,
18:56:48,73,50,103,0,110,41,64,0,0,120,75,25,50,4,14,101,77,4,12,11,86,81,72,91,64,28,141,0,94,14,
18:56:49,73,50,103,0,110,41,64,0,0,120,75,25,50,4,14,101,77,4,12,11,86,81,72,91,64,28,141,0,94,14,
18:56:50,73,50,103,0,110,41,64,0,0,120,75,25,50,4,14,101,77,4,12,11,86,81,72,91,64,28,141,0,94,14,
18:56:51,73,50,103,0,110,41,64,0,0,120,75,25,50,4,14,101,77,4,12,11,86,81,72,91,64,28,141,0,94,14,
18:56:52,73,52,103,0,110,41,66,0,0,120,75,25,50,4,14,103,77,4,12,11,86,82,72,93,64,31,144,0,94,14,
18:56:53,73,52,103,0,110,41,66,0,0,120,75,25,50,4,14,103,77,4,12,11,86,82,72,93,64,31,144,0,94,14,
18:56:54,73,52,103,0,110,41,66,0,0,120,75,25,50,4,14,103,77,4,12,11,86,82,72,93,64,31,144,0,94,14,
18:56:55,73,52,103,0,110,41,66,0,0,120,75,25,50,4,14,103,77,4,12,11,86,82,72,93,64,31,144,0,94,14,
18:56:56,73,52,103,0,110,41,66,0,0,120,75,25,50,4,14,103,77,4,12,11,86,82,72,93,64,31,144,0,94,14,
18:56:57,73,52,103,0,110,41,66,0,0,120,75,25,50,4,14,103,77,4,12,11,86,82,72,93,64,31,144,0,94,14,
18:56:58,73,52,103,0,110,41,66,0,0,120,75,25,50,4,14,103,77,4,12,11,86,82,72,93,64,31,144,0,94,14,
18:56:59,73,52,103,0,110,41,66,0,0,120,75,25,50,4,14,103,77,4,12,11,86,82,72,93,64,31,144,0,94,14,
18:57,73,52,103,0,110,41,66,0,0,120,75,25,50,4,14,103,77,4,12,11,86,82,72,93,64,31,144,0,94,14,
18:57:01,73,52,103,0,110,41,66,0,0,120,75,25,50,4,14,103,77,4,12,11,86,82,72,93,64,31,144,0,94,14,
18:57:02,73,52,103,0,110,41,66,0,0,120,75,25,50,4,14,103,77,4,12,11,86,82,72,93,64,31,144,0,94,14,
18:57:03,73,52,103,0,110,41,66,0,0,120,75,25,50,4,14,103,77,4,12,11,86,82,72,93,64,31,144,0,94,14,
18:57:04,73,52,103,0,110,41,66,0,0,120,75,25,50,4,14,103,77,4,12,11,86,82,72,93,64,31,144,0,94,14,
18:57:05,73,52,103,0,110,41,66,0,0,120,75,25,50,4,14,103,77,4,12,11,86,82,72,93,64,31,144,0,94,14,
18:57:06,73,52,103,0,110,41,66,0,0,120,75,25,50,4,14,103,77,4,12,11,86,82,72,93,64,31,144,0,94,14,
18:57:07,73,52,103,0,110,41,66,0,0,120,75,25,50,4,14,103,77,4,12,11,86,82,72,93,64,31,144,0,94,14,
18:57:08,73,52,103,0,110,41,66,0,0,120,75,25,50,4,14,103,77,4,12,11,86,82,72,93,64,31,144,0,94,14,
18:57:09,73,52,103,0,110,41,66,0,0,120,75,25,50,4,14,103,77,4,12,11,86,82,72,93,64,31,144,0,94,14,
18:57:10,73,52,103,0,110,41,66,0,0,120,75,25,50,4,14,103,77,4,12,11,86,82,72,93,64,31,144,0,94,14,
18:57:11,73,52,103,0,110,41,66,0,0,120,75,25,50,4,14,103,77,4,12,11,86,82,72,93,64,31,144,0,94,14,
18:57:12,73,52,103,0,110,41,66,0,0,120,75,25,50,4,14,103,77,4,12,11,86,82,72,93,64,31,144,0,94,14,
18:57:13,73,52,103,0,110,41,66,0,0,120,75,25,50,4,14,103,77,4,12,11,86,82,72,93,64,31,144,0,94,14,
18:57:14,73,52,103,0,110,41,66,0,0,120,75,25,50,4,14,103,77,4,12,11,86,82,72,93,64,31,144,0,94,14,
18:57:15,73,52,103,0,110,41,66,0,0,120,75,25,50,4,14,103,77,4,12,11,86,82,72,93,64,31,144,0,94,14,
18:57:16,73,52,103,0,110,41,66,0,0,120,75,25,50,4,14,103,77,4,12,11,86,82,72,93,64,31,144,0,94,14,
18:57:17,73,52,103,0,110,41,66,0,0,120,75,25,50,4,14,103,77,4,12,11,86,82,72,93,64,31,144,0,94,14,
18:57:18,73,52,103,0,110,41,66,0,0,120,75,25,50,4,14,103,77,4,12,11,86,82,72,93,64,31,144,0,94,14,
18:57:19,73,52,103,0,110,41,66,0,0,120,75,25,50,4,14,103,77,4,12,11,86,82,72,93,64,31,144,0,94,14,
18:57:20,75,52,103,0,110,41,66,0,0,120,75,25,50,4,14,103,78,4,12,11,88,82,72,93,65,31,147,0,94,14,
18:57:21,75,52,103,0,110,41,66,0,0,120,75,25,50,4,14,103,78,4,12,11,88,82,72,93,65,31,147,0,94,14,
18:57:22,75,52,103,0,110,41,66,0,0,120,75,25,50,4,14,103,78,4,12,11,88,82,72,93,65,31,147,0,94,14,
18:57:23,75,52,103,0,110,41,66,0,0,120,75,25,50,4,14,103,78,4,12,11,88,82,72,93,65,31,147,0,94,14,
18:57:24,75,52,103,0,110,41,66,0,0,120,75,25,50,4,14,103,78,4,12,11,88,82,72,93,65,31,147,0,94,14,
18:57:25,75,52,103,0,110,41,66,0,0,120,75,25,50,4,14,103,78,4,12,11,88,82,72,93,65,31,147,0,94,14,
18:57:26,75,52,103,0,110,41,66,0,0,120,75,25,50,4,14,103,78,4,12,11,88,82,72,93,65,31,147,0,94,14,
18:57:27,75,52,103,0,110,41,66,0,0,120,75,25,50,4,14,103,78,4,12,11,88,82,72,93,65,31,147,0,94,14,
18:57:28,75,52,103,0,110,41,66,0,0,120,75,25,50,4,14,103,78,4,12,11,88,82,72,93,65,31,147,0,94,14,
18:57:29,75,52,103,0,110,41,66,0,0,120,75,25,50,4,14,103,78,4,12,11,88,82,72,93,65,31,147,0,94,14,
18:57:30,75,52,103,0,110,41,66,0,0,120,75,25,50,4,14,103,78,4,12,11,88,82,72,93,65,31,147,0,94,14,
18:57:31,75,52,103,0,110,41,66,0,0,120,75,25,50,4,14,103,78,4,12,11,88,82,72,93,65,31,147,0,94,14,
18:57:32,75,52,103,0,110,41,66,0,0,120,75,25,50,4,14,103,78,4,12,11,88,82,72,93,65,31,147,0,94,14,
18:57:33,75,52,103,0,110,41,66,0,0,120,75,25,50,4,14,103,78,4,12,11,88,82,72,93,65,31,147,0,94,14,
18:57:34,75,52,103,0,110,41,66,0,0,120,75,25,50,4,14,103,78,4,12,11,88,82,72,93,65,31,147,0,94,14,
18:57:35,75,52,103,0,110,41,66,0,0,120,75,25,50,4,14,103,78,4,12,11,88,82,72,93,65,31,147,0,94,14,
18:57:36,75,52,103,0,110,41,66,0,0,120,75,25,50,4,14,103,78,4,12,11,88,82,72,93,65,31,147,0,94,14,
18:57:37,75,52,103,0,110,41,66,0,0,120,75,25,50,4,14,103,78,4,12,11,88,82,72,93,65,31,147,0,94,14,
18:57:38,75,52,103,0,110,41,66,0,0,120,75,25,50,4,14,103,78,4,12,11,88,82,72,93,65,31,147,0,94,14,
18:57:39,75,52,103,0,110,41,66,0,0,120,75,25,50,4,14,103,78,4,12,11,88,82,72,93,65,31,147,0,94,14,
18:57:40,75,52,103,0,110,41,66,0,0,120,75,25,50,4,14,103,78,4,12,11,88,82,72,93,65,31,147,0,94,14,
18:57:41,75,52,103,0,110,41,66,0,0,120,75,25,50,4,14,103,78,4,12,11,88,82,72,93,65,31,147,0,94,14,
18:57:42,75,52,103,0,110,41,66,0,0,120,75,25,50,4,14,103,78,4,12,11,88,82,72,93,65,31,147,0,94,14,
18:57:43,75,52,103,0,110,41,66,0,0,120,75,25,50,4,14,103,78,4,12,11,88,82,72,93,65,31,147,0,94,14,
18:57:44,75,52,103,0,110,41,66,0,0,120,75,25,50,4,14,103,78,4,12,11,88,82,72,93,65,31,147,0,94,14,
18:57:45,75,52,103,0,110,41,66,0,0,120,75,25,50,4,14,103,78,4,12,11,88,82,72,93,65,31,147,0,94,14,
18:57:46,75,52,103,0,110,41,66,0,0,120,75,25,50,4,14,103,78,4,12,11,88,82,72,93,65,31,147,0,94,14,
18:57:47,75,52,103,0,110,41,66,0,0,120,75,25,50,4,14,103,78,4,12,11,88,82,72,93,65,31,147,0,94,14,
18:57:48,77,52,103,0,114,41,66,0,0,120,77,25,50,4,14,103,78,4,12,11,90,82,72,95,67,31,147,0,98,14,
18:57:49,77,52,103,0,114,41,66,0,0,120,77,25,50,4,14,103,78,4,12,11,90,82,72,95,67,31,147,0,98,14,
18:57:50,77,52,103,0,114,41,66,0,0,120,77,25,50,4,14,103,78,4,12,11,90,82,72,95,67,31,147,0,98,14,
18:57:51,77,52,103,0,114,41,66,0,0,120,77,25,50,4,14,103,78,4,12,11,90,82,72,95,67,31,147,0,98,14,
18:57:52,77,52,103,0,114,41,66,0,0,120,77,25,50,4,14,103,78,4,12,11,90,82,72,95,67,31,147,0,98,14,
18:57:53,77,52,103,0,114,41,66,0,0,120,77,25,50,4,14,103,78,4,12,11,90,82,72,95,67,31,147,0,98,14,
18:57:54,77,52,103,0,114,41,66,0,0,120,77,25,50,4,14,103,78,4,12,11,90,82,72,95,67,31,147,0,98,14,
18:57:55,77,52,103,0,114,41,66,0,0,120,77,25,50,4,14,103,78,4,12,11,90,82,72,95,67,31,147,0,98,14,
18:57:56,77,52,103,0,114,41,66,0,0,120,77,25,50,4,14,103,78,4,12,11,90,82,72,95,67,31,147,0,98,14,
18:57:57,77,52,103,0,114,41,66,0,0,120,77,25,50,4,14,103,78,4,12,11,90,82,72,95,67,31,147,0,98,14,
18:57:58,77,52,103,0,114,41,66,0,0,120,77,25,50,4,14,103,78,4,12,11,90,82,72,95,67,31,147,0,98,14,
18:57:59,77,52,103,0,114,41,66,0,0,120,77,25,50,4,14,103,78,4,12,11,90,82,72,95,67,31,147,0,98,14,
18:58,77,52,103,0,114,41,66,0,0,120,77,25,50,4,14,103,78,4,12,11,90,82,72,95,67,31,147,0,98,14,
18:58:01,77,52,103,0,114,41,66,0,0,120,77,25,50,4,14,103,78,4,12,11,90,82,72,95,67,31,147,0,98,14,
18:58:02,77,52,103,0,114,41,66,0,0,120,77,25,50,4,14,103,78,4,12,11,90,82,72,95,67,31,147,0,98,14,
18:58:03,77,52,103,0,114,41,66,0,0,120,77,25,50,4,14,103,78,4,12,11,90,82,72,95,67,31,147,0,98,14,
18:58:04,77,52,103,0,114,41,66,0,0,120,77,25,50,4,14,103,78,4,12,11,90,82,72,95,67,31,147,0,98,14,
18:58:05,77,52,103,0,114,41,66,0,0,120,77,25,50,4,14,103,78,4,12,11,90,82,72,95,67,31,147,0,98,14,
18:58:06,77,52,103,0,114,41,66,0,0,120,77,25,50,4,14,103,78,4,12,11,90,82,72,95,67,31,147,0,98,14,
18:58:07,77,52,103,0,114,41,66,0,0,120,77,25,50,4,14,103,78,4,12,11,90,82,72,95,67,31,147,0,98,14,
18:58:08,77,52,103,0,114,41,66,0,0,120,77,25,50,4,14,103,78,4,12,11,90,82,72,95,67,31,147,0,98,14,
18:58:09,77,52,103,0,114,41,66,0,0,120,77,25,50,4,14,103,78,4,12,11,90,82,72,95,67,31,147,0,98,14,
18:58:10,77,52,103,0,114,41,66,0,0,120,77,25,50,4,14,103,78,4,12,11,90,82,72,95,67,31,147,0,98,14,
18:58:11,77,52,103,0,114,41,66,0,0,120,77,25,50,4,14,103,78,4,12,11,90,82,72,95,67,31,147,0,98,14,
18:58:12,77,52,103,0,114,41,66,0,0,120,77,25,50,4,14,103,78,4,12,11,90,82,72,95,67,31,147,0,98,14,
18:58:13,77,52,103,0,114,41,66,0,0,120,77,25,50,4,14,103,78,4,12,11,90,82,72,95,67,31,147,0,98,14,
18:58:14,77,52,103,0,114,41,66,0,0,120,77,25,50,4,14,103,78,4,12,11,90,82,72,95,67,31,147,0,98,14,
18:58:15,77,52,103,0,114,41,66,0,0,120,77,25,50,4,14,103,78,4,12,11,90,82,72,95,67,31,147,0,98,14,
18:58:16,77,52,103,0,114,41,66,0,0,120,77,25,50,4,14,103,78,4,12,11,90,82,72,95,67,31,147,0,98,14,
18:58:17,78,56,103,0,117,41,66,0,0,122,77,25,50,4,14,103,83,4,12,11,90,82,72,97,67,31,147,0,98,14,
18:58:18,78,56,103,0,117,41,66,0,0,122,77,25,50,4,14,103,83,4,12,11,90,82,72,97,67,31,147,0,98,14,
18:58:19,78,56,103,0,117,41,66,0,0,122,77,25,50,4,14,103,83,4,12,11,90,82,72,97,67,31,147,0,98,14,
18:58:20,78,56,103,0,117,41,66,0,0,122,77,25,50,4,14,103,83,4,12,11,90,82,72,97,67,31,147,0,98,14,
18:58:21,78,56,103,0,117,41,66,0,0,122,77,25,50,4,14,103,83,4,12,11,90,82,72,97,67,31,147,0,98,14,
18:58:22,78,56,103,0,117,41,66,0,0,122,77,25,50,4,14,103,83,4,12,11,90,82,72,97,67,31,147,0,98,14,
18:58:23,78,56,103,0,117,41,66,0,0,122,77,25,50,4,14,103,83,4,12,11,90,82,72,97,67,31,147,0,98,14,
18:58:24,78,56,103,0,117,41,66,0,0,122,77,25,50,4,14,103,83,4,12,11,90,82,72,97,67,31,147,0,98,14,
18:58:25,78,56,103,0,117,41,66,0,0,122,77,25,50,4,14,103,83,4,12,11,90,82,72,97,67,31,147,0,98,14,
18:58:26,78,56,103,0,117,41,66,0,0,122,77,25,50,4,14,103,83,4,12,11,90,82,72,97,67,31,147,0,98,14,
18:58:27,78,56,103,0,117,41,66,0,0,122,77,25,50,4,14,103,83,4,12,11,90,82,72,97,67,31,147,0,98,14,
18:58:28,78,56,103,0,117,41,66,0,0,122,77,25,50,4,14,103,83,4,12,11,90,82,72,97,67,31,147,0,98,14,
18:58:29,78,56,103,0,117,41,66,0,0,122,77,25,50,4,14,103,83,4,12,11,90,82,72,97,67,31,147,0,98,14,
18:58:30,78,56,103,0,117,41,66,0,0,122,77,25,50,4,14,103,83,4,12,11,90,82,72,97,67,31,147,0,98,14,
18:58:31,78,56,103,0,117,41,66,0,0,122,77,25,50,4,14,103,83,4,12,11,90,82,72,97,67,31,147,0,98,14,
18:58:32,78,56,103,0,117,41,66,0,0,122,77,25,50,4,14,103,83,4,12,11,90,82,72,97,67,31,147,0,98,14,
18:58:33,78,56,103,0,117,41,66,0,0,122,77,25,50,4,14,103,83,4,12,11,90,82,72,97,67,31,147,0,98,14,
18:58:34,78,56,103,0,117,41,66,0,0,122,77,25,50,4,14,103,83,4,12,11,90,82,72,97,67,31,147,0,98,14,
18:58:35,78,56,103,0,117,41,66,0,0,122,77,25,50,4,14,103,83,4,12,11,90,82,72,97,67,31,147,0,98,14,
18:58:36,78,56,103,0,117,41,66,0,0,122,77,25,50,4,14,103,83,4,12,11,90,82,72,97,67,31,147,0,98,14,
18:58:37,78,56,103,0,117,41,66,0,0,122,77,25,50,4,14,103,83,4,12,11,90,82,72,97,67,31,147,0,98,14,
18:58:38,78,56,103,0,117,41,66,0,0,122,77,25,50,4,14,103,83,4,12,11,90,82,72,97,67,31,147,0,98,14,
18:58:39,78,56,103,0,117,41,66,0,0,122,77,25,50,4,14,103,83,4,12,11,90,82,72,97,67,31,147,0,98,14,
18:58:40,78,56,103,0,117,41,66,0,0,122,77,25,50,4,14,103,83,4,12,11,90,82,72,97,67,31,147,0,98,14,
18:58:41,78,56,103,0,117,41,66,0,0,122,77,25,50,4,14,103,83,4,12,11,90,82,72,97,67,31,147,0,98,14,
18:58:42,78,56,103,0,117,41,66,0,0,122,77,25,50,4,14,103,83,4,12,11,90,82,72,97,67,31,147,0,98,14,
18:58:43,78,56,103,0,117,41,66,0,0,122,77,25,50,4,14,103,83,4,12,11,90,82,72,97,67,31,147,0,98,14,
18:58:44,78,56,103,0,117,41,66,0,0,122,77,25,50,4,14,103,83,4,12,11,90,82,72,97,67,31,147,0,98,14,
18:58:45,78,56,103,0,117,41,66,0,0,122,77,25,50,4,14,103,83,4,12,11,90,82,72,97,67,31,147,0,98,14,
18:58:46,78,56,103,0,117,41,66,0,0,122,77,25,50,4,14,103,83,4,12,11,90,82,72,97,67,31,147,0,98,14,
18:58:47,78,56,103,0,117,41,66,0,0,122,77,25,50,4,14,103,83,4,12,11,90,82,72,97,67,31,147,0,98,14,
18:58:48,78,56,103,0,117,41,66,0,0,122,77,25,50,4,14,103,83,4,12,11,90,82,72,97,67,31,147,0,98,14,
18:58:49,78,56,103,0,117,41,66,0,0,122,77,25,50,4,14,103,83,4,12,11,90,82,72,97,67,31,147,0,98,14,
18:58:50,78,56,103,0,117,41,66,0,0,122,77,25,50,4,14,103,83,4,12,11,90,82,72,97,67,31,147,0,98,14,
18:58:51,78,56,103,0,117,41,66,0,0,122,77,25,50,4,14,103,83,4,12,11,90,82,72,97,67,31,147,0,98,14,
18:58:52,78,56,103,0,117,41,66,0,0,122,77,25,50,4,14,103,83,4,12,11,90,82,72,97,67,31,147,0,98,14,
18:58:53,78,56,103,0,117,41,66,0,0,122,77,25,50,4,14,103,83,4,12,11,90,82,72,97,67,31,147,0,98,14,
18:58:54,78,56,103,0,117,41,66,0,0,122,77,25,50,4,14,103,83,4,12,11,90,82,72,97,67,31,147,0,98,14,
18:58:55,78,56,103,0,117,41,66,0,0,122,77,25,50,4,14,103,83,4,12,11,90,82,72,97,67,31,147,0,98,14,
18:58:56,78,56,103,0,117,41,66,0,0,122,77,25,50,4,14,103,83,4,12,11,90,82,72,97,67,31,147,0,98,14,
18:58:57,78,56,103,0,117,41,66,0,0,122,77,25,50,4,14,103,83,4,12,11,90,82,72,97,67,31,147,0,98,14,
18:58:58,78,56,103,0,117,41,66,0,0,122,77,25,50,4,14,103,83,4,12,11,90,82,72,97,67,31,147,0,98,14,
18:58:59,78,56,103,0,121,41,66,0,0,126,77,25,50,9,14,105,83,4,12,11,90,86,74,97,67,31,151,0,99,14,
18:59,78,56,103,0,121,41,66,0,0,126,77,25,50,9,14,105,83,4,12,11,90,86,74,97,67,31,151,0,99,14,
18:59:01,78,56,103,0,121,41,66,0,0,126,77,25,50,9,14,105,83,4,12,11,90,86,74,97,67,31,151,0,99,14,
18:59:02,78,56,103,0,121,41,66,0,0,126,77,25,50,9,14,105,83,4,12,11,90,86,74,97,67,31,151,0,99,14,
18:59:03,78,56,103,0,121,41,66,0,0,126,77,25,50,9,14,105,83,4,12,11,90,86,74,97,67,31,151,0,99,14,
18:59:04,78,56,103,0,121,41,66,0,0,126,77,25,50,9,14,105,83,4,12,11,90,86,74,97,67,31,151,0,99,14,
18:59:05,78,56,103,0,121,41,66,0,0,126,77,25,50,9,14,105,83,4,12,11,90,86,74,97,67,31,151,0,99,14,
18:59:06,78,56,103,0,121,41,66,0,0,126,77,25,50,9,14,105,83,4,12,11,90,86,74,97,67,31,151,0,99,14,
18:59:07,78,56,103,0,121,41,66,0,0,126,77,25,50,9,14,105,83,4,12,11,90,86,74,97,67,31,151,0,99,14,
18:59:08,78,56,103,0,121,41,66,0,0,126,77,25,50,9,14,105,83,4,12,11,90,86,74,97,67,31,151,0,99,14,
18:59:09,78,56,103,0,121,41,66,0,0,126,77,25,50,9,14,105,83,4,12,11,90,86,74,97,67,31,151,0,99,14,
18:59:10,78,56,103,0,121,41,66,0,0,126,77,25,50,9,14,105,83,4,12,11,90,86,74,97,67,31,151,0,99,14,
18:59:11,78,56,103,0,121,41,66,0,0,126,77,25,50,9,14,105,83,4,12,11,90,86,74,97,67,31,151,0,99,14,
18:59:12,78,56,103,0,121,41,66,0,0,126,77,25,50,9,14,105,83,4,12,11,90,86,74,97,67,31,151,0,99,14,
18:59:13,78,56,103,0,121,41,66,0,0,126,77,25,50,9,14,105,83,4,12,11,90,86,74,97,67,31,151,0,99,14,
18:59:14,78,56,103,0,121,41,66,0,0,126,77,25,50,9,14,105,83,4,12,11,90,86,74,97,67,31,151,0,99,14,
18:59:15,78,56,103,0,121,41,66,0,0,126,77,25,50,9,14,105,83,4,12,11,90,86,74,97,67,31,151,0,99,14,
18:59:16,78,56,103,0,121,41,66,0,0,126,77,25,50,9,14,105,83,4,12,11,90,86,74,97,67,31,151,0,99,14,
18:59:17,78,56,103,0,121,41,66,0,0,126,77,25,50,9,14,105,83,4,12,11,90,86,74,97,67,31,151,0,99,14,
18:59:18,78,56,103,0,121,41,66,0,0,126,77,25,50,9,14,105,83,4,12,11,90,86,74,97,67,31,151,0,99,14,
18:59:19,78,56,103,0,121,41,66,0,0,126,77,25,50,9,14,105,83,4,12,11,90,86,74,97,67,31,151,0,99,14,
18:59:20,78,56,103,0,121,41,66,0,0,126,77,25,50,9,14,105,83,4,12,11,90,86,74,97,67,31,151,0,99,14,
18:59:21,78,56,103,0,121,41,66,0,0,126,77,25,50,9,14,105,83,4,12,11,90,86,74,97,67,31,151,0,99,14,
18:59:22,78,56,103,0,121,41,66,0,0,126,77,25,50,9,14,105,83,4,12,11,90,86,74,97,67,31,151,0,99,14,
18:59:23,78,56,103,0,121,41,66,0,0,126,77,25,50,9,14,105,83,4,12,11,90,86,74,97,67,31,151,0,99,14,
18:59:24,78,56,103,0,121,41,66,0,0,126,77,25,50,9,14,105,83,4,12,11,90,86,74,97,67,31,151,0,99,14,
18:59:25,78,56,103,0,121,41,66,0,0,126,77,25,50,9,14,105,83,4,12,11,90,86,74,97,67,31,151,0,99,14,
18:59:26,78,56,103,0,121,41,66,0,0,126,77,25,50,9,14,105,83,4,12,11,90,86,74,97,67,31,151,0,99,14,
18:59:27,78,56,103,0,121,41,66,0,0,126,77,25,50,9,14,105,83,4,12,11,90,86,74,97,67,31,151,0,99,14,
18:59:28,78,56,107,0,121,41,66,0,0,126,79,25,50,9,14,105,83,4,12,11,90,86,74,97,67,31,151,0,99,14,
18:59:29,78,56,107,0,121,41,66,0,0,126,79,25,50,9,14,105,83,4,12,11,90,86,74,97,67,31,151,0,99,14,
18:59:30,78,56,107,0,121,41,66,0,0,126,79,25,50,9,14,105,83,4,12,11,90,86,74,97,67,31,151,0,99,14,
18:59:31,78,56,107,0,121,41,66,0,0,126,79,25,50,9,14,105,83,4,12,11,90,86,74,97,67,31,151,0,99,14,
18:59:32,78,56,107,0,121,41,66,0,0,126,79,25,50,9,14,105,83,4,12,11,90,86,74,97,67,31,151,0,99,14,
18:59:33,78,56,107,0,121,41,66,0,0,126,79,25,50,9,14,105,83,4,12,11,90,86,74,97,67,31,151,0,99,14,
18:59:34,78,56,107,0,121,41,66,0,0,126,79,25,50,9,14,105,83,4,12,11,90,86,74,97,67,31,151,0,99,14,
18:59:35,78,56,107,0,121,41,66,0,0,126,79,25,50,9,14,105,83,4,12,11,90,86,74,97,67,31,151,0,99,14,
18:59:36,78,56,107,0,121,41,66,0,0,126,79,25,50,9,14,105,83,4,12,11,90,86,74,97,67,31,151,0,99,14,
18:59:37,78,56,107,0,121,41,66,0,0,126,79,25,50,9,14,105,83,4,12,11,90,86,74,97,67,31,151,0,99,14,
18:59:38,78,56,107,0,121,41,66,0,0,126,79,25,50,9,14,105,83,4,12,11,90,86,74,97,67,31,151,0,99,14,
18:59:39,78,56,107,0,121,41,66,0,0,126,79,25,50,9,14,105,83,4,12,11,90,86,74,97,67,31,151,0,99,14,
18:59:40,78,56,107,0,121,41,66,0,0,126,79,25,50,9,14,105,83,4,12,11,90,86,74,97,67,31,151,0,99,14,
18:59:41,78,56,107,0,121,41,66,0,0,126,79,25,50,9,14,105,83,4,12,11,90,86,74,97,67,31,151,0,99,14,
18:59:42,78,56,107,0,121,41,66,0,0,126,79,25,50,9,14,105,83,4,12,11,90,86,74,97,67,31,151,0,99,14,
18:59:43,78,56,107,0,121,41,66,0,0,126,79,25,50,9,14,105,83,4,12,11,90,86,74,97,67,31,151,0,99,14,
18:59:44,78,56,107,0,121,41,66,0,0,126,79,25,50,9,14,105,83,4,12,11,90,86,74,97,67,31,151,0,99,14,
18:59:45,78,56,107,0,121,41,66,0,0,126,79,25,50,9,14,105,83,4,12,11,90,86,74,97,67,31,151,0,99,14,
18:59:46,78,56,107,0,121,41,66,0,0,126,79,25,50,9,14,105,83,4,12,11,90,86,74,97,67,31,151,0,99,14,
18:59:47,78,56,107,0,121,41,66,0,0,126,79,25,50,9,14,105,83,4,12,11,90,86,74,97,67,31,151,0,99,14,
18:59:48,78,56,107,0,121,41,66,0,0,126,79,25,50,9,14,105,83,4,12,11,90,86,74,97,67,31,151,0,99,14,
18:59:49,78,56,107,0,121,41,66,0,0,126,79,25,50,9,14,105,83,4,12,11,90,86,74,97,67,31,151,0,99,14,
18:59:50,78,56,107,0,121,41,66,0,0,126,79,25,50,9,14,105,83,4,12,11,90,86,74,97,67,31,151,0,99,14,
18:59:51,78,56,107,0,121,41,66,0,0,126,79,25,50,9,14,105,83,4,12,11,90,86,74,97,67,31,151,0,99,14,
18:59:52,78,56,107,0,121,41,66,0,0,126,79,25,50,9,14,105,83,4,12,11,90,86,74,97,67,31,151,0,99,14,
18:59:53,78,56,107,0,121,41,66,0,0,126,79,25,50,9,14,105,83,4,12,11,90,86,74,97,67,31,151,0,99,14,
18:59:54,78,56,107,0,121,41,66,0,0,126,79,25,50,9,14,105,83,4,12,11,90,86,74,97,67,31,151,0,99,14,
18:59:55,78,56,110,0,121,41,70,0,0,126,79,25,50,9,14,105,83,4,12,11,94,89,74,100,67,31,155,0,105,15,
18:59:56,78,56,110,0,121,41,70,0,0,126,79,25,50,9,14,105,83,4,12,11,94,89,74,100,67,31,155,0,105,15,
18:59:57,78,56,110,0,121,41,70,0,0,126,79,25,50,9,14,105,83,4,12,11,94,89,74,100,67,31,155,0,105,15,
18:59:58,78,56,110,0,121,41,70,0,0,126,79,25,50,9,14,105,83,4,12,11,94,89,74,100,67,31,155,0,105,15,
18:59:59,78,56,110,0,121,41,70,0,0,126,79,25,50,9,14,105,83,4,12,11,94,89,74,100,67,31,155,0,105,15,
19:00,78,56,110,0,121,41,70,0,0,126,79,25,50,9,14,105,83,4,12,11,94,89,74,100,67,31,155,0,105,15,
19:00:01,78,56,110,0,121,41,70,0,0,126,79,25,50,9,14,105,83,4,12,11,94,89,74,100,67,31,155,0,105,15,
19:00:02,78,56,110,0,121,41,70,0,0,126,79,25,50,9,14,105,83,4,12,11,94,89,74,100,67,31,155,0,105,15,
19:00:03,78,56,110,0,121,41,70,0,0,126,79,25,50,9,14,105,83,4,12,11,94,89,74,100,67,31,155,0,105,15,
19:00:04,78,56,110,0,121,41,70,0,0,126,79,25,50,9,14,105,83,4,12,11,94,89,74,100,67,31,155,0,105,15,
19:00:05,78,56,110,0,121,41,70,0,0,126,79,25,50,9,14,105,83,4,12,11,94,89,74,100,67,31,155,0,105,15,
19:00:06,78,56,110,0,121,41,70,0,0,126,79,25,50,9,14,105,83,4,12,11,94,89,74,100,67,31,155,0,105,15,
19:00:07,78,56,110,0,121,41,70,0,0,126,79,25,50,9,14,105,83,4,12,11,94,89,74,100,67,31,155,0,105,15,
19:00:08,78,56,110,0,121,41,70,0,0,126,79,25,50,9,14,105,83,4,12,11,94,89,74,100,67,31,155,0,105,15,
19:00:09,78,56,110,0,121,41,70,0,0,126,79,25,50,9,14,105,83,4,12,11,94,89,74,100,67,31,155,0,105,15,
19:00:10,78,56,110,0,121,41,70,0,0,126,79,25,50,9,14,105,83,4,12,11,94,89,74,100,67,31,155,0,105,15,
19:00:11,78,56,110,0,121,41,70,0,0,126,79,25,50,9,14,105,83,4,12,11,94,89,74,100,67,31,155,0,105,15,
19:00:12,78,56,110,0,121,41,70,0,0,126,79,25,50,9,14,105,83,4,12,11,94,89,74,100,67,31,155,0,105,15,
19:00:13,78,56,110,0,121,41,70,0,0,126,79,25,50,9,14,105,83,4,12,11,94,89,74,100,67,31,155,0,105,15,
19:00:14,78,56,110,0,121,41,70,0,0,126,79,25,50,9,14,105,83,4,12,11,94,89,74,100,67,31,155,0,105,15,
19:00:15,78,56,110,0,121,41,70,0,0,126,79,25,50,9,14,105,83,4,12,11,94,89,74,100,67,31,155,0,105,15,
19:00:16,78,56,110,0,121,41,70,0,0,126,79,25,50,9,14,105,83,4,12,11,94,89,74,100,67,31,155,0,105,15,
19:00:17,78,56,110,0,121,41,70,0,0,126,79,25,50,9,14,105,83,4,12,11,94,89,74,100,67,31,155,0,105,15,
19:00:18,78,56,110,0,121,41,70,0,0,126,79,25,50,9,14,105,83,4,12,11,94,89,74,100,67,31,155,0,105,15,
19:00:19,78,56,110,0,121,41,70,0,0,126,79,25,50,9,14,105,83,4,12,11,94,89,74,100,67,31,155,0,105,15,
19:00:20,78,56,110,0,121,41,70,0,0,126,79,25,50,9,14,105,83,4,12,11,94,89,74,100,67,31,155,0,105,15,
19:00:21,78,56,110,0,121,41,70,0,0,126,79,25,50,9,14,105,83,4,12,11,94,89,74,100,67,31,155,0,105,15,
19:00:22,78,56,110,0,121,41,70,0,0,126,79,25,50,9,14,105,83,4,12,11,94,89,74,100,67,31,155,0,105,15,
19:00:23,78,56,110,0,121,41,70,0,0,126,79,25,50,9,14,105,83,4,12,11,94,89,74,100,67,31,155,0,105,15,
19:00:24,78,56,110,0,121,41,70,0,0,126,79,25,50,9,14,105,83,4,12,11,94,89,74,100,67,31,155,0,105,15,
19:00:25,78,56,110,0,121,41,70,0,0,126,79,25,50,9,14,105,83,4,12,11,94,89,74,100,67,31,155,0,105,15,
19:00:26,78,56,110,0,121,41,70,0,0,126,79,25,50,9,14,105,83,4,12,11,94,89,74,100,67,31,155,0,105,15,
19:00:27,80,56,110,0,124,41,72,0,0,126,82,25,52,9,14,105,83,4,12,11,94,89,74,100,67,31,155,0,105,15,
19:00:28,80,56,110,0,124,41,72,0,0,126,82,25,52,9,14,105,83,4,12,11,94,89,74,100,67,31,155,0,105,15,
19:00:29,80,56,110,0,124,41,72,0,0,126,82,25,52,9,14,105,83,4,12,11,94,89,74,100,67,31,155,0,105,15,
19:00:30,80,56,110,0,124,41,72,0,0,126,82,25,52,9,14,105,83,4,12,11,94,89,74,100,67,31,155,0,105,15,
19:00:31,80,56,110,0,124,41,72,0,0,126,82,25,52,9,14,105,83,4,12,11,94,89,74,100,67,31,155,0,105,15,
19:00:32,80,56,110,0,124,41,72,0,0,126,82,25,52,9,14,105,83,4,12,11,94,89,74,100,67,31,155,0,105,15,
19:00:33,80,56,110,0,124,41,72,0,0,126,82,25,52,9,14,105,83,4,12,11,94,89,74,100,67,31,155,0,105,15,
19:00:34,80,56,110,0,124,41,72,0,0,126,82,25,52,9,14,105,83,4,12,11,94,89,74,100,67,31,155,0,105,15,
19:00:35,80,56,110,0,124,41,72,0,0,126,82,25,52,9,14,105,83,4,12,11,94,89,74,100,67,31,155,0,105,15,
19:00:36,80,56,110,0,124,41,72,0,0,126,82,25,52,9,14,105,83,4,12,11,94,89,74,100,67,31,155,0,105,15,
19:00:37,80,56,110,0,124,41,72,0,0,126,82,25,52,9,14,105,83,4,12,11,94,89,74,100,67,31,155,0,105,15,
19:00:38,80,56,110,0,124,41,72,0,0,126,82,25,52,9,14,105,83,4,12,11,94,89,74,100,67,31,155,0,105,15,
19:00:39,80,56,110,0,124,41,72,0,0,126,82,25,52,9,14,105,83,4,12,11,94,89,74,100,67,31,155,0,105,15,
19:00:40,80,56,110,0,124,41,72,0,0,126,82,25,52,9,14,105,83,4,12,11,94,89,74,100,67,31,155,0,105,15,
19:00:41,80,56,110,0,124,41,72,0,0,126,82,25,52,9,14,105,83,4,12,11,94,89,74,100,67,31,155,0,105,15,
19:00:42,80,56,110,0,124,41,72,0,0,126,82,25,52,9,14,105,83,4,12,11,94,89,74,100,67,31,155,0,105,15,
19:00:43,80,56,110,0,124,41,72,0,0,126,82,25,52,9,14,105,83,4,12,11,94,89,74,100,67,31,155,0,105,15,
19:00:44,80,56,110,0,124,41,72,0,0,126,82,25,52,9,14,105,83,4,12,11,94,89,74,100,67,31,155,0,105,15,
19:00:45,80,56,110,0,124,41,72,0,0,126,82,25,52,9,14,105,83,4,12,11,94,89,74,100,67,31,155,0,105,15,
19:00:46,80,56,110,0,124,41,72,0,0,126,82,25,52,9,14,105,83,4,12,11,94,89,74,100,67,31,155,0,105,15,
19:00:47,80,56,110,0,124,41,72,0,0,126,82,25,52,9,14,105,83,4,12,11,94,89,74,100,67,31,155,0,105,15,
19:00:48,80,56,110,0,124,41,72,0,0,126,82,25,52,9,14,105,83,4,12,11,94,89,74,100,67,31,155,0,105,15,
19:00:49,80,56,110,0,124,41,72,0,0,126,82,25,52,9,14,105,83,4,12,11,94,89,74,100,67,31,155,0,105,15,
19:00:50,80,56,110,0,124,41,72,0,0,126,82,25,52,9,14,105,83,4,12,11,94,89,74,100,67,31,155,0,105,15,
19:00:51,80,56,110,0,124,41,72,0,0,126,82,25,52,9,14,105,83,4,12,11,94,89,74,100,67,31,155,0,105,15,
19:00:52,80,56,110,0,124,41,72,0,0,126,82,25,52,9,14,105,83,4,12,11,94,89,74,100,67,31,155,0,105,15,
19:00:53,80,56,110,0,124,41,72,0,0,126,82,25,52,9,14,105,83,4,12,11,94,89,74,100,67,31,155,0,105,15,
19:00:54,80,56,110,0,126,41,72,0,0,126,82,25,52,9,14,105,83,4,12,11,94,89,74,103,67,31,157,0,105,15,
19:00:55,80,56,110,0,126,41,72,0,0,126,82,25,52,9,14,105,83,4,12,11,94,89,74,103,67,31,157,0,105,15,
19:00:56,80,56,110,0,126,41,72,0,0,126,82,25,52,9,14,105,83,4,12,11,94,89,74,103,67,31,157,0,105,15,
19:00:57,80,56,110,0,126,41,72,0,0,126,82,25,52,9,14,105,83,4,12,11,94,89,74,103,67,31,157,0,105,15,
19:00:58,80,56,110,0,126,41,72,0,0,126,82,25,52,9,14,105,83,4,12,11,94,89,74,103,67,31,157,0,105,15,
19:00:59,80,56,110,0,126,41,72,0,0,126,82,25,52,9,14,105,83,4,12,11,94,89,74,103,67,31,157,0,105,15,
19:01,80,56,110,0,126,41,72,0,0,126,82,25,52,9,14,105,83,4,12,11,94,89,74,103,67,31,157,0,105,15,
19:01:01,80,56,110,0,126,41,72,0,0,126,82,25,52,9,14,105,83,4,12,11,94,89,74,103,67,31,157,0,105,15,
19:01:02,80,56,110,0,126,41,72,0,0,126,82,25,52,9,14,105,83,4,12,11,94,89,74,103,67,31,157,0,105,15,
19:01:03,80,56,110,0,126,41,72,0,0,126,82,25,52,9,14,105,83,4,12,11,94,89,74,103,67,31,157,0,105,15,
19:01:04,80,56,110,0,126,41,72,0,0,126,82,25,52,9,14,105,83,4,12,11,94,89,74,103,67,31,157,0,105,15,
19:01:05,80,56,110,0,126,41,72,0,0,126,82,25,52,9,14,105,83,4,12,11,94,89,74,103,67,31,157,0,105,15,
19:01:06,80,56,110,0,126,41,72,0,0,126,82,25,52,9,14,105,83,4,12,11,94,89,74,103,67,31,157,0,105,15,
19:01:07,80,56,110,0,126,41,72,0,0,126,82,25,52,9,14,105,83,4,12,11,94,89,74,103,67,31,157,0,105,15,
19:01:08,80,56,110,0,126,41,72,0,0,126,82,25,52,9,14,105,83,4,12,11,94,89,74,103,67,31,157,0,105,15,
19:01:09,80,56,110,0,126,41,72,0,0,126,82,25,52,9,14,105,83,4,12,11,94,89,74,103,67,31,157,0,105,15,
19:01:10,80,56,110,0,126,41,72,0,0,126,82,25,52,9,14,105,83,4,12,11,94,89,74,103,67,31,157,0,105,15,
19:01:11,80,56,110,0,126,41,72,0,0,126,82,25,52,9,14,105,83,4,12,11,94,89,74,103,67,31,157,0,105,15,
19:01:12,80,56,110,0,126,41,72,0,0,126,82,25,52,9,14,105,83,4,12,11,94,89,74,103,67,31,157,0,105,15,
19:01:13,80,56,110,0,126,41,72,0,0,126,82,25,52,9,14,105,83,4,12,11,94,89,74,103,67,31,157,0,105,15,
19:01:14,80,56,110,0,126,41,72,0,0,126,82,25,52,9,14,105,83,4,12,11,94,89,74,103,67,31,157,0,105,15,
19:01:15,80,56,110,0,126,41,72,0,0,126,82,25,52,9,14,105,83,4,12,11,94,89,74,103,67,31,157,0,105,15,
19:01:16,80,56,110,0,126,41,72,0,0,126,82,25,52,9,14,105,83,4,12,11,94,89,74,103,67,31,157,0,105,15,
19:01:17,80,56,110,0,126,41,72,0,0,126,82,25,52,9,14,105,83,4,12,11,94,89,74,103,67,31,157,0,105,15,
19:01:18,80,56,110,0,126,41,72,0,0,126,82,25,52,9,14,105,83,4,12,11,94,89,74,103,67,31,157,0,105,15,
19:01:19,80,56,110,0,126,41,72,0,0,126,82,25,52,9,14,105,83,4,12,11,94,89,74,103,67,31,157,0,105,15,
19:01:20,80,56,110,0,126,41,72,0,0,126,82,25,52,9,14,105,83,4,12,11,94,89,74,103,67,31,157,0,105,15,
19:01:21,80,56,110,0,126,41,72,0,0,126,82,25,52,9,14,105,83,4,12,11,94,89,74,103,67,31,157,0,105,15,
19:01:22,80,56,110,0,126,41,72,0,0,126,82,25,52,9,14,105,83,4,12,11,94,89,74,103,67,31,157,0,105,15,
19:01:23,82,56,110,0,129,42,74,0,0,128,82,29,55,9,14,108,87,4,14,11,94,90,74,103,69,31,159,0,105,15,
19:01:24,82,56,110,0,129,42,74,0,0,128,82,29,55,9,14,108,87,4,14,11,94,90,74,103,69,31,159,0,105,15,
19:01:25,82,56,110,0,129,42,74,0,0,128,82,29,55,9,14,108,87,4,14,11,94,90,74,103,69,31,159,0,105,15,
19:01:26,82,56,110,0,129,42,74,0,0,128,82,29,55,9,14,108,87,4,14,11,94,90,74,103,69,31,159,0,105,15,
19:01:27,82,56,110,0,129,42,74,0,0,128,82,29,55,9,14,108,87,4,14,11,94,90,74,103,69,31,159,0,105,15,
19:01:28,82,56,110,0,129,42,74,0,0,128,82,29,55,9,14,108,87,4,14,11,94,90,74,103,69,31,159,0,105,15,
19:01:29,82,56,110,0,129,42,74,0,0,128,82,29,55,9,14,108,87,4,14,11,94,90,74,103,69,31,159,0,105,15,
19:01:30,82,56,110,0,129,42,74,0,0,128,82,29,55,9,14,108,87,4,14,11,94,90,74,103,69,31,159,0,105,15,
19:01:31,82,56,110,0,129,42,74,0,0,128,82,29,55,9,14,108,87,4,14,11,94,90,74,103,69,31,159,0,105,15,
19:01:32,82,56,110,0,129,42,74,0,0,128,82,29,55,9,14,108,87,4,14,11,94,90,74,103,69,31,159,0,105,15,
19:01:33,82,56,110,0,129,42,74,0,0,128,82,29,55,9,14,108,87,4,14,11,94,90,74,103,69,31,159,0,105,15,
19:01:34,82,56,110,0,129,42,74,0,0,128,82,29,55,9,14,108,87,4,14,11,94,90,74,103,69,31,159,0,105,15,
19:01:35,82,56,110,0,129,42,74,0,0,128,82,29,55,9,14,108,87,4,14,11,94,90,74,103,69,31,159,0,105,15,
19:01:36,82,56,110,0,129,42,74,0,0,128,82,29,55,9,14,108,87,4,14,11,94,90,74,103,69,31,159,0,105,15,
19:01:37,82,56,110,0,129,42,74,0,0,128,82,29,55,9,14,108,87,4,14,11,94,90,74,103,69,31,159,0,105,15,
19:01:38,82,56,110,0,129,42,74,0,0,128,82,29,55,9,14,108,87,4,14,11,94,90,74,103,69,31,159,0,105,15,
19:01:39,82,56,110,0,129,42,74,0,0,128,82,29,55,9,14,108,87,4,14,11,94,90,74,103,69,31,159,0,105,15,
19:01:40,82,56,110,0,129,42,74,0,0,128,82,29,55,9,14,108,87,4,14,11,94,90,74,103,69,31,159,0,105,15,
19:01:41,82,56,110,0,129,42,74,0,0,128,82,29,55,9,14,108,87,4,14,11,94,90,74,103,69,31,159,0,105,15,
19:01:42,82,56,110,0,129,42,74,0,0,128,82,29,55,9,14,108,87,4,14,11,94,90,74,103,69,31,159,0,105,15,
19:01:43,82,56,110,0,129,42,74,0,0,128,82,29,55,9,14,108,87,4,14,11,94,90,74,103,69,31,159,0,105,15,
19:01:44,82,56,110,0,129,42,74,0,0,128,82,29,55,9,14,108,87,4,14,11,94,90,74,103,69,31,159,0,105,15,
19:01:45,82,56,110,0,129,42,74,0,0,128,82,29,55,9,14,108,87,4,14,11,94,90,74,103,69,31,159,0,105,15,
19:01:46,82,56,110,0,129,42,74,0,0,128,82,29,55,9,14,108,87,4,14,11,94,90,74,103,69,31,159,0,105,15,
19:01:47,82,56,110,0,129,42,74,0,0,128,82,29,55,9,14,108,87,4,14,11,94,90,74,103,69,31,159,0,105,15,
19:01:48,82,56,110,0,129,42,74,0,0,128,82,29,55,9,14,108,87,4,14,11,94,90,74,103,69,31,159,0,105,15,
19:01:49,82,56,110,0,129,42,74,0,0,128,82,29,55,9,14,108,87,4,14,11,94,90,74,103,69,31,159,0,105,15,
19:01:50,82,56,110,0,129,42,74,0,0,128,82,29,55,9,14,108,87,4,14,11,94,90,74,103,69,31,159,0,105,15,
19:01:51,82,56,110,0,129,42,74,0,0,128,82,29,55,9,14,108,87,4,14,11,94,90,74,103,69,31,159,0,105,15,
19:01:52,82,56,110,0,129,42,74,0,0,128,82,29,55,9,14,108,87,4,14,11,94,90,74,103,69,31,159,0,105,15,
19:01:53,82,56,110,0,129,42,74,0,0,128,82,29,55,9,14,108,87,4,14,11,94,90,74,103,69,31,159,0,105,15,
19:01:54,82,56,110,0,129,42,74,0,0,128,82,29,55,9,14,108,87,4,14,11,94,90,74,103,69,31,159,0,105,15,
19:01:55,82,56,110,0,129,42,74,0,0,128,82,29,55,9,14,108,87,4,14,11,94,90,74,103,69,31,159,0,105,15,
19:01:56,82,56,110,0,129,42,74,0,0,128,82,29,55,13,14,109,90,4,14,11,94,90,74,103,69,31,159,0,105,15,
19:01:57,82,56,110,0,129,42,74,0,0,128,82,29,55,13,14,109,90,4,14,11,94,90,74,103,69,31,159,0,105,15,
19:01:58,82,56,110,0,129,42,74,0,0,128,82,29,55,13,14,109,90,4,14,11,94,90,74,103,69,31,159,0,105,15,
19:01:59,82,56,110,0,129,42,74,0,0,128,82,29,55,13,14,109,90,4,14,11,94,90,74,103,69,31,159,0,105,15,
19:02,82,56,110,0,129,42,74,0,0,128,82,29,55,13,14,109,90,4,14,11,94,90,74,103,69,31,159,0,105,15,
19:02:01,82,56,110,0,129,42,74,0,0,128,82,29,55,13,14,109,90,4,14,11,94,90,74,103,69,31,159,0,105,15,
19:02:02,82,56,110,0,129,42,74,0,0,128,82,29,55,13,14,109,90,4,14,11,94,90,74,103,69,31,159,0,105,15,
19:02:03,82,56,110,0,129,42,74,0,0,128,82,29,55,13,14,109,90,4,14,11,94,90,74,103,69,31,159,0,105,15,
19:02:04,82,56,110,0,129,42,74,0,0,128,82,29,55,13,14,109,90,4,14,11,94,90,74,103,69,31,159,0,105,15,
19:02:05,82,56,110,0,129,42,74,0,0,128,82,29,55,13,14,109,90,4,14,11,94,90,74,103,69,31,159,0,105,15,
19:02:06,82,56,110,0,129,42,74,0,0,128,82,29,55,13,14,109,90,4,14,11,94,90,74,103,69,31,159,0,105,15,
19:02:07,82,56,110,0,129,42,74,0,0,128,82,29,55,13,14,109,90,4,14,11,94,90,74,103,69,31,159,0,105,15,
19:02:08,82,56,110,0,129,42,74,0,0,128,82,29,55,13,14,109,90,4,14,11,94,90,74,103,69,31,159,0,105,15,
19:02:09,82,56,110,0,129,42,74,0,0,128,82,29,55,13,14,109,90,4,14,11,94,90,74,103,69,31,159,0,105,15,
19:02:10,82,56,110,0,129,42,74,0,0,128,82,29,55,13,14,109,90,4,14,11,94,90,74,103,69,31,159,0,105,15,
19:02:11,82,56,110,0,129,42,74,0,0,128,82,29,55,13,14,109,90,4,14,11,94,90,74,103,69,31,159,0,105,15,
19:02:12,82,56,110,0,129,42,74,0,0,128,82,29,55,13,14,109,90,4,14,11,94,90,74,103,69,31,159,0,105,15,
19:02:13,82,56,110,0,129,42,74,0,0,128,82,29,55,13,14,109,90,4,14,11,94,90,74,103,69,31,159,0,105,15,
19:02:14,82,56,110,0,129,42,74,0,0,128,82,29,55,13,14,109,90,4,14,11,94,90,74,103,69,31,159,0,105,15,
19:02:15,82,56,110,0,129,42,74,0,0,128,82,29,55,13,14,109,90,4,14,11,94,90,74,103,69,31,159,0,105,15,
19:02:16,82,56,110,0,129,42,74,0,0,128,82,29,55,13,14,109,90,4,14,11,94,90,74,103,69,31,159,0,105,15,
19:02:17,82,56,110,0,129,42,74,0,0,128,82,29,55,13,14,109,90,4,14,11,94,90,74,103,69,31,159,0,105,15,
19:02:18,82,56,110,0,129,42,74,0,0,128,82,29,55,13,14,109,90,4,14,11,94,90,74,103,69,31,159,0,105,15,
19:02:19,82,56,110,0,129,42,74,0,0,128,82,29,55,13,14,109,90,4,14,11,94,90,74,103,69,31,159,0,105,15,
19:02:20,82,56,110,0,129,42,74,0,0,128,82,29,55,13,14,109,90,4,14,11,94,90,74,103,69,31,159,0,105,15,
19:02:21,82,56,110,0,129,42,74,0,0,128,82,29,55,13,14,109,90,4,14,11,94,90,74,103,69,31,159,0,105,15,
19:02:22,82,56,110,0,129,42,74,0,0,128,82,29,55,13,14,109,90,4,14,11,94,90,74,103,69,31,159,0,105,15,
19:02:23,82,56,110,0,129,42,74,0,0,128,82,29,55,13,14,109,90,4,14,11,94,90,74,103,69,31,159,0,105,15,
19:02:24,82,58,110,0,129,42,74,0,0,128,82,29,55,13,14,109,93,4,14,11,94,90,74,103,69,33,159,0,105,15,
19:02:25,82,58,110,0,129,42,74,0,0,128,82,29,55,13,14,109,93,4,14,11,94,90,74,103,69,33,159,0,105,15,
19:02:26,82,58,110,0,129,42,74,0,0,128,82,29,55,13,14,109,93,4,14,11,94,90,74,103,69,33,159,0,105,15,
19:02:27,82,58,110,0,129,42,74,0,0,128,82,29,55,13,14,109,93,4,14,11,94,90,74,103,69,33,159,0,105,15,
19:02:28,82,58,110,0,129,42,74,0,0,128,82,29,55,13,14,109,93,4,14,11,94,90,74,103,69,33,159,0,105,15,
19:02:29,82,58,110,0,129,42,74,0,0,128,82,29,55,13,14,109,93,4,14,11,94,90,74,103,69,33,159,0,105,15,
19:02:30,82,58,110,0,129,42,74,0,0,128,82,29,55,13,14,109,93,4,14,11,94,90,74,103,69,33,159,0,105,15,
19:02:31,82,58,110,0,129,42,74,0,0,128,82,29,55,13,14,109,93,4,14,11,94,90,74,103,69,33,159,0,105,15,
19:02:32,82,58,110,0,129,42,74,0,0,128,82,29,55,13,14,109,93,4,14,11,94,90,74,103,69,33,159,0,105,15,
19:02:33,82,58,110,0,129,42,74,0,0,128,82,29,55,13,14,109,93,4,14,11,94,90,74,103,69,33,159,0,105,15,
19:02:34,82,58,110,0,129,42,74,0,0,128,82,29,55,13,14,109,93,4,14,11,94,90,74,103,69,33,159,0,105,15,
19:02:35,82,58,110,0,129,42,74,0,0,128,82,29,55,13,14,109,93,4,14,11,94,90,74,103,69,33,159,0,105,15,
19:02:36,82,58,110,0,129,42,74,0,0,128,82,29,55,13,14,109,93,4,14,11,94,90,74,103,69,33,159,0,105,15,
19:02:37,82,58,110,0,129,42,74,0,0,128,82,29,55,13,14,109,93,4,14,11,94,90,74,103,69,33,159,0,105,15,
19:02:38,82,58,110,0,129,42,74,0,0,128,82,29,55,13,14,109,93,4,14,11,94,90,74,103,69,33,159,0,105,15,
19:02:39,82,58,110,0,129,42,74,0,0,128,82,29,55,13,14,109,93,4,14,11,94,90,74,103,69,33,159,0,105,15,
19:02:40,82,58,110,0,129,42,74,0,0,128,82,29,55,13,14,109,93,4,14,11,94,90,74,103,69,33,159,0,105,15,
19:02:41,82,58,110,0,129,42,74,0,0,128,82,29,55,13,14,109,93,4,14,11,94,90,74,103,69,33,159,0,105,15,
19:02:42,82,58,110,0,129,42,74,0,0,128,82,29,55,13,14,109,93,4,14,11,94,90,74,103,69,33,159,0,105,15,
19:02:43,82,58,110,0,129,42,74,0,0,128,82,29,55,13,14,109,93,4,14,11,94,90,74,103,69,33,159,0,105,15,
19:02:44,82,58,110,0,129,42,74,0,0,128,82,29,55,13,14,109,93,4,14,11,94,90,74,103,69,33,159,0,105,15,
19:02:45,82,58,110,0,129,42,74,0,0,128,82,29,55,13,14,109,93,4,14,11,94,90,74,103,69,33,159,0,105,15,
19:02:46,82,58,110,0,129,42,74,0,0,128,82,29,55,13,14,109,93,4,14,11,94,90,74,103,69,33,159,0,105,15,
19:02:47,82,58,110,0,129,42,74,0,0,128,82,29,55,13,14,109,93,4,14,11,94,90,74,103,69,33,159,0,105,15,
19:02:48,82,58,110,0,129,42,74,0,0,128,82,29,55,13,14,109,93,4,14,11,94,90,74,103,69,33,159,0,105,15,
19:02:49,82,58,110,0,129,42,74,0,0,128,82,29,55,13,14,109,93,4,14,11,94,90,74,103,69,33,159,0,105,15,
19:02:50,82,58,110,0,129,42,74,0,0,128,82,29,55,13,14,109,93,4,14,11,94,90,74,103,69,33,159,0,105,15,
19:02:51,82,58,120,0,129,42,74,0,0,130,82,29,57,13,14,110,93,4,14,11,94,90,74,105,69,33,159,0,108,15,
19:02:52,82,58,120,0,129,42,74,0,0,130,82,29,57,13,14,110,93,4,14,11,94,90,74,105,69,33,159,0,108,15,
19:02:53,82,58,120,0,129,42,74,0,0,130,82,29,57,13,14,110,93,4,14,11,94,90,74,105,69,33,159,0,108,15,
19:02:54,82,58,120,0,129,42,74,0,0,130,82,29,57,13,14,110,93,4,14,11,94,90,74,105,69,33,159,0,108,15,
19:02:55,82,58,120,0,129,42,74,0,0,130,82,29,57,13,14,110,93,4,14,11,94,90,74,105,69,33,159,0,108,15,
19:02:56,82,58,120,0,129,42,74,0,0,130,82,29,57,13,14,110,93,4,14,11,94,90,74,105,69,33,159,0,108,15,
19:02:57,82,58,120,0,129,42,74,0,0,130,82,29,57,13,14,110,93,4,14,11,94,90,74,105,69,33,159,0,108,15,
19:02:58,82,58,120,0,129,42,74,0,0,130,82,29,57,13,14,110,93,4,14,11,94,90,74,105,69,33,159,0,108,15,
19:02:59,82,58,120,0,129,42,74,0,0,130,82,29,57,13,14,110,93,4,14,11,94,90,74,105,69,33,159,0,108,15,
19:03,82,58,120,0,129,42,74,0,0,130,82,29,57,13,14,110,93,4,14,11,94,90,74,105,69,33,159,0,108,15,
19:03:01,82,58,120,0,129,42,74,0,0,130,82,29,57,13,14,110,93,4,14,11,94,90,74,105,69,33,159,0,108,15,
19:03:02,82,58,120,0,129,42,74,0,0,130,82,29,57,13,14,110,93,4,14,11,94,90,74,105,69,33,159,0,108,15,
19:03:03,82,58,120,0,129,42,74,0,0,130,82,29,57,13,14,110,93,4,14,11,94,90,74,105,69,33,159,0,108,15,
19:03:04,82,58,120,0,129,42,74,0,0,130,82,29,57,13,14,110,93,4,14,11,94,90,74,105,69,33,159,0,108,15,
19:03:05,82,58,120,0,129,42,74,0,0,130,82,29,57,13,14,110,93,4,14,11,94,90,74,105,69,33,159,0,108,15,
19:03:06,82,58,120,0,129,42,74,0,0,130,82,29,57,13,14,110,93,4,14,11,94,90,74,105,69,33,159,0,108,15,
19:03:07,82,58,120,0,129,42,74,0,0,130,82,29,57,13,14,110,93,4,14,11,94,90,74,105,69,33,159,0,108,15,
19:03:08,82,58,120,0,129,42,74,0,0,130,82,29,57,13,14,110,93,4,14,11,94,90,74,105,69,33,159,0,108,15,
19:03:09,82,58,120,0,129,42,74,0,0,130,82,29,57,13,14,110,93,4,14,11,94,90,74,105,69,33,159,0,108,15,
19:03:10,82,58,120,0,129,42,74,0,0,130,82,29,57,13,14,110,93,4,14,11,94,90,74,105,69,33,159,0,108,15,
19:03:11,82,58,120,0,129,42,74,0,0,130,82,29,57,13,14,110,93,4,14,11,94,90,74,105,69,33,159,0,108,15,
19:03:12,82,58,120,0,129,42,74,0,0,130,82,29,57,13,14,110,93,4,14,11,94,90,74,105,69,33,159,0,108,15,
19:03:13,82,58,120,0,129,42,74,0,0,130,82,29,57,13,14,110,93,4,14,11,94,90,74,105,69,33,159,0,108,15,
19:03:14,82,58,120,0,129,42,74,0,0,130,82,29,57,13,14,110,93,4,14,11,94,90,74,105,69,33,159,0,108,15,
19:03:15,82,58,120,0,129,42,74,0,0,130,82,29,57,13,14,110,93,4,14,11,94,90,74,105,69,33,159,0,108,15,
19:03:16,82,58,120,0,129,42,74,0,0,130,82,29,57,13,14,110,93,4,14,11,94,90,74,105,69,33,159,0,108,15,
19:03:17,82,58,120,0,129,42,74,0,0,130,82,29,57,13,14,110,93,4,14,11,94,90,74,105,69,33,159,0,108,15,
19:03:18,82,58,120,0,129,42,74,0,0,130,82,29,57,13,14,110,93,4,14,11,94,90,74,105,69,33,159,0,108,15,
19:03:19,82,58,120,0,129,42,74,0,0,130,82,29,57,13,14,110,93,4,14,11,94,90,74,105,69,33,159,0,108,15,
19:03:20,82,58,128,0,133,42,74,0,0,130,84,29,57,13,14,110,93,4,14,11,94,90,74,107,69,33,159,0,108,15,
19:03:21,82,58,128,0,133,42,74,0,0,130,84,29,57,13,14,110,93,4,14,11,94,90,74,107,69,33,159,0,108,15,
19:03:22,82,58,128,0,133,42,74,0,0,130,84,29,57,13,14,110,93,4,14,11,94,90,74,107,69,33,159,0,108,15,
19:03:23,82,58,128,0,133,42,74,0,0,130,84,29,57,13,14,110,93,4,14,11,94,90,74,107,69,33,159,0,108,15,
19:03:24,82,58,128,0,133,42,74,0,0,130,84,29,57,13,14,110,93,4,14,11,94,90,74,107,69,33,159,0,108,15,
19:03:25,82,58,128,0,133,42,74,0,0,130,84,29,57,13,14,110,93,4,14,11,94,90,74,107,69,33,159,0,108,15,
19:03:26,82,58,128,0,133,42,74,0,0,130,84,29,57,13,14,110,93,4,14,11,94,90,74,107,69,33,159,0,108,15,
19:03:27,82,58,128,0,133,42,74,0,0,130,84,29,57,13,14,110,93,4,14,11,94,90,74,107,69,33,159,0,108,15,
19:03:28,82,58,128,0,133,42,74,0,0,130,84,29,57,13,14,110,93,4,14,11,94,90,74,107,69,33,159,0,108,15,
19:03:29,82,58,128,0,133,42,74,0,0,130,84,29,57,13,14,110,93,4,14,11,94,90,74,107,69,33,159,0,108,15,
19:03:30,82,58,128,0,133,42,74,0,0,130,84,29,57,13,14,110,93,4,14,11,94,90,74,107,69,33,159,0,108,15,
19:03:31,82,58,128,0,133,42,74,0,0,130,84,29,57,13,14,110,93,4,14,11,94,90,74,107,69,33,159,0,108,15,
19:03:32,82,58,128,0,133,42,74,0,0,130,84,29,57,13,14,110,93,4,14,11,94,90,74,107,69,33,159,0,108,15,
19:03:33,82,58,128,0,133,42,74,0,0,130,84,29,57,13,14,110,93,4,14,11,94,90,74,107,69,33,159,0,108,15,
19:03:34,82,58,128,0,133,42,74,0,0,130,84,29,57,13,14,110,93,4,14,11,94,90,74,107,69,33,159,0,108,15,
19:03:35,82,58,128,0,133,42,74,0,0,130,84,29,57,13,14,110,93,4,14,11,94,90,74,107,69,33,159,0,108,15,
19:03:36,82,58,128,0,133,42,74,0,0,130,84,29,57,13,14,110,93,4,14,11,94,90,74,107,69,33,159,0,108,15,
19:03:37,82,58,128,0,133,42,74,0,0,130,84,29,57,13,14,110,93,4,14,11,94,90,74,107,69,33,159,0,108,15,
19:03:38,82,58,128,0,133,42,74,0,0,130,84,29,57,13,14,110,93,4,14,11,94,90,74,107,69,33,159,0,108,15,
19:03:39,82,58,128,0,133,42,74,0,0,130,84,29,57,13,14,110,93,4,14,11,94,90,74,107,69,33,159,0,108,15,
19:03:40,82,58,128,0,133,42,74,0,0,130,84,29,57,13,14,110,93,4,14,11,94,90,74,107,69,33,159,0,108,15,
19:03:41,82,58,128,0,133,42,74,0,0,130,84,29,57,13,14,110,93,4,14,11,94,90,74,107,69,33,159,0,108,15,
19:03:42,82,58,128,0,133,42,74,0,0,130,84,29,57,13,14,110,93,4,14,11,94,90,74,107,69,33,159,0,108,15,
19:03:43,82,58,128,0,133,42,74,0,0,130,84,29,57,13,14,110,93,4,14,11,94,90,74,107,69,33,159,0,108,15,
19:03:44,82,58,128,0,133,42,74,0,0,130,84,29,57,13,14,110,93,4,14,11,94,90,74,107,69,33,159,0,108,15,
19:03:45,82,58,128,0,133,42,74,0,0,130,84,29,57,13,14,110,93,4,14,11,94,90,74,107,69,33,159,0,108,15,
19:03:46,82,58,128,0,133,42,74,0,0,130,84,29,57,13,14,110,93,4,14,11,94,90,74,107,69,33,159,0,108,15,
19:03:47,82,58,128,0,133,42,76,0,0,134,89,29,57,18,14,110,93,4,16,11,94,90,74,107,72,33,159,0,110,15,
19:03:48,82,58,128,0,133,42,76,0,0,134,89,29,57,18,14,110,93,4,16,11,94,90,74,107,72,33,159,0,110,15,
19:03:49,82,58,128,0,133,42,76,0,0,134,89,29,57,18,14,110,93,4,16,11,94,90,74,107,72,33,159,0,110,15,
19:03:50,82,58,128,0,133,42,76,0,0,134,89,29,57,18,14,110,93,4,16,11,94,90,74,107,72,33,159,0,110,15,
19:03:51,82,58,128,0,133,42,76,0,0,134,89,29,57,18,14,110,93,4,16,11,94,90,74,107,72,33,159,0,110,15,
19:03:52,82,58,128,0,133,42,76,0,0,134,89,29,57,18,14,110,93,4,16,11,94,90,74,107,72,33,159,0,110,15,
19:03:53,82,58,128,0,133,42,76,0,0,134,89,29,57,18,14,110,93,4,16,11,94,90,74,107,72,33,159,0,110,15,
19:03:54,82,58,128,0,133,42,76,0,0,134,89,29,57,18,14,110,93,4,16,11,94,90,74,107,72,33,159,0,110,15,
19:03:55,82,58,128,0,133,42,76,0,0,134,89,29,57,18,14,110,93,4,16,11,94,90,74,107,72,33,159,0,110,15,
19:03:56,82,58,128,0,133,42,76,0,0,134,89,29,57,18,14,110,93,4,16,11,94,90,74,107,72,33,159,0,110,15,
19:03:57,82,58,128,0,133,42,76,0,0,134,89,29,57,18,14,110,93,4,16,11,94,90,74,107,72,33,159,0,110,15,
19:03:58,82,58,128,0,133,42,76,0,0,134,89,29,57,18,14,110,93,4,16,11,94,90,74,107,72,33,159,0,110,15,
19:03:59,82,58,128,0,133,42,76,0,0,134,89,29,57,18,14,110,93,4,16,11,94,90,74,107,72,33,159,0,110,15,
19:04,82,58,128,0,133,42,76,0,0,134,89,29,57,18,14,110,93,4,16,11,94,90,74,107,72,33,159,0,110,15,
19:04:01,82,58,128,0,133,42,76,0,0,134,89,29,57,18,14,110,93,4,16,11,94,90,74,107,72,33,159,0,110,15,
19:04:02,82,58,128,0,133,42,76,0,0,134,89,29,57,18,14,110,93,4,16,11,94,90,74,107,72,33,159,0,110,15,
19:04:03,82,58,128,0,133,42,76,0,0,134,89,29,57,18,14,110,93,4,16,11,94,90,74,107,72,33,159,0,110,15,
19:04:04,82,58,128,0,133,42,76,0,0,134,89,29,57,18,14,110,93,4,16,11,94,90,74,107,72,33,159,0,110,15,
19:04:05,82,58,128,0,133,42,76,0,0,134,89,29,57,18,14,110,93,4,16,11,94,90,74,107,72,33,159,0,110,15,
19:04:06,82,58,128,0,133,42,76,0,0,134,89,29,57,18,14,110,93,4,16,11,94,90,74,107,72,33,159,0,110,15,
19:04:07,82,58,128,0,133,42,76,0,0,134,89,29,57,18,14,110,93,4,16,11,94,90,74,107,72,33,159,0,110,15,
19:04:08,82,58,128,0,133,42,76,0,0,134,89,29,57,18,14,110,93,4,16,11,94,90,74,107,72,33,159,0,110,15,
19:04:09,82,58,128,0,133,42,76,0,0,134,89,29,57,18,14,110,93,4,16,11,94,90,74,107,72,33,159,0,110,15,
19:04:10,82,58,128,0,133,42,76,0,0,134,89,29,57,18,14,110,93,4,16,11,94,90,74,107,72,33,159,0,110,15,
19:04:11,82,58,128,0,133,42,76,0,0,134,89,29,57,18,14,110,93,4,16,11,94,90,74,107,72,33,159,0,110,15,
19:04:12,82,58,128,0,133,42,76,0,0,134,89,29,57,18,14,110,93,4,16,11,94,90,74,107,72,33,159,0,110,15,
19:04:13,82,58,128,0,133,42,76,0,0,134,89,29,57,18,14,110,93,4,16,11,94,90,74,107,72,33,159,0,110,15,
19:04:14,84,58,128,0,133,42,76,0,0,134,91,29,57,18,14,110,93,4,16,11,96,92,74,107,75,33,159,0,110,15,
19:04:15,84,58,128,0,133,42,76,0,0,134,91,29,57,18,14,110,93,4,16,11,96,92,74,107,75,33,159,0,110,15,
19:04:16,84,58,128,0,133,42,76,0,0,134,91,29,57,18,14,110,93,4,16,11,96,92,74,107,75,33,159,0,110,15,
19:04:17,84,58,128,0,133,42,76,0,0,134,91,29,57,18,14,110,93,4,16,11,96,92,74,107,75,33,159,0,110,15,
19:04:18,84,58,128,0,133,42,76,0,0,134,91,29,57,18,14,110,93,4,16,11,96,92,74,107,75,33,159,0,110,15,
19:04:19,84,58,128,0,133,42,76,0,0,134,91,29,57,18,14,110,93,4,16,11,96,92,74,107,75,33,159,0,110,15,
19:04:20,84,58,128,0,133,42,76,0,0,134,91,29,57,18,14,110,93,4,16,11,96,92,74,107,75,33,159,0,110,15,
19:04:21,84,58,128,0,133,42,76,0,0,134,91,29,57,18,14,110,93,4,16,11,96,92,74,107,75,33,159,0,110,15,
19:04:22,84,58,128,0,133,42,76,0,0,134,91,29,57,18,14,110,93,4,16,11,96,92,74,107,75,33,159,0,110,15,
19:04:23,84,58,128,0,133,42,76,0,0,134,91,29,57,18,14,110,93,4,16,11,96,92,74,107,75,33,159,0,110,15,
19:04:24,84,58,128,0,133,42,76,0,0,134,91,29,57,18,14,110,93,4,16,11,96,92,74,107,75,33,159,0,110,15,
19:04:25,84,58,128,0,133,42,76,0,0,134,91,29,57,18,14,110,93,4,16,11,96,92,74,107,75,33,159,0,110,15,
19:04:26,84,58,128,0,133,42,76,0,0,134,91,29,57,18,14,110,93,4,16,11,96,92,74,107,75,33,159,0,110,15,
19:04:27,84,58,128,0,133,42,76,0,0,134,91,29,57,18,14,110,93,4,16,11,96,92,74,107,75,33,159,0,110,15,
19:04:28,84,58,128,0,133,42,76,0,0,134,91,29,57,18,14,110,93,4,16,11,96,92,74,107,75,33,159,0,110,15,
19:04:29,84,58,128,0,133,42,76,0,0,134,91,29,57,18,14,110,93,4,16,11,96,92,74,107,75,33,159,0,110,15,
19:04:30,84,58,128,0,133,42,76,0,0,134,91,29,57,18,14,110,93,4,16,11,96,92,74,107,75,33,159,0,110,15,
19:04:31,84,58,128,0,133,42,76,0,0,134,91,29,57,18,14,110,93,4,16,11,96,92,74,107,75,33,159,0,110,15,
19:04:32,84,58,128,0,133,42,76,0,0,134,91,29,57,18,14,110,93,4,16,11,96,92,74,107,75,33,159,0,110,15,
19:04:33,84,58,128,0,133,42,76,0,0,134,91,29,57,18,14,110,93,4,16,11,96,92,74,107,75,33,159,0,110,15,
19:04:34,84,58,128,0,133,42,76,0,0,134,91,29,57,18,14,110,93,4,16,11,96,92,74,107,75,33,159,0,110,15,
19:04:35,84,58,128,0,133,42,76,0,0,134,91,29,57,18,14,110,93,4,16,11,96,92,74,107,75,33,159,0,110,15,
19:04:36,84,58,128,0,133,42,76,0,0,134,91,29,57,18,14,110,93,4,16,11,96,92,74,107,75,33,159,0,110,15,
19:04:37,84,58,128,0,133,42,76,0,0,134,91,29,57,18,14,110,93,4,16,11,96,92,74,107,75,33,159,0,110,15,
19:04:38,84,58,128,0,133,42,76,0,0,134,91,29,57,18,14,110,93,4,16,11,96,92,74,107,75,33,159,0,110,15,
19:04:39,84,58,128,0,133,42,76,0,0,134,91,29,57,18,14,110,93,4,16,11,96,92,74,107,75,33,159,0,110,15,
19:04:40,84,58,128,0,133,42,76,0,0,134,91,29,57,18,14,110,93,4,16,11,96,92,74,107,75,33,159,0,110,15,
19:04:41,84,58,128,0,133,42,76,0,0,134,91,29,57,18,14,110,93,4,16,11,96,92,74,107,75,33,159,0,110,15,
19:04:42,84,58,128,0,133,42,76,0,0,134,91,29,57,18,14,110,93,4,16,11,96,92,74,107,75,33,159,0,110,15,
19:04:43,84,58,128,0,136,42,76,0,0,134,91,29,57,18,14,111,93,4,16,11,96,92,74,107,75,33,163,0,110,15,
19:04:44,84,58,128,0,136,42,76,0,0,134,91,29,57,18,14,111,93,4,16,11,96,92,74,107,75,33,163,0,110,15,
19:04:45,84,58,128,0,136,42,76,0,0,134,91,29,57,18,14,111,93,4,16,11,96,92,74,107,75,33,163,0,110,15,
19:04:46,84,58,128,0,136,42,76,0,0,134,91,29,57,18,14,111,93,4,16,11,96,92,74,107,75,33,163,0,110,15,
19:04:47,84,58,128,0,136,42,76,0,0,134,91,29,57,18,14,111,93,4,16,11,96,92,74,107,75,33,163,0,110,15,
19:04:48,84,58,128,0,136,42,76,0,0,134,91,29,57,18,14,111,93,4,16,11,96,92,74,107,75,33,163,0,110,15,
19:04:49,84,58,128,0,136,42,76,0,0,134,91,29,57,18,14,111,93,4,16,11,96,92,74,107,75,33,163,0,110,15,
19:04:50,84,58,128,0,136,42,76,0,0,134,91,29,57,18,14,111,93,4,16,11,96,92,74,107,75,33,163,0,110,15,
19:04:51,84,58,128,0,136,42,76,0,0,134,91,29,57,18,14,111,93,4,16,11,96,92,74,107,75,33,163,0,110,15,
19:04:52,84,58,128,0,136,42,76,0,0,134,91,29,57,18,14,111,93,4,16,11,96,92,74,107,75,33,163,0,110,15,
19:04:53,84,58,128,0,136,42,76,0,0,134,91,29,57,18,14,111,93,4,16,11,96,92,74,107,75,33,163,0,110,15,
19:04:54,84,58,128,0,136,42,76,0,0,134,91,29,57,18,14,111,93,4,16,11,96,92,74,107,75,33,163,0,110,15,
19:04:55,84,58,128,0,136,42,76,0,0,134,91,29,57,18,14,111,93,4,16,11,96,92,74,107,75,33,163,0,110,15,
19:04:56,84,58,128,0,136,42,76,0,0,134,91,29,57,18,14,111,93,4,16,11,96,92,74,107,75,33,163,0,110,15,
19:04:57,84,58,128,0,136,42,76,0,0,134,91,29,57,18,14,111,93,4,16,11,96,92,74,107,75,33,163,0,110,15,
19:04:58,84,58,128,0,136,42,76,0,0,134,91,29,57,18,14,111,93,4,16,11,96,92,74,107,75,33,163,0,110,15,
19:04:59,84,58,128,0,136,42,76,0,0,134,91,29,57,18,14,111,93,4,16,11,96,92,74,107,75,33,163,0,110,15,
19:05,84,58,128,0,136,42,76,0,0,134,91,29,57,18,14,111,93,4,16,11,96,92,74,107,75,33,163,0,110,15,
19:05:01,84,58,128,0,136,42,76,0,0,134,91,29,57,18,14,111,93,4,16,11,96,92,74,107,75,33,163,0,110,15,
19:05:02,84,58,128,0,136,42,76,0,0,134,91,29,57,18,14,111,93,4,16,11,96,92,74,107,75,33,163,0,110,15,
19:05:03,84,58,128,0,136,42,76,0,0,134,91,29,57,18,14,111,93,4,16,11,96,92,74,107,75,33,163,0,110,15,
19:05:04,84,58,128,0,136,42,76,0,0,134,91,29,57,18,14,111,93,4,16,11,96,92,74,107,75,33,163,0,110,15,
19:05:05,84,58,128,0,136,42,76,0,0,134,91,29,57,18,14,111,93,4,16,11,96,92,74,107,75,33,163,0,110,15,
19:05:06,84,58,128,0,136,42,76,0,0,134,91,29,57,18,14,111,93,4,16,11,96,92,74,107,75,33,163,0,110,15,
19:05:07,84,58,128,0,136,42,76,0,0,134,91,29,57,18,14,111,93,4,16,11,96,92,74,107,75,33,163,0,110,15,
19:05:08,84,58,128,0,136,42,76,0,0,134,91,29,57,18,14,111,93,4,16,11,96,92,74,107,75,33,163,0,110,15,
19:05:09,84,58,128,0,136,42,76,0,0,134,91,29,57,18,14,111,93,4,16,11,96,92,74,107,75,33,163,0,110,15,
19:05:10,84,60,128,0,136,42,76,0,0,134,91,29,57,18,14,111,93,4,16,11,96,97,74,107,75,36,167,0,110,15,
19:05:11,84,60,128,0,136,42,76,0,0,134,91,29,57,18,14,111,93,4,16,11,96,97,74,107,75,36,167,0,110,15,
19:05:12,84,60,128,0,136,42,76,0,0,134,91,29,57,18,14,111,93,4,16,11,96,97,74,107,75,36,167,0,110,15,
19:05:13,84,60,128,0,136,42,76,0,0,134,91,29,57,18,14,111,93,4,16,11,96,97,74,107,75,36,167,0,110,15,
19:05:14,84,60,128,0,136,42,76,0,0,134,91,29,57,18,14,111,93,4,16,11,96,97,74,107,75,36,167,0,110,15,
19:05:15,84,60,128,0,136,42,76,0,0,134,91,29,57,18,14,111,93,4,16,11,96,97,74,107,75,36,167,0,110,15,
19:05:16,84,60,128,0,136,42,76,0,0,134,91,29,57,18,14,111,93,4,16,11,96,97,74,107,75,36,167,0,110,15,
19:05:17,84,60,128,0,136,42,76,0,0,134,91,29,57,18,14,111,93,4,16,11,96,97,74,107,75,36,167,0,110,15,
19:05:18,84,60,128,0,136,42,76,0,0,134,91,29,57,18,14,111,93,4,16,11,96,97,74,107,75,36,167,0,110,15,
19:05:19,84,60,128,0,136,42,76,0,0,134,91,29,57,18,14,111,93,4,16,11,96,97,74,107,75,36,167,0,110,15,
19:05:20,84,60,128,0,136,42,76,0,0,134,91,29,57,18,14,111,93,4,16,11,96,97,74,107,75,36,167,0,110,15,
19:05:21,84,60,128,0,136,42,76,0,0,134,91,29,57,18,14,111,93,4,16,11,96,97,74,107,75,36,167,0,110,15,
19:05:22,84,60,128,0,136,42,76,0,0,134,91,29,57,18,14,111,93,4,16,11,96,97,74,107,75,36,167,0,110,15,
19:05:23,84,60,128,0,136,42,76,0,0,134,91,29,57,18,14,111,93,4,16,11,96,97,74,107,75,36,167,0,110,15,
19:05:24,84,60,128,0,136,42,76,0,0,134,91,29,57,18,14,111,93,4,16,11,96,97,74,107,75,36,167,0,110,15,
19:05:25,84,60,128,0,136,42,76,0,0,134,91,29,57,18,14,111,93,4,16,11,96,97,74,107,75,36,167,0,110,15,
19:05:26,84,60,128,0,136,42,76,0,0,134,91,29,57,18,14,111,93,4,16,11,96,97,74,107,75,36,167,0,110,15,
19:05:27,84,60,128,0,136,42,76,0,0,134,91,29,57,18,14,111,93,4,16,11,96,97,74,107,75,36,167,0,110,15,
19:05:28,84,60,128,0,136,42,76,0,0,134,91,29,57,18,14,111,93,4,16,11,96,97,74,107,75,36,167,0,110,15,
19:05:29,84,60,128,0,136,42,76,0,0,134,91,29,57,18,14,111,93,4,16,11,96,97,74,107,75,36,167,0,110,15,
19:05:30,84,60,128,0,136,42,76,0,0,134,91,29,57,18,14,111,93,4,16,11,96,97,74,107,75,36,167,0,110,15,
19:05:31,84,60,128,0,136,42,76,0,0,134,91,29,57,18,14,111,93,4,16,11,96,97,74,107,75,36,167,0,110,15,
19:05:32,84,60,128,0,136,42,76,0,0,134,91,29,57,18,14,111,93,4,16,11,96,97,74,107,75,36,167,0,110,15,
19:05:33,84,60,128,0,136,42,76,0,0,134,91,29,57,18,14,111,93,4,16,11,96,97,74,107,75,36,167,0,110,15,
19:05:34,84,60,128,0,136,42,76,0,0,134,91,29,57,18,14,111,93,4,16,11,96,97,74,107,75,36,167,0,110,15,
19:05:35,84,60,128,0,136,42,76,0,0,134,91,29,57,18,14,111,93,4,16,11,96,97,74,107,75,36,167,0,110,15,
19:05:36,84,60,128,0,136,42,76,0,0,134,91,29,57,18,14,111,93,4,16,11,96,97,74,107,75,36,167,0,110,15,
19:05:37,84,63,131,0,136,42,76,0,0,134,91,29,57,18,14,111,93,4,16,11,99,99,74,107,75,36,167,0,114,15,
19:05:38,84,63,131,0,136,42,76,0,0,134,91,29,57,18,14,111,93,4,16,11,99,99,74,107,75,36,167,0,114,15,
19:05:39,84,63,131,0,136,42,76,0,0,134,91,29,57,18,14,111,93,4,16,11,99,99,74,107,75,36,167,0,114,15,
19:05:40,84,63,131,0,136,42,76,0,0,134,91,29,57,18,14,111,93,4,16,11,99,99,74,107,75,36,167,0,114,15,
19:05:41,84,63,131,0,136,42,76,0,0,134,91,29,57,18,14,111,93,4,16,11,99,99,74,107,75,36,167,0,114,15,
19:05:42,84,63,131,0,136,42,76,0,0,134,91,29,57,18,14,111,93,4,16,11,99,99,74,107,75,36,167,0,114,15,
19:05:43,84,63,131,0,136,42,76,0,0,134,91,29,57,18,14,111,93,4,16,11,99,99,74,107,75,36,167,0,114,15,
19:05:44,84,63,131,0,136,42,76,0,0,134,91,29,57,18,14,111,93,4,16,11,99,99,74,107,75,36,167,0,114,15,
19:05:45,84,63,131,0,136,42,76,0,0,134,91,29,57,18,14,111,93,4,16,11,99,99,74,107,75,36,167,0,114,15,
19:05:46,84,63,131,0,136,42,76,0,0,134,91,29,57,18,14,111,93,4,16,11,99,99,74,107,75,36,167,0,114,15,
19:05:47,84,63,131,0,136,42,76,0,0,134,91,29,57,18,14,111,93,4,16,11,99,99,74,107,75,36,167,0,114,15,
19:05:48,84,63,131,0,136,42,76,0,0,134,91,29,57,18,14,111,93,4,16,11,99,99,74,107,75,36,167,0,114,15,
19:05:49,84,63,131,0,136,42,76,0,0,134,91,29,57,18,14,111,93,4,16,11,99,99,74,107,75,36,167,0,114,15,
19:05:50,84,63,131,0,136,42,76,0,0,134,91,29,57,18,14,111,93,4,16,11,99,99,74,107,75,36,167,0,114,15,
19:05:51,84,63,131,0,136,42,76,0,0,134,91,29,57,18,14,111,93,4,16,11,99,99,74,107,75,36,167,0,114,15,
19:05:52,84,63,131,0,136,42,76,0,0,134,91,29,57,18,14,111,93,4,16,11,99,99,74,107,75,36,167,0,114,15,
19:05:53,84,63,131,0,136,42,76,0,0,134,91,29,57,18,14,111,93,4,16,11,99,99,74,107,75,36,167,0,114,15,
19:05:54,84,63,131,0,136,42,76,0,0,134,91,29,57,18,14,111,93,4,16,11,99,99,74,107,75,36,167,0,114,15,
19:05:55,84,63,131,0,136,42,76,0,0,134,91,29,57,18,14,111,93,4,16,11,99,99,74,107,75,36,167,0,114,15,
19:05:56,84,63,131,0,136,42,76,0,0,134,91,29,57,18,14,111,93,4,16,11,99,99,74,107,75,36,167,0,114,15,
19:05:57,84,63,131,0,136,42,76,0,0,134,91,29,57,18,14,111,93,4,16,11,99,99,74,107,75,36,167,0,114,15,
19:05:58,84,63,131,0,136,42,76,0,0,134,91,29,57,18,14,111,93,4,16,11,99,99,74,107,75,36,167,0,114,15,
19:05:59,84,63,131,0,136,42,76,0,0,134,91,29,57,18,14,111,93,4,16,11,99,99,74,107,75,36,167,0,114,15,
19:06,84,63,131,0,136,42,76,0,0,134,91,29,57,18,14,111,93,4,16,11,99,99,74,107,75,36,167,0,114,15,
19:06:01,84,63,131,0,136,42,76,0,0,134,91,29,57,18,14,111,93,4,16,11,99,99,74,107,75,36,167,0,114,15,
19:06:02,84,63,131,0,136,42,76,0,0,134,91,29,57,18,14,111,93,4,16,11,99,99,74,107,75,36,167,0,114,15,
19:06:03,84,63,131,0,136,42,76,0,0,134,91,29,57,18,14,111,93,4,16,11,99,99,74,107,75,36,167,0,114,15,
19:06:04,84,63,131,0,136,42,76,0,0,134,91,29,57,18,14,111,93,4,16,11,99,99,74,107,75,36,167,0,114,15,
19:06:05,84,63,131,0,136,42,76,0,0,134,91,29,57,18,14,111,93,4,16,11,99,99,74,107,75,36,167,0,114,15,
19:06:06,84,63,131,0,136,42,76,0,0,134,91,29,57,18,14,111,93,4,16,11,101,102,74,107,75,36,167,0,114,15,
19:06:07,84,63,131,0,136,42,76,0,0,134,91,29,57,18,14,111,93,4,16,11,101,102,74,107,75,36,167,0,114,15,
19:06:08,84,63,131,0,136,42,76,0,0,134,91,29,57,18,14,111,93,4,16,11,101,102,74,107,75,36,167,0,114,15,
19:06:09,84,63,131,0,136,42,76,0,0,134,91,29,57,18,14,111,93,4,16,11,101,102,74,107,75,36,167,0,114,15,
19:06:10,84,63,131,0,136,42,76,0,0,134,91,29,57,18,14,111,93,4,16,11,101,102,74,107,75,36,167,0,114,15,
19:06:11,84,63,131,0,136,42,76,0,0,134,91,29,57,18,14,111,93,4,16,11,101,102,74,107,75,36,167,0,114,15,
19:06:12,84,63,131,0,136,42,76,0,0,134,91,29,57,18,14,111,93,4,16,11,101,102,74,107,75,36,167,0,114,15,
19:06:13,84,63,131,0,136,42,76,0,0,134,91,29,57,18,14,111,93,4,16,11,101,102,74,107,75,36,167,0,114,15,
19:06:14,84,63,131,0,136,42,76,0,0,134,91,29,57,18,14,111,93,4,16,11,101,102,74,107,75,36,167,0,114,15,
19:06:15,84,63,131,0,136,42,76,0,0,134,91,29,57,18,14,111,93,4,16,11,101,102,74,107,75,36,167,0,114,15,
19:06:16,84,63,131,0,136,42,76,0,0,134,91,29,57,18,14,111,93,4,16,11,101,102,74,107,75,36,167,0,114,15,
19:06:17,84,63,131,0,136,42,76,0,0,134,91,29,57,18,14,111,93,4,16,11,101,102,74,107,75,36,167,0,114,15,
19:06:18,84,63,131,0,136,42,76,0,0,134,91,29,57,18,14,111,93,4,16,11,101,102,74,107,75,36,167,0,114,15,
19:06:19,84,63,131,0,136,42,76,0,0,134,91,29,57,18,14,111,93,4,16,11,101,102,74,107,75,36,167,0,114,15,
19:06:20,84,63,131,0,136,42,76,0,0,134,91,29,57,18,14,111,93,4,16,11,101,102,74,107,75,36,167,0,114,15,
19:06:21,84,63,131,0,136,42,76,0,0,134,91,29,57,18,14,111,93,4,16,11,101,102,74,107,75,36,167,0,114,15,
19:06:22,84,63,131,0,136,42,76,0,0,134,91,29,57,18,14,111,93,4,16,11,101,102,74,107,75,36,167,0,114,15,
19:06:23,84,63,131,0,136,42,76,0,0,134,91,29,57,18,14,111,93,4,16,11,101,102,74,107,75,36,167,0,114,15,
19:06:24,84,63,131,0,136,42,76,0,0,134,91,29,57,18,14,111,93,4,16,11,101,102,74,107,75,36,167,0,114,15,
19:06:25,84,63,131,0,136,42,76,0,0,134,91,29,57,18,14,111,93,4,16,11,101,102,74,107,75,36,167,0,114,15,
19:06:26,84,63,131,0,136,42,76,0,0,134,91,29,57,18,14,111,93,4,16,11,101,102,74,107,75,36,167,0,114,15,
19:06:27,84,63,131,0,136,42,76,0,0,134,91,29,57,18,14,111,93,4,16,11,101,102,74,107,75,36,167,0,114,15,
19:06:28,84,63,131,0,136,42,76,0,0,134,91,29,57,18,14,111,93,4,16,11,101,102,74,107,75,36,167,0,114,15,
19:06:29,84,63,131,0,136,42,76,0,0,134,91,29,57,18,14,111,93,4,16,11,101,102,74,107,75,36,167,0,114,15,
19:06:30,84,63,131,0,136,42,76,0,0,134,91,29,57,18,14,111,93,4,16,11,101,102,74,107,75,36,167,0,114,15,
19:06:31,84,63,131,0,136,42,76,0,0,134,91,29,57,18,14,111,93,4,16,11,101,102,74,107,75,36,167,0,114,15,
19:06:32,84,63,131,0,136,42,76,0,0,134,91,29,57,18,14,111,93,4,16,11,101,102,74,107,75,36,167,0,114,15,
19:06:33,84,63,131,0,136,42,78,0,0,134,91,29,57,18,14,111,93,4,18,11,104,102,74,107,75,36,167,0,117,15,
19:06:34,84,63,131,0,136,42,78,0,0,134,91,29,57,18,14,111,93,4,18,11,104,102,74,107,75,36,167,0,117,15,
19:06:35,84,63,131,0,136,42,78,0,0,134,91,29,57,18,14,111,93,4,18,11,104,102,74,107,75,36,167,0,117,15,
19:06:36,84,63,131,0,136,42,78,0,0,134,91,29,57,18,14,111,93,4,18,11,104,102,74,107,75,36,167,0,117,15,
19:06:37,84,63,131,0,136,42,78,0,0,134,91,29,57,18,14,111,93,4,18,11,104,102,74,107,75,36,167,0,117,15,
19:06:38,84,63,131,0,136,42,78,0,0,134,91,29,57,18,14,111,93,4,18,11,104,102,74,107,75,36,167,0,117,15,
19:06:39,84,63,131,0,136,42,78,0,0,134,91,29,57,18,14,111,93,4,18,11,104,102,74,107,75,36,167,0,117,15,
19:06:40,84,63,131,0,136,42,78,0,0,134,91,29,57,18,14,111,93,4,18,11,104,102,74,107,75,36,167,0,117,15,
19:06:41,84,63,131,0,136,42,78,0,0,134,91,29,57,18,14,111,93,4,18,11,104,102,74,107,75,36,167,0,117,15,
19:06:42,84,63,131,0,136,42,78,0,0,134,91,29,57,18,14,111,93,4,18,11,104,102,74,107,75,36,167,0,117,15,
19:06:43,84,63,131,0,136,42,78,0,0,134,91,29,57,18,14,111,93,4,18,11,104,102,74,107,75,36,167,0,117,15,
19:06:44,84,63,131,0,136,42,78,0,0,134,91,29,57,18,14,111,93,4,18,11,104,102,74,107,75,36,167,0,117,15,
19:06:45,84,63,131,0,136,42,78,0,0,134,91,29,57,18,14,111,93,4,18,11,104,102,74,107,75,36,167,0,117,15,
19:06:46,84,63,131,0,136,42,78,0,0,134,91,29,57,18,14,111,93,4,18,11,104,102,74,107,75,36,167,0,117,15,
19:06:47,84,63,131,0,136,42,78,0,0,134,91,29,57,18,14,111,93,4,18,11,104,102,74,107,75,36,167,0,117,15,
19:06:48,84,63,131,0,136,42,78,0,0,134,91,29,57,18,14,111,93,4,18,11,104,102,74,107,75,36,167,0,117,15,
19:06:49,84,63,131,0,136,42,78,0,0,134,91,29,57,18,14,111,93,4,18,11,104,102,74,107,75,36,167,0,117,15,
19:06:50,84,63,131,0,136,42,78,0,0,134,91,29,57,18,14,111,93,4,18,11,104,102,74,107,75,36,167,0,117,15,
19:06:51,84,63,131,0,136,42,78,0,0,134,91,29,57,18,14,111,93,4,18,11,104,102,74,107,75,36,167,0,117,15,
19:06:52,84,63,131,0,136,42,78,0,0,134,91,29,57,18,14,111,93,4,18,11,104,102,74,107,75,36,167,0,117,15,
19:06:53,84,63,131,0,136,42,78,0,0,134,91,29,57,18,14,111,93,4,18,11,104,102,74,107,75,36,167,0,117,15,
19:06:54,84,63,131,0,136,42,78,0,0,134,91,29,57,18,14,111,93,4,18,11,104,102,74,107,75,36,167,0,117,15,
19:06:55,84,63,131,0,136,42,78,0,0,134,91,29,57,18,14,111,93,4,18,11,104,102,74,107,75,36,167,0,117,15,
19:06:56,84,63,131,0,136,42,78,0,0,134,91,29,57,18,14,111,93,4,18,11,104,102,74,107,75,36,167,0,117,15,
19:06:57,84,63,131,0,136,42,78,0,0,134,91,29,57,18,14,111,93,4,18,11,104,102,74,107,75,36,167,0,117,15,
19:06:58,84,63,131,0,136,42,78,0,0,134,91,29,57,18,14,111,93,4,18,11,104,102,74,107,75,36,167,0,117,15,
19:06:59,84,63,131,0,136,42,78,0,0,134,91,29,57,18,14,111,93,4,18,11,104,102,74,107,75,36,167,0,117,15,
19:07,84,63,131,0,136,42,78,0,0,134,91,29,57,18,14,111,93,4,18,11,104,102,74,107,75,36,167,0,117,15,
19:07:01,84,63,131,0,136,42,78,0,0,134,91,29,57,18,14,111,93,4,18,11,104,102,74,107,75,36,167,0,117,15,
19:07:02,84,63,131,0,136,42,78,0,0,139,91,29,57,18,14,111,97,4,18,11,104,102,74,111,75,36,167,0,117,15,
19:07:03,84,63,131,0,136,42,78,0,0,139,91,29,57,18,14,111,97,4,18,11,104,102,74,111,75,36,167,0,117,15,
19:07:04,84,63,131,0,136,42,78,0,0,139,91,29,57,18,14,111,97,4,18,11,104,102,74,111,75,36,167,0,117,15,
19:07:05,84,63,131,0,136,42,78,0,0,139,91,29,57,18,14,111,97,4,18,11,104,102,74,111,75,36,167,0,117,15,
19:07:06,84,63,131,0,136,42,78,0,0,139,91,29,57,18,14,111,97,4,18,11,104,102,74,111,75,36,167,0,117,15,
19:07:07,84,63,131,0,136,42,78,0,0,139,91,29,57,18,14,111,97,4,18,11,104,102,74,111,75,36,167,0,117,15,
19:07:08,84,63,131,0,136,42,78,0,0,139,91,29,57,18,14,111,97,4,18,11,104,102,74,111,75,36,167,0,117,15,
19:07:09,84,63,131,0,136,42,78,0,0,139,91,29,57,18,14,111,97,4,18,11,104,102,74,111,75,36,167,0,117,15,
19:07:10,84,63,131,0,136,42,78,0,0,139,91,29,57,18,14,111,97,4,18,11,104,102,74,111,75,36,167,0,117,15,
19:07:11,84,63,131,0,136,42,78,0,0,139,91,29,57,18,14,111,97,4,18,11,104,102,74,111,75,36,167,0,117,15,
19:07:12,84,63,131,0,136,42,78,0,0,139,91,29,57,18,14,111,97,4,18,11,104,102,74,111,75,36,167,0,117,15,
19:07:13,84,63,131,0,136,42,78,0,0,139,91,29,57,18,14,111,97,4,18,11,104,102,74,111,75,36,167,0,117,15,
19:07:14,84,63,131,0,136,42,78,0,0,139,91,29,57,18,14,111,97,4,18,11,104,102,74,111,75,36,167,0,117,15,
19:07:15,84,63,131,0,136,42,78,0,0,139,91,29,57,18,14,111,97,4,18,11,104,102,74,111,75,36,167,0,117,15,
19:07:16,84,63,131,0,136,42,78,0,0,139,91,29,57,18,14,111,97,4,18,11,104,102,74,111,75,36,167,0,117,15,
19:07:17,84,63,131,0,136,42,78,0,0,139,91,29,57,18,14,111,97,4,18,11,104,102,74,111,75,36,167,0,117,15,
19:07:18,84,63,131,0,136,42,78,0,0,139,91,29,57,18,14,111,97,4,18,11,104,102,74,111,75,36,167,0,117,15,
19:07:19,84,63,131,0,136,42,78,0,0,139,91,29,57,18,14,111,97,4,18,11,104,102,74,111,75,36,167,0,117,15,
19:07:20,84,63,131,0,136,42,78,0,0,139,91,29,57,18,14,111,97,4,18,11,104,102,74,111,75,36,167,0,117,15,
19:07:21,84,63,131,0,136,42,78,0,0,139,91,29,57,18,14,111,97,4,18,11,104,102,74,111,75,36,167,0,117,15,
19:07:22,84,63,131,0,136,42,78,0,0,139,91,29,57,18,14,111,97,4,18,11,104,102,74,111,75,36,167,0,117,15,
19:07:23,84,63,131,0,136,42,78,0,0,139,91,29,57,18,14,111,97,4,18,11,104,102,74,111,75,36,167,0,117,15,
19:07:24,84,63,131,0,136,42,78,0,0,139,91,29,57,18,14,111,97,4,18,11,104,102,74,111,75,36,167,0,117,15,
19:07:25,84,63,131,0,136,42,78,0,0,139,91,29,57,18,14,111,97,4,18,11,104,102,74,111,75,36,167,0,117,15,
19:07:26,84,63,131,0,136,42,78,0,0,139,91,29,57,18,14,111,97,4,18,11,104,102,74,111,75,36,167,0,117,15,
19:07:27,84,63,131,0,136,42,78,0,0,139,91,29,57,18,14,111,97,4,18,11,104,102,74,111,75,36,167,0,117,15,
19:07:28,84,63,131,0,136,42,78,0,0,139,91,29,57,18,14,111,97,4,18,11,104,102,74,111,75,36,167,0,117,15,
19:07:29,86,63,135,0,141,42,78,0,0,141,91,29,57,23,14,111,97,4,18,11,104,102,74,111,75,36,169,0,120,15,
19:07:30,86,63,135,0,141,42,78,0,0,141,91,29,57,23,14,111,97,4,18,11,104,102,74,111,75,36,169,0,120,15,
19:07:31,86,63,135,0,141,42,78,0,0,141,91,29,57,23,14,111,97,4,18,11,104,102,74,111,75,36,169,0,120,15,
19:07:32,86,63,135,0,141,42,78,0,0,141,91,29,57,23,14,111,97,4,18,11,104,102,74,111,75,36,169,0,120,15,
19:07:33,86,63,135,0,141,42,78,0,0,141,91,29,57,23,14,111,97,4,18,11,104,102,74,111,75,36,169,0,120,15,
19:07:34,86,63,135,0,141,42,78,0,0,141,91,29,57,23,14,111,97,4,18,11,104,102,74,111,75,36,169,0,120,15,
19:07:35,86,63,135,0,141,42,78,0,0,141,91,29,57,23,14,111,97,4,18,11,104,102,74,111,75,36,169,0,120,15,
19:07:36,86,63,135,0,141,42,78,0,0,141,91,29,57,23,14,111,97,4,18,11,104,102,74,111,75,36,169,0,120,15,
19:07:37,86,63,135,0,141,42,78,0,0,141,91,29,57,23,14,111,97,4,18,11,104,102,74,111,75,36,169,0,120,15,
19:07:38,86,63,135,0,141,42,78,0,0,141,91,29,57,23,14,111,97,4,18,11,104,102,74,111,75,36,169,0,120,15,
19:07:39,86,63,135,0,141,42,78,0,0,141,91,29,57,23,14,111,97,4,18,11,104,102,74,111,75,36,169,0,120,15,
19:07:40,86,63,135,0,141,42,78,0,0,141,91,29,57,23,14,111,97,4,18,11,104,102,74,111,75,36,169,0,120,15,
19:07:41,86,63,135,0,141,42,78,0,0,141,91,29,57,23,14,111,97,4,18,11,104,102,74,111,75,36,169,0,120,15,
19:07:42,86,63,135,0,141,42,78,0,0,141,91,29,57,23,14,111,97,4,18,11,104,102,74,111,75,36,169,0,120,15,
19:07:43,86,63,135,0,141,42,78,0,0,141,91,29,57,23,14,111,97,4,18,11,104,102,74,111,75,36,169,0,120,15,
19:07:44,86,63,135,0,141,42,78,0,0,141,91,29,57,23,14,111,97,4,18,11,104,102,74,111,75,36,169,0,120,15,
19:07:45,86,63,135,0,141,42,78,0,0,141,91,29,57,23,14,111,97,4,18,11,104,102,74,111,75,36,169,0,120,15,
19:07:46,86,63,135,0,141,42,78,0,0,141,91,29,57,23,14,111,97,4,18,11,104,102,74,111,75,36,169,0,120,15,
19:07:47,86,63,135,0,141,42,78,0,0,141,91,29,57,23,14,111,97,4,18,11,104,102,74,111,75,36,169,0,120,15,
19:07:48,86,63,135,0,141,42,78,0,0,141,91,29,57,23,14,111,97,4,18,11,104,102,74,111,75,36,169,0,120,15,
19:07:49,86,63,135,0,141,42,78,0,0,141,91,29,57,23,14,111,97,4,18,11,104,102,74,111,75,36,169,0,120,15,
19:07:50,86,63,135,0,141,42,78,0,0,141,91,29,57,23,14,111,97,4,18,11,104,102,74,111,75,36,169,0,120,15,
19:07:51,86,63,135,0,141,42,78,0,0,141,91,29,57,23,14,111,97,4,18,11,104,102,74,111,75,36,169,0,120,15,
19:07:52,86,63,135,0,141,42,78,0,0,141,91,29,57,23,14,111,97,4,18,11,104,102,74,111,75,36,169,0,120,15,
19:07:53,86,63,135,0,141,42,78,0,0,141,91,29,57,23,14,111,97,4,18,11,104,102,74,111,75,36,169,0,120,15,
19:07:54,86,63,135,0,141,42,78,0,0,141,91,29,57,23,14,111,97,4,18,11,104,102,74,111,75,36,169,0,120,15,
19:07:55,86,63,135,0,141,42,78,0,0,141,91,29,57,23,14,111,97,4,18,11,104,102,74,111,75,36,169,0,120,15,
19:07:56,86,63,135,0,141,42,78,0,0,149,91,29,57,23,14,114,98,4,18,11,104,102,74,115,75,36,169,0,120,15,
19:07:57,86,63,135,0,141,42,78,0,0,149,91,29,57,23,14,114,98,4,18,11,104,102,74,115,75,36,169,0,120,15,
19:07:58,86,63,135,0,141,42,78,0,0,149,91,29,57,23,14,114,98,4,18,11,104,102,74,115,75,36,169,0,120,15,
19:07:59,86,63,135,0,141,42,78,0,0,149,91,29,57,23,14,114,98,4,18,11,104,102,74,115,75,36,169,0,120,15,
19:08,86,63,135,0,141,42,78,0,0,149,91,29,57,23,14,114,98,4,18,11,104,102,74,115,75,36,169,0,120,15,
19:08:01,86,63,135,0,141,42,78,0,0,149,91,29,57,23,14,114,98,4,18,11,104,102,74,115,75,36,169,0,120,15,
19:08:02,86,63,135,0,141,42,78,0,0,149,91,29,57,23,14,114,98,4,18,11,104,102,74,115,75,36,169,0,120,15,
19:08:03,86,63,135,0,141,42,78,0,0,149,91,29,57,23,14,114,98,4,18,11,104,102,74,115,75,36,169,0,120,15,
19:08:04,86,63,135,0,141,42,78,0,0,149,91,29,57,23,14,114,98,4,18,11,104,102,74,115,75,36,169,0,120,15,
19:08:05,86,63,135,0,141,42,78,0,0,149,91,29,57,23,14,114,98,4,18,11,104,102,74,115,75,36,169,0,120,15,
19:08:06,86,63,135,0,141,42,78,0,0,149,91,29,57,23,14,114,98,4,18,11,104,102,74,115,75,36,169,0,120,15,
19:08:07,86,63,135,0,141,42,78,0,0,149,91,29,57,23,14,114,98,4,18,11,104,102,74,115,75,36,169,0,120,15,
19:08:08,86,63,135,0,141,42,78,0,0,149,91,29,57,23,14,114,98,4,18,11,104,102,74,115,75,36,169,0,120,15,
19:08:09,86,63,135,0,141,42,78,0,0,149,91,29,57,23,14,114,98,4,18,11,104,102,74,115,75,36,169,0,120,15,
19:08:10,86,63,135,0,141,42,78,0,0,149,91,29,57,23,14,114,98,4,18,11,104,102,74,115,75,36,169,0,120,15,
19:08:11,86,63,135,0,141,42,78,0,0,149,91,29,57,23,14,114,98,4,18,11,104,102,74,115,75,36,169,0,120,15,
19:08:12,86,63,135,0,141,42,78,0,0,149,91,29,57,23,14,114,98,4,18,11,104,102,74,115,75,36,169,0,120,15,
19:08:13,86,63,135,0,141,42,78,0,0,149,91,29,57,23,14,114,98,4,18,11,104,102,74,115,75,36,169,0,120,15,
19:08:14,86,63,135,0,141,42,78,0,0,149,91,29,57,23,14,114,98,4,18,11,104,102,74,115,75,36,169,0,120,15,
19:08:15,86,63,135,0,141,42,78,0,0,149,91,29,57,23,14,114,98,4,18,11,104,102,74,115,75,36,169,0,120,15,
19:08:16,86,63,135,0,141,42,78,0,0,149,91,29,57,23,14,114,98,4,18,11,104,102,74,115,75,36,169,0,120,15,
19:08:17,86,63,135,0,141,42,78,0,0,149,91,29,57,23,14,114,98,4,18,11,104,102,74,115,75,36,169,0,120,15,
19:08:18,86,63,135,0,141,42,78,0,0,149,91,29,57,23,14,114,98,4,18,11,104,102,74,115,75,36,169,0,120,15,
19:08:19,86,63,135,0,141,42,78,0,0,149,91,29,57,23,14,114,98,4,18,11,104,102,74,115,75,36,169,0,120,15,
19:08:20,86,63,135,0,141,42,78,0,0,149,91,29,57,23,14,114,98,4,18,11,104,102,74,115,75,36,169,0,120,15,
19:08:21,86,63,135,0,141,42,78,0,0,149,91,29,57,23,14,114,98,4,18,11,104,102,74,115,75,36,169,0,120,15,
19:08:22,86,63,135,0,141,42,78,0,0,149,91,29,57,23,14,114,98,4,18,11,104,102,74,115,75,36,169,0,120,15,
19:08:23,86,63,135,0,141,42,78,0,0,149,91,29,57,23,14,114,98,4,18,11,104,102,74,115,75,36,169,0,120,15,
19:08:24,86,63,139,0,141,42,78,0,0,149,91,29,61,23,14,114,98,4,18,11,104,102,74,115,75,36,172,0,120,15,
19:08:25,86,63,139,0,141,42,78,0,0,149,91,29,61,23,14,114,98,4,18,11,104,102,74,115,75,36,172,0,120,15,
19:08:26,86,63,139,0,141,42,78,0,0,149,91,29,61,23,14,114,98,4,18,11,104,102,74,115,75,36,172,0,120,15,
19:08:27,86,63,139,0,141,42,78,0,0,149,91,29,61,23,14,114,98,4,18,11,104,102,74,115,75,36,172,0,120,15,
19:08:28,86,63,139,0,141,42,78,0,0,149,91,29,61,23,14,114,98,4,18,11,104,102,74,115,75,36,172,0,120,15,
19:08:29,86,63,139,0,141,42,78,0,0,149,91,29,61,23,14,114,98,4,18,11,104,102,74,115,75,36,172,0,120,15,
19:08:30,86,63,139,0,141,42,78,0,0,149,91,29,61,23,14,114,98,4,18,11,104,102,74,115,75,36,172,0,120,15,
19:08:31,86,63,139,0,141,42,78,0,0,149,91,29,61,23,14,114,98,4,18,11,104,102,74,115,75,36,172,0,120,15,
19:08:32,86,63,139,0,141,42,78,0,0,149,91,29,61,23,14,114,98,4,18,11,104,102,74,115,75,36,172,0,120,15,
19:08:33,86,63,139,0,141,42,78,0,0,149,91,29,61,23,14,114,98,4,18,11,104,102,74,115,75,36,172,0,120,15,
19:08:34,86,63,139,0,141,42,78,0,0,149,91,29,61,23,14,114,98,4,18,11,104,102,74,115,75,36,172,0,120,15,
19:08:35,86,63,139,0,141,42,78,0,0,149,91,29,61,23,14,114,98,4,18,11,104,102,74,115,75,36,172,0,120,15,
19:08:36,86,63,139,0,141,42,78,0,0,149,91,29,61,23,14,114,98,4,18,11,104,102,74,115,75,36,172,0,120,15,
19:08:37,86,63,139,0,141,42,78,0,0,149,91,29,61,23,14,114,98,4,18,11,104,102,74,115,75,36,172,0,120,15,
19:08:38,86,63,139,0,141,42,78,0,0,149,91,29,61,23,14,114,98,4,18,11,104,102,74,115,75,36,172,0,120,15,
19:08:39,86,63,139,0,141,42,78,0,0,149,91,29,61,23,14,114,98,4,18,11,104,102,74,115,75,36,172,0,120,15,
19:08:40,86,63,139,0,141,42,78,0,0,149,91,29,61,23,14,114,98,4,18,11,104,102,74,115,75,36,172,0,120,15,
19:08:41,86,63,139,0,141,42,78,0,0,149,91,29,61,23,14,114,98,4,18,11,104,102,74,115,75,36,172,0,120,15,
19:08:42,86,63,139,0,141,42,78,0,0,149,91,29,61,23,14,114,98,4,18,11,104,102,74,115,75,36,172,0,120,15,
19:08:43,86,63,139,0,141,42,78,0,0,149,91,29,61,23,14,114,98,4,18,11,104,102,74,115,75,36,172,0,120,15,
19:08:44,86,63,139,0,141,42,78,0,0,149,91,29,61,23,14,114,98,4,18,11,104,102,74,115,75,36,172,0,120,15,
19:08:45,86,63,139,0,141,42,78,0,0,149,91,29,61,23,14,114,98,4,18,11,104,102,74,115,75,36,172,0,120,15,
19:08:46,86,63,139,0,141,42,78,0,0,149,91,29,61,23,14,114,98,4,18,11,104,102,74,115,75,36,172,0,120,15,
19:08:47,86,63,139,0,141,42,78,0,0,149,91,29,61,23,14,114,98,4,18,11,104,102,74,115,75,36,172,0,120,15,
19:08:48,86,63,139,0,141,42,78,0,0,149,91,29,61,23,14,114,98,4,18,11,104,102,74,115,75,36,172,0,120,15,
19:08:49,86,63,139,0,141,42,78,0,0,149,91,29,61,23,14,114,98,4,18,11,104,102,74,115,75,36,172,0,120,15,
19:08:50,86,63,139,0,141,42,78,0,0,149,91,29,61,23,14,114,98,4,18,11,104,102,74,115,75,36,172,0,120,15,
19:08:51,86,63,139,0,141,42,78,0,0,149,91,29,61,23,14,114,98,4,18,11,104,102,74,115,75,36,172,0,120,15,
19:08:52,86,63,139,0,141,42,78,0,0,149,91,29,61,23,14,114,98,4,18,11,104,102,74,115,75,36,172,0,120,15,
19:08:53,86,63,139,0,141,42,78,0,0,149,91,29,61,23,14,114,103,4,18,11,104,104,74,116,75,36,172,0,120,15,
19:08:54,86,63,139,0,141,42,78,0,0,149,91,29,61,23,14,114,103,4,18,11,104,104,74,116,75,36,172,0,120,15,
19:08:55,86,63,139,0,141,42,78,0,0,149,91,29,61,23,14,114,103,4,18,11,104,104,74,116,75,36,172,0,120,15,
19:08:56,86,63,139,0,141,42,78,0,0,149,91,29,61,23,14,114,103,4,18,11,104,104,74,116,75,36,172,0,120,15,
19:08:57,86,63,139,0,141,42,78,0,0,149,91,29,61,23,14,114,103,4,18,11,104,104,74,116,75,36,172,0,120,15,
19:08:58,86,63,139,0,141,42,78,0,0,149,91,29,61,23,14,114,103,4,18,11,104,104,74,116,75,36,172,0,120,15,
19:08:59,86,63,139,0,141,42,78,0,0,149,91,29,61,23,14,114,103,4,18,11,104,104,74,116,75,36,172,0,120,15,
19:09,86,63,139,0,141,42,78,0,0,149,91,29,61,23,14,114,103,4,18,11,104,104,74,116,75,36,172,0,120,15,
19:09:01,86,63,139,0,141,42,78,0,0,149,91,29,61,23,14,114,103,4,18,11,104,104,74,116,75,36,172,0,120,15,
19:09:02,86,63,139,0,141,42,78,0,0,149,91,29,61,23,14,114,103,4,18,11,104,104,74,116,75,36,172,0,120,15,
19:09:03,86,63,139,0,141,42,78,0,0,149,91,29,61,23,14,114,103,4,18,11,104,104,74,116,75,36,172,0,120,15,
19:09:04,86,63,139,0,141,42,78,0,0,149,91,29,61,23,14,114,103,4,18,11,104,104,74,116,75,36,172,0,120,15,
19:09:05,86,63,139,0,141,42,78,0,0,149,91,29,61,23,14,114,103,4,18,11,104,104,74,116,75,36,172,0,120,15,
19:09:06,86,63,139,0,141,42,78,0,0,149,91,29,61,23,14,114,103,4,18,11,104,104,74,116,75,36,172,0,120,15,
19:09:07,86,63,139,0,141,42,78,0,0,149,91,29,61,23,14,114,103,4,18,11,104,104,74,116,75,36,172,0,120,15,
19:09:08,86,63,139,0,141,42,78,0,0,149,91,29,61,23,14,114,103,4,18,11,104,104,74,116,75,36,172,0,120,15,
19:09:09,86,63,139,0,141,42,78,0,0,149,91,29,61,23,14,114,103,4,18,11,104,104,74,116,75,36,172,0,120,15,
19:09:10,86,63,139,0,141,42,78,0,0,149,91,29,61,23,14,114,103,4,18,11,104,104,74,116,75,36,172,0,120,15,
19:09:11,86,63,139,0,141,42,78,0,0,149,91,29,61,23,14,114,103,4,18,11,104,104,74,116,75,36,172,0,120,15,
19:09:12,86,63,139,0,141,42,78,0,0,149,91,29,61,23,14,114,103,4,18,11,104,104,74,116,75,36,172,0,120,15,
19:09:13,86,63,139,0,141,42,78,0,0,149,91,29,61,23,14,114,103,4,18,11,104,104,74,116,75,36,172,0,120,15,
19:09:14,86,63,139,0,141,42,78,0,0,149,91,29,61,23,14,114,103,4,18,11,104,104,74,116,75,36,172,0,120,15,
19:09:15,86,63,139,0,141,42,78,0,0,149,91,29,61,23,14,114,103,4,18,11,104,104,74,116,75,36,172,0,120,15,
19:09:16,86,63,139,0,141,42,78,0,0,149,91,29,61,23,14,114,103,4,18,11,104,104,74,116,75,36,172,0,120,15,
19:09:17,86,63,139,0,141,42,78,0,0,149,91,29,61,23,14,114,103,4,18,11,104,104,74,116,75,36,172,0,120,15,
19:09:18,86,63,139,0,141,42,78,0,0,149,91,29,61,23,14,114,103,4,18,11,104,104,74,116,75,36,172,0,120,15,
19:09:19,86,63,139,0,141,42,78,0,0,149,91,29,61,23,14,114,103,4,18,11,104,104,74,116,75,36,172,0,120,15,
19:09:20,90,63,143,0,141,42,78,0,0,149,91,29,61,28,14,114,103,4,18,11,104,104,74,116,76,36,172,0,120,15,
19:09:21,90,63,143,0,141,42,78,0,0,149,91,29,61,28,14,114,103,4,18,11,104,104,74,116,76,36,172,0,120,15,
19:09:22,90,63,143,0,141,42,78,0,0,149,91,29,61,28,14,114,103,4,18,11,104,104,74,116,76,36,172,0,120,15,
19:09:23,90,63,143,0,141,42,78,0,0,149,91,29,61,28,14,114,103,4,18,11,104,104,74,116,76,36,172,0,120,15,
19:09:24,90,63,143,0,141,42,78,0,0,149,91,29,61,28,14,114,103,4,18,11,104,104,74,116,76,36,172,0,120,15,
19:09:25,90,63,143,0,141,42,78,0,0,149,91,29,61,28,14,114,103,4,18,11,104,104,74,116,76,36,172,0,120,15,
19:09:26,90,63,143,0,141,42,78,0,0,149,91,29,61,28,14,114,103,4,18,11,104,104,74,116,76,36,172,0,120,15,
19:09:27,90,63,143,0,141,42,78,0,0,149,91,29,61,28,14,114,103,4,18,11,104,104,74,116,76,36,172,0,120,15,
19:09:28,90,63,143,0,141,42,78,0,0,149,91,29,61,28,14,114,103,4,18,11,104,104,74,116,76,36,172,0,120,15,
19:09:29,90,63,143,0,141,42,78,0,0,149,91,29,61,28,14,114,103,4,18,11,104,104,74,116,76,36,172,0,120,15,
19:09:30,90,63,143,0,141,42,78,0,0,149,91,29,61,28,14,114,103,4,18,11,104,104,74,116,76,36,172,0,120,15,
19:09:31,90,63,143,0,141,42,78,0,0,149,91,29,61,28,14,114,103,4,18,11,104,104,74,116,76,36,172,0,120,15,
19:09:32,90,63,143,0,141,42,78,0,0,149,91,29,61,28,14,114,103,4,18,11,104,104,74,116,76,36,172,0,120,15,
19:09:33,90,63,143,0,141,42,78,0,0,149,91,29,61,28,14,114,103,4,18,11,104,104,74,116,76,36,172,0,120,15,
19:09:34,90,63,143,0,141,42,78,0,0,149,91,29,61,28,14,114,103,4,18,11,104,104,74,116,76,36,172,0,120,15,
19:09:35,90,63,143,0,141,42,78,0,0,149,91,29,61,28,14,114,103,4,18,11,104,104,74,116,76,36,172,0,120,15,
19:09:36,90,63,143,0,141,42,78,0,0,149,91,29,61,28,14,114,103,4,18,11,104,104,74,116,76,36,172,0,120,15,
19:09:37,90,63,143,0,141,42,78,0,0,149,91,29,61,28,14,114,103,4,18,11,104,104,74,116,76,36,172,0,120,15,
19:09:38,90,63,143,0,141,42,78,0,0,149,91,29,61,28,14,114,103,4,18,11,104,104,74,116,76,36,172,0,120,15,
19:09:39,90,63,143,0,141,42,78,0,0,149,91,29,61,28,14,114,103,4,18,11,104,104,74,116,76,36,172,0,120,15,
19:09:40,90,63,143,0,141,42,78,0,0,149,91,29,61,28,14,114,103,4,18,11,104,104,74,116,76,36,172,0,120,15,
19:09:41,90,63,143,0,141,42,78,0,0,149,91,29,61,28,14,114,103,4,18,11,104,104,74,116,76,36,172,0,120,15,
19:09:42,90,63,143,0,141,42,78,0,0,149,91,29,61,28,14,114,103,4,18,11,104,104,74,116,76,36,172,0,120,15,
19:09:43,90,63,143,0,141,42,78,0,0,149,91,29,61,28,14,114,103,4,18,11,104,104,74,116,76,36,172,0,120,15,
19:09:44,90,63,143,0,141,42,78,0,0,149,91,29,61,28,14,114,103,4,18,11,104,104,74,116,76,36,172,0,120,15,
19:09:45,90,63,143,0,141,42,78,0,0,149,91,29,61,28,14,114,103,4,18,11,104,104,74,116,76,36,172,0,120,15,
19:09:46,90,63,143,0,141,42,78,0,0,149,91,29,61,28,14,114,103,4,18,11,104,104,74,116,76,36,172,0,120,15,
19:09:47,90,63,143,0,141,42,78,0,0,154,91,29,61,28,14,117,103,4,18,11,104,107,74,116,76,36,172,0,122,15,
19:09:48,90,63,143,0,141,42,78,0,0,154,91,29,61,28,14,117,103,4,18,11,104,107,74,116,76,36,172,0,122,15,
19:09:49,90,63,143,0,141,42,78,0,0,154,91,29,61,28,14,117,103,4,18,11,104,107,74,116,76,36,172,0,122,15,
19:09:50,90,63,143,0,141,42,78,0,0,154,91,29,61,28,14,117,103,4,18,11,104,107,74,116,76,36,172,0,122,15,
19:09:51,90,63,143,0,141,42,78,0,0,154,91,29,61,28,14,117,103,4,18,11,104,107,74,116,76,36,172,0,122,15,
19:09:52,90,63,143,0,141,42,78,0,0,154,91,29,61,28,14,117,103,4,18,11,104,107,74,116,76,36,172,0,122,15,
19:09:53,90,63,143,0,141,42,78,0,0,154,91,29,61,28,14,117,103,4,18,11,104,107,74,116,76,36,172,0,122,15,
19:09:54,90,63,143,0,141,42,78,0,0,154,91,29,61,28,14,117,103,4,18,11,104,107,74,116,76,36,172,0,122,15,
19:09:55,90,63,143,0,141,42,78,0,0,154,91,29,61,28,14,117,103,4,18,11,104,107,74,116,76,36,172,0,122,15,
19:09:56,90,63,143,0,141,42,78,0,0,154,91,29,61,28,14,117,103,4,18,11,104,107,74,116,76,36,172,0,122,15,
19:09:57,90,63,143,0,141,42,78,0,0,154,91,29,61,28,14,117,103,4,18,11,104,107,74,116,76,36,172,0,122,15,
19:09:58,90,63,143,0,141,42,78,0,0,154,91,29,61,28,14,117,103,4,18,11,104,107,74,116,76,36,172,0,122,15,
19:09:59,90,63,143,0,141,42,78,0,0,154,91,29,61,28,14,117,103,4,18,11,104,107,74,116,76,36,172,0,122,15,
19:10,90,63,143,0,141,42,78,0,0,154,91,29,61,28,14,117,103,4,18,11,104,107,74,116,76,36,172,0,122,15,
19:10:01,90,63,143,0,141,42,78,0,0,154,91,29,61,28,14,117,103,4,18,11,104,107,74,116,76,36,172,0,122,15,
19:10:02,90,63,143,0,141,42,78,0,0,154,91,29,61,28,14,117,103,4,18,11,104,107,74,116,76,36,172,0,122,15,
19:10:03,90,63,143,0,141,42,78,0,0,154,91,29,61,28,14,117,103,4,18,11,104,107,74,116,76,36,172,0,122,15,
19:10:04,90,63,143,0,141,42,78,0,0,154,91,29,61,28,14,117,103,4,18,11,104,107,74,116,76,36,172,0,122,15,
19:10:05,90,63,143,0,141,42,78,0,0,154,91,29,61,28,14,117,103,4,18,11,104,107,74,116,76,36,172,0,122,15,
19:10:06,90,63,143,0,141,42,78,0,0,154,91,29,61,28,14,117,103,4,18,11,104,107,74,116,76,36,172,0,122,15,
19:10:07,90,63,143,0,141,42,78,0,0,154,91,29,61,28,14,117,103,4,18,11,104,107,74,116,76,36,172,0,122,15,
19:10:08,90,63,143,0,141,42,78,0,0,154,91,29,61,28,14,117,103,4,18,11,104,107,74,116,76,36,172,0,122,15,
19:10:09,90,63,143,0,141,42,78,0,0,154,91,29,61,28,14,117,103,4,18,11,104,107,74,116,76,36,172,0,122,15,
19:10:10,90,63,143,0,141,42,78,0,0,154,91,29,61,28,14,117,103,4,18,11,104,107,74,116,76,36,172,0,122,15,
19:10:11,90,63,143,0,141,42,78,0,0,154,91,29,61,28,14,117,103,4,18,11,104,107,74,116,76,36,172,0,122,15,
19:10:12,90,63,143,0,141,42,78,0,0,154,91,29,61,28,14,117,103,4,18,11,104,107,74,116,76,36,172,0,122,15,
19:10:13,90,63,143,0,141,42,78,0,0,154,91,29,61,28,14,117,103,4,18,11,104,107,74,116,76,36,172,0,122,15,
19:10:14,90,63,143,0,141,42,78,0,0,154,91,29,61,28,14,117,103,4,18,11,104,107,74,116,76,36,172,0,122,15,
19:10:15,90,63,143,0,141,42,78,0,0,154,91,29,61,28,14,117,103,4,18,11,104,107,74,116,76,36,172,0,122,15,
19:10:16,90,63,143,0,141,44,78,0,0,154,93,29,61,28,14,119,103,4,18,11,104,107,74,116,76,36,176,0,122,15,
19:10:17,90,63,143,0,141,44,78,0,0,154,93,29,61,28,14,119,103,4,18,11,104,107,74,116,76,36,176,0,122,15,
19:10:18,90,63,143,0,141,44,78,0,0,154,93,29,61,28,14,119,103,4,18,11,104,107,74,116,76,36,176,0,122,15,
19:10:19,90,63,143,0,141,44,78,0,0,154,93,29,61,28,14,119,103,4,18,11,104,107,74,116,76,36,176,0,122,15,
19:10:20,90,63,143,0,141,44,78,0,0,154,93,29,61,28,14,119,103,4,18,11,104,107,74,116,76,36,176,0,122,15,
19:10:21,90,63,143,0,141,44,78,0,0,154,93,29,61,28,14,119,103,4,18,11,104,107,74,116,76,36,176,0,122,15,
19:10:22,90,63,143,0,141,44,78,0,0,154,93,29,61,28,14,119,103,4,18,11,104,107,74,116,76,36,176,0,122,15,
19:10:23,90,63,143,0,141,44,78,0,0,154,93,29,61,28,14,119,103,4,18,11,104,107,74,116,76,36,176,0,122,15,
19:10:24,90,63,143,0,141,44,78,0,0,154,93,29,61,28,14,119,103,4,18,11,104,107,74,116,76,36,176,0,122,15,
19:10:25,90,63,143,0,141,44,78,0,0,154,93,29,61,28,14,119,103,4,18,11,104,107,74,116,76,36,176,0,122,15,
19:10:26,90,63,143,0,141,44,78,0,0,154,93,29,61,28,14,119,103,4,18,11,104,107,74,116,76,36,176,0,122,15,
19:10:27,90,63,143,0,141,44,78,0,0,154,93,29,61,28,14,119,103,4,18,11,104,107,74,116,76,36,176,0,122,15,
19:10:28,90,63,143,0,141,44,78,0,0,154,93,29,61,28,14,119,103,4,18,11,104,107,74,116,76,36,176,0,122,15,
19:10:29,90,63,143,0,141,44,78,0,0,154,93,29,61,28,14,119,103,4,18,11,104,107,74,116,76,36,176,0,122,15,
19:10:30,90,63,143,0,141,44,78,0,0,154,93,29,61,28,14,119,103,4,18,11,104,107,74,116,76,36,176,0,122,15,
19:10:31,90,63,143,0,141,44,78,0,0,154,93,29,61,28,14,119,103,4,18,11,104,107,74,116,76,36,176,0,122,15,
19:10:32,90,63,143,0,141,44,78,0,0,154,93,29,61,28,14,119,103,4,18,11,104,107,74,116,76,36,176,0,122,15,
19:10:33,90,63,143,0,141,44,78,0,0,154,93,29,61,28,14,119,103,4,18,11,104,107,74,116,76,36,176,0,122,15,
19:10:34,90,63,143,0,141,44,78,0,0,154,93,29,61,28,14,119,103,4,18,11,104,107,74,116,76,36,176,0,122,15,
19:10:35,90,63,143,0,141,44,78,0,0,154,93,29,61,28,14,119,103,4,18,11,104,107,74,116,76,36,176,0,122,15,
19:10:36,90,63,143,0,141,44,78,0,0,154,93,29,61,28,14,119,103,4,18,11,104,107,74,116,76,36,176,0,122,15,
19:10:37,90,63,143,0,141,44,78,0,0,154,93,29,61,28,14,119,103,4,18,11,104,107,74,116,76,36,176,0,122,15,
19:10:38,90,63,143,0,141,44,78,0,0,154,93,29,61,28,14,119,103,4,18,11,104,107,74,116,76,36,176,0,122,15,
19:10:39,90,63,143,0,141,44,78,0,0,154,93,29,61,28,14,119,103,4,18,11,104,107,74,116,76,36,176,0,122,15,
19:10:40,90,63,143,0,141,44,78,0,0,154,93,29,61,28,14,119,103,4,18,11,104,107,74,116,76,36,176,0,122,15,
19:10:41,90,63,143,0,141,44,78,0,0,154,93,29,61,28,14,119,103,4,18,11,104,107,74,116,76,36,176,0,122,15,
19:10:42,90,63,143,0,141,44,78,0,0,154,93,29,61,28,14,119,103,4,18,11,104,107,74,116,76,36,176,0,122,15,
19:10:43,90,63,143,0,141,44,78,0,0,154,93,29,61,28,14,119,103,4,18,11,104,107,74,116,76,36,176,0,122,15,
19:10:44,90,63,143,0,141,44,78,0,0,154,93,29,61,28,14,119,103,4,18,11,104,107,74,116,76,36,176,0,122,15,
19:10:45,92,63,143,0,144,44,78,0,0,158,93,29,61,28,16,122,103,4,18,11,104,108,74,119,76,36,181,0,122,15,
19:10:46,92,63,143,0,144,44,78,0,0,158,93,29,61,28,16,122,103,4,18,11,104,108,74,119,76,36,181,0,122,15,
19:10:47,92,63,143,0,144,44,78,0,0,158,93,29,61,28,16,122,103,4,18,11,104,108,74,119,76,36,181,0,122,15,
19:10:48,92,63,143,0,144,44,78,0,0,158,93,29,61,28,16,122,103,4,18,11,104,108,74,119,76,36,181,0,122,15,
19:10:49,92,63,143,0,144,44,78,0,0,158,93,29,61,28,16,122,103,4,18,11,104,108,74,119,76,36,181,0,122,15,
19:10:50,92,63,143,0,144,44,78,0,0,158,93,29,61,28,16,122,103,4,18,11,104,108,74,119,76,36,181,0,122,15,
19:10:51,92,63,143,0,144,44,78,0,0,158,93,29,61,28,16,122,103,4,18,11,104,108,74,119,76,36,181,0,122,15,
19:10:52,92,63,143,0,144,44,78,0,0,158,93,29,61,28,16,122,103,4,18,11,104,108,74,119,76,36,181,0,122,15,
19:10:53,92,63,143,0,144,44,78,0,0,158,93,29,61,28,16,122,103,4,18,11,104,108,74,119,76,36,181,0,122,15,
19:10:54,92,63,143,0,144,44,78,0,0,158,93,29,61,28,16,122,103,4,18,11,104,108,74,119,76,36,181,0,122,15,
19:10:55,92,63,143,0,144,44,78,0,0,158,93,29,61,28,16,122,103,4,18,11,104,108,74,119,76,36,181,0,122,15,
19:10:56,92,63,143,0,144,44,78,0,0,158,93,29,61,28,16,122,103,4,18,11,104,108,74,119,76,36,181,0,122,15,
19:10:57,92,63,143,0,144,44,78,0,0,158,93,29,61,28,16,122,103,4,18,11,104,108,74,119,76,36,181,0,122,15,
19:10:58,92,63,143,0,144,44,78,0,0,158,93,29,61,28,16,122,103,4,18,11,104,108,74,119,76,36,181,0,122,15,
19:10:59,92,63,143,0,144,44,78,0,0,158,93,29,61,28,16,122,103,4,18,11,104,108,74,119,76,36,181,0,122,15,
19:11,92,63,143,0,144,44,78,0,0,158,93,29,61,28,16,122,103,4,18,11,104,108,74,119,76,36,181,0,122,15,
19:11:01,92,63,143,0,144,44,78,0,0,158,93,29,61,28,16,122,103,4,18,11,104,108,74,119,76,36,181,0,122,15,
19:11:02,92,63,143,0,144,44,78,0,0,158,93,29,61,28,16,122,103,4,18,11,104,108,74,119,76,36,181,0,122,15,
19:11:03,92,63,143,0,144,44,78,0,0,158,93,29,61,28,16,122,103,4,18,11,104,108,74,119,76,36,181,0,122,15,
19:11:04,92,63,143,0,144,44,78,0,0,158,93,29,61,28,16,122,103,4,18,11,104,108,74,119,76,36,181,0,122,15,
19:11:05,92,63,143,0,144,44,78,0,0,158,93,29,61,28,16,122,103,4,18,11,104,108,74,119,76,36,181,0,122,15,
19:11:06,92,63,143,0,144,44,78,0,0,158,93,29,61,28,16,122,103,4,18,11,104,108,74,119,76,36,181,0,122,15,
19:11:07,92,63,143,0,144,44,78,0,0,158,93,29,61,28,16,122,103,4,18,11,104,108,74,119,76,36,181,0,122,15,
19:11:08,92,63,143,0,144,44,78,0,0,158,93,29,61,28,16,122,103,4,18,11,104,108,74,119,76,36,181,0,122,15,
19:11:09,92,63,143,0,144,44,78,0,0,158,93,29,61,28,16,122,103,4,18,11,104,108,74,119,76,36,181,0,122,15,
19:11:10,92,63,143,0,144,44,78,0,0,158,93,29,61,28,16,122,103,4,18,11,104,108,74,119,76,36,181,0,122,15,
19:11:11,92,63,143,0,144,44,78,0,0,158,93,29,61,28,16,122,103,4,18,11,104,108,74,119,76,36,181,0,122,15,
19:11:12,92,63,143,0,144,44,78,0,0,158,93,29,61,28,16,122,103,4,18,11,104,108,74,119,76,36,181,0,122,15,
19:11:13,92,63,143,0,144,44,78,0,0,158,93,29,61,28,16,122,103,4,18,11,104,108,74,119,76,36,181,0,122,15,
19:11:14,92,63,143,0,144,44,78,0,0,158,93,29,61,28,16,122,103,4,18,11,104,108,74,119,76,36,181,0,122,15,
19:11:15,92,63,143,0,144,44,78,0,0,158,93,29,61,28,16,122,103,4,18,11,104,108,74,119,76,36,181,0,122,15,
19:11:16,92,66,143,0,147,44,78,0,0,158,93,29,61,28,16,122,103,4,18,11,104,108,74,119,76,36,181,0,122,15,
19:11:17,92,66,143,0,147,44,78,0,0,158,93,29,61,28,16,122,103,4,18,11,104,108,74,119,76,36,181,0,122,15,
19:11:18,92,66,143,0,147,44,78,0,0,158,93,29,61,28,16,122,103,4,18,11,104,108,74,119,76,36,181,0,122,15,
19:11:19,92,66,143,0,147,44,78,0,0,158,93,29,61,28,16,122,103,4,18,11,104,108,74,119,76,36,181,0,122,15,
19:11:20,92,66,143,0,147,44,78,0,0,158,93,29,61,28,16,122,103,4,18,11,104,108,74,119,76,36,181,0,122,15,
19:11:21,92,66,143,0,147,44,78,0,0,158,93,29,61,28,16,122,103,4,18,11,104,108,74,119,76,36,181,0,122,15,
19:11:22,92,66,143,0,147,44,78,0,0,158,93,29,61,28,16,122,103,4,18,11,104,108,74,119,76,36,181,0,122,15,
19:11:23,92,66,143,0,147,44,78,0,0,158,93,29,61,28,16,122,103,4,18,11,104,108,74,119,76,36,181,0,122,15,
19:11:24,92,66,143,0,147,44,78,0,0,158,93,29,61,28,16,122,103,4,18,11,104,108,74,119,76,36,181,0,122,15,
19:11:25,92,66,143,0,147,44,78,0,0,158,93,29,61,28,16,122,103,4,18,11,104,108,74,119,76,36,181,0,122,15,
19:11:26,92,66,143,0,147,44,78,0,0,158,93,29,61,28,16,122,103,4,18,11,104,108,74,119,76,36,181,0,122,15,
19:11:27,92,66,143,0,147,44,78,0,0,158,93,29,61,28,16,122,103,4,18,11,104,108,74,119,76,36,181,0,122,15,
19:11:28,92,66,143,0,147,44,78,0,0,158,93,29,61,28,16,122,103,4,18,11,104,108,74,119,76,36,181,0,122,15,
19:11:29,92,66,143,0,147,44,78,0,0,158,93,29,61,28,16,122,103,4,18,11,104,108,74,119,76,36,181,0,122,15,
19:11:30,92,66,143,0,147,44,78,0,0,158,93,29,61,28,16,122,103,4,18,11,104,108,74,119,76,36,181,0,122,15,
19:11:31,92,66,143,0,147,44,78,0,0,158,93,29,61,28,16,122,103,4,18,11,104,108,74,119,76,36,181,0,122,15,
19:11:32,92,66,143,0,147,44,78,0,0,158,93,29,61,28,16,122,103,4,18,11,104,108,74,119,76,36,181,0,122,15,
19:11:33,92,66,143,0,147,44,78,0,0,158,93,29,61,28,16,122,103,4,18,11,104,108,74,119,76,36,181,0,122,15,
19:11:34,92,66,143,0,147,44,78,0,0,158,93,29,61,28,16,122,103,4,18,11,104,108,74,119,76,36,181,0,122,15,
19:11:35,92,66,143,0,147,44,78,0,0,158,93,29,61,28,16,122,103,4,18,11,104,108,74,119,76,36,181,0,122,15,
19:11:36,92,66,143,0,147,44,78,0,0,158,93,29,61,28,16,122,103,4,18,11,104,108,74,119,76,36,181,0,122,15,
19:11:37,92,66,143,0,147,44,78,0,0,158,93,29,61,28,16,122,103,4,18,11,104,108,74,119,76,36,181,0,122,15,
19:11:38,92,66,143,0,147,44,78,0,0,158,93,29,61,28,16,122,103,4,18,11,104,108,74,119,76,36,181,0,122,15,
19:11:39,92,66,143,0,147,44,78,0,0,158,93,29,61,28,16,122,103,4,18,11,104,108,74,119,76,36,181,0,122,15,
19:11:40,92,66,143,0,147,44,78,0,0,158,93,29,61,28,16,122,103,4,18,11,104,108,74,119,76,36,181,0,122,15,
19:11:41,92,66,143,0,147,44,78,0,0,158,93,29,61,28,16,122,103,4,18,11,104,108,74,123,76,36,181,0,122,15,
19:11:42,92,66,143,0,147,44,78,0,0,158,93,29,61,28,16,122,103,4,18,11,104,108,74,123,76,36,181,0,122,15,
19:11:43,92,66,143,0,147,44,78,0,0,158,93,29,61,28,16,122,103,4,18,11,104,108,74,123,76,36,181,0,122,15,
19:11:44,92,66,143,0,147,44,78,0,0,158,93,29,61,28,16,122,103,4,18,11,104,108,74,123,76,36,181,0,122,15,
19:11:45,92,66,143,0,147,44,78,0,0,158,93,29,61,28,16,122,103,4,18,11,104,108,74,123,76,36,181,0,122,15,
19:11:46,92,66,143,0,147,44,78,0,0,158,93,29,61,28,16,122,103,4,18,11,104,108,74,123,76,36,181,0,122,15,
19:11:47,92,66,147,0,147,44,80,0,0,162,93,29,61,28,16,122,103,4,18,11,104,112,74,123,76,36,184,0,124,15,
19:11:48,92,66,147,0,147,44,80,0,0,162,93,29,61,28,16,122,103,4,18,11,104,112,74,123,76,36,184,0,124,15,
19:11:49,92,66,147,0,147,44,80,0,0,162,93,29,61,28,16,122,103,4,18,11,104,112,74,123,76,36,184,0,124,15,
19:11:50,92,66,147,0,147,44,80,0,0,162,93,29,61,28,16,122,103,4,18,11,104,112,74,123,76,36,184,0,124,15,
19:11:51,92,66,147,0,147,44,80,0,0,162,93,29,61,28,16,122,103,4,18,11,104,112,74,123,76,36,184,0,124,15,
19:11:52,92,66,147,0,147,44,80,0,0,162,93,29,61,28,16,122,103,4,18,11,104,112,74,123,76,36,184,0,124,15,
19:11:53,92,66,147,0,147,44,80,0,0,162,93,29,61,28,16,122,103,4,18,11,104,112,74,123,76,36,184,0,124,15,
19:11:54,92,66,147,0,147,44,80,0,0,162,93,29,61,28,16,122,103,4,18,11,104,112,74,123,76,36,184,0,124,15,
19:11:55,92,66,147,0,147,44,80,0,0,162,93,29,61,28,16,122,103,4,18,11,104,112,74,123,76,36,184,0,124,15,
19:11:56,92,66,147,0,147,44,80,0,0,162,93,29,61,28,16,122,103,4,18,11,104,112,74,123,76,36,184,0,124,15,
19:11:57,92,66,147,0,147,44,80,0,0,162,93,29,61,28,16,122,103,4,18,11,104,112,74,123,76,36,184,0,124,15,
19:11:58,92,66,147,0,147,44,80,0,0,162,93,29,61,28,16,122,103,4,18,11,104,112,74,123,76,36,184,0,124,15,
19:11:59,92,66,147,0,147,44,80,0,0,162,93,29,61,28,16,122,103,4,18,11,104,112,74,123,76,36,184,0,124,15,
19:12,92,66,147,0,147,44,80,0,0,162,93,29,61,28,16,122,103,4,18,11,104,112,74,123,76,36,184,0,124,15,
19:12:01,92,66,147,0,147,44,80,0,0,162,93,29,61,28,16,122,103,4,18,11,104,112,74,123,76,36,184,0,124,15,
19:12:02,92,66,147,0,147,44,80,0,0,162,93,29,61,28,16,122,103,4,18,11,104,112,74,123,76,36,184,0,124,15,
19:12:03,92,66,147,0,147,44,80,0,0,162,93,29,61,28,16,122,103,4,18,11,104,112,74,123,76,36,184,0,124,15,
19:12:04,92,66,147,0,147,44,80,0,0,162,93,29,61,28,16,122,103,4,18,11,104,112,74,123,76,36,184,0,124,15,
19:12:05,92,66,147,0,147,44,80,0,0,162,93,29,61,28,16,122,103,4,18,11,104,112,74,123,76,36,184,0,124,15,
19:12:06,92,66,147,0,147,44,80,0,0,162,93,29,61,28,16,122,103,4,18,11,104,112,74,123,76,36,184,0,124,15,
19:12:07,92,66,147,0,147,44,80,0,0,162,93,29,61,28,16,122,103,4,18,11,104,112,74,123,76,36,184,0,124,15,
19:12:08,92,66,147,0,147,44,80,0,0,162,93,29,61,28,16,122,103,4,18,11,104,112,74,123,76,36,184,0,124,15,
19:12:09,92,66,147,0,147,44,80,0,0,162,93,29,61,28,16,122,103,4,18,11,104,112,74,123,76,36,184,0,124,15,
19:12:10,92,66,147,0,147,44,80,0,0,162,93,29,61,28,16,122,103,4,18,11,104,112,74,123,76,36,184,0,124,15,
19:12:11,92,66,147,0,147,44,80,0,0,162,93,29,61,28,16,122,103,4,18,11,104,112,74,123,76,36,184,0,124,15,
19:12:12,92,66,147,0,147,44,80,0,0,162,93,29,61,28,16,122,103,4,18,11,104,112,74,123,76,36,184,0,124,15,
19:12:13,92,66,147,0,147,44,80,0,0,162,93,29,61,28,16,122,103,4,18,11,104,112,74,123,76,36,184,0,124,15,
19:12:14,94,66,147,0,147,44,80,0,0,164,93,29,61,28,16,127,105,4,19,11,105,112,74,123,77,36,188,0,124,15,
19:12:15,94,66,147,0,147,44,80,0,0,164,93,29,61,28,16,127,105,4,19,11,105,112,74,123,77,36,188,0,124,15,
19:12:16,94,66,147,0,147,44,80,0,0,164,93,29,61,28,16,127,105,4,19,11,105,112,74,123,77,36,188,0,124,15,
19:12:17,94,66,147,0,147,44,80,0,0,164,93,29,61,28,16,127,105,4,19,11,105,112,74,123,77,36,188,0,124,15,
19:12:18,94,66,147,0,147,44,80,0,0,164,93,29,61,28,16,127,105,4,19,11,105,112,74,123,77,36,188,0,124,15,
19:12:19,94,66,147,0,147,44,80,0,0,164,93,29,61,28,16,127,105,4,19,11,105,112,74,123,77,36,188,0,124,15,
19:12:20,94,66,147,0,147,44,80,0,0,164,93,29,61,28,16,127,105,4,19,11,105,112,74,123,77,36,188,0,124,15,
19:12:21,94,66,147,0,147,44,80,0,0,164,93,29,61,28,16,127,105,4,19,11,105,112,74,123,77,36,188,0,124,15,
19:12:22,94,66,147,0,147,44,80,0,0,164,93,29,61,28,16,127,105,4,19,11,105,112,74,123,77,36,188,0,124,15,
19:12:23,94,66,147,0,147,44,80,0,0,164,93,29,61,28,16,127,105,4,19,11,105,112,74,123,77,36,188,0,124,15,
19:12:24,94,66,147,0,147,44,80,0,0,164,93,29,61,28,16,127,105,4,19,11,105,112,74,123,77,36,188,0,124,15,
19:12:25,94,66,147,0,147,44,80,0,0,164,93,29,61,28,16,127,105,4,19,11,105,112,74,123,77,36,188,0,124,15,
19:12:26,94,66,147,0,147,44,80,0,0,164,93,29,61,28,16,127,105,4,19,11,105,112,74,123,77,36,188,0,124,15,
19:12:27,94,66,147,0,147,44,80,0,0,164,93,29,61,28,16,127,105,4,19,11,105,112,74,123,77,36,188,0,124,15,
19:12:28,94,66,147,0,147,44,80,0,0,164,93,29,61,28,16,127,105,4,19,11,105,112,74,123,77,36,188,0,124,15,
19:12:29,94,66,147,0,147,44,80,0,0,164,93,29,61,28,16,127,105,4,19,11,105,112,74,123,77,36,188,0,124,15,
19:12:30,94,66,147,0,147,44,80,0,0,164,93,29,61,28,16,127,105,4,19,11,105,112,74,123,77,36,188,0,124,15,
19:12:31,94,66,147,0,147,44,80,0,0,164,93,29,61,28,16,127,105,4,19,11,105,112,74,123,77,36,188,0,124,15,
19:12:32,94,66,147,0,147,44,80,0,0,164,93,29,61,28,16,127,105,4,19,11,105,112,74,123,77,36,188,0,124,15,
19:12:33,94,66,147,0,147,44,80,0,0,164,93,29,61,28,16,127,105,4,19,11,105,112,74,123,77,36,188,0,124,15,
19:12:34,94,66,147,0,147,44,80,0,0,164,93,29,61,28,16,127,105,4,19,11,105,112,74,123,77,36,188,0,124,15,
19:12:35,94,66,147,0,147,44,80,0,0,164,93,29,61,28,16,127,105,4,19,11,105,112,74,123,77,36,188,0,124,15,
19:12:36,94,66,147,0,147,44,80,0,0,164,93,29,61,28,16,127,105,4,19,11,105,112,74,123,77,36,188,0,124,15,
19:12:37,94,66,147,0,147,44,80,0,0,164,93,29,61,28,16,127,105,4,19,11,105,112,74,123,77,36,188,0,124,15,
19:12:38,94,66,147,0,147,44,80,0,0,164,93,29,61,28,16,127,105,4,19,11,105,112,74,123,77,36,188,0,124,15,
19:12:39,94,66,147,0,147,44,80,0,0,164,93,29,61,28,16,127,105,4,19,11,105,112,74,123,77,36,188,0,124,15,
19:12:40,94,66,147,0,147,44,80,0,0,164,93,29,61,28,16,127,105,4,19,11,105,112,74,123,77,36,188,0,124,15,
19:12:41,94,66,147,0,147,44,80,0,0,164,93,29,61,28,16,127,105,4,19,11,105,112,74,123,77,36,188,0,124,15,
19:12:42,94,66,147,0,154,44,80,0,0,166,93,31,61,28,16,128,107,4,19,11,105,114,74,125,77,36,188,0,125,15,
19:12:43,94,66,147,0,154,44,80,0,0,166,93,31,61,28,16,128,107,4,19,11,105,114,74,125,77,36,188,0,125,15,
19:12:44,94,66,147,0,154,44,80,0,0,166,93,31,61,28,16,128,107,4,19,11,105,114,74,125,77,36,188,0,125,15,
19:12:45,94,66,147,0,154,44,80,0,0,166,93,31,61,28,16,128,107,4,19,11,105,114,74,125,77,36,188,0,125,15,
19:12:46,94,66,147,0,154,44,80,0,0,166,93,31,61,28,16,128,107,4,19,11,105,114,74,125,77,36,188,0,125,15,
19:12:47,94,66,147,0,154,44,80,0,0,166,93,31,61,28,16,128,107,4,19,11,105,114,74,125,77,36,188,0,125,15,
19:12:48,94,66,147,0,154,44,80,0,0,166,93,31,61,28,16,128,107,4,19,11,105,114,74,125,77,36,188,0,125,15,
19:12:49,94,66,147,0,154,44,80,0,0,166,93,31,61,28,16,128,107,4,19,11,105,114,74,125,77,36,188,0,125,15,
19:12:50,94,66,147,0,154,44,80,0,0,166,93,31,61,28,16,128,107,4,19,11,105,114,74,125,77,36,188,0,125,15,
19:12:51,94,66,147,0,154,44,80,0,0,166,93,31,61,28,16,128,107,4,19,11,105,114,74,125,77,36,188,0,125,15,
19:12:52,94,66,147,0,154,44,80,0,0,166,93,31,61,28,16,128,107,4,19,11,105,114,74,125,77,36,188,0,125,15,
19:12:53,94,66,147,0,154,44,80,0,0,166,93,31,61,28,16,128,107,4,19,11,105,114,74,125,77,36,188,0,125,15,
19:12:54,94,66,147,0,154,44,80,0,0,166,93,31,61,28,16,128,107,4,19,11,105,114,74,125,77,36,188,0,125,15,
19:12:55,94,66,147,0,154,44,80,0,0,166,93,31,61,28,16,128,107,4,19,11,105,114,74,125,77,36,188,0,125,15,
19:12:56,94,66,147,0,154,44,80,0,0,166,93,31,61,28,16,128,107,4,19,11,105,114,74,125,77,36,188,0,125,15,
19:12:57,94,66,147,0,154,44,80,0,0,166,93,31,61,28,16,128,107,4,19,11,105,114,74,125,77,36,188,0,125,15,
19:12:58,94,66,147,0,154,44,80,0,0,166,93,31,61,28,16,128,107,4,19,11,105,114,74,125,77,36,188,0,125,15,
19:12:59,94,66,147,0,154,44,80,0,0,166,93,31,61,28,16,128,107,4,19,11,105,114,74,125,77,36,188,0,125,15,
19:13,94,66,147,0,154,44,80,0,0,166,93,31,61,28,16,128,107,4,19,11,105,114,74,125,77,36,188,0,125,15,
19:13:01,94,66,147,0,154,44,80,0,0,166,93,31,61,28,16,128,107,4,19,11,105,114,74,125,77,36,188,0,125,15,
19:13:02,94,66,147,0,154,44,80,0,0,166,93,31,61,28,16,128,107,4,19,11,105,114,74,125,77,36,188,0,125,15,
19:13:03,94,66,147,0,154,44,80,0,0,166,93,31,61,28,16,128,107,4,19,11,105,114,74,125,77,36,188,0,125,15,
19:13:04,94,66,147,0,154,44,80,0,0,166,93,31,61,28,16,128,107,4,19,11,105,114,74,125,77,36,188,0,125,15,
19:13:05,94,66,147,0,154,44,80,0,0,166,93,31,61,28,16,128,107,4,19,11,105,114,74,125,77,36,188,0,125,15,
19:13:06,94,66,147,0,154,44,80,0,0,166,93,31,61,28,16,128,107,4,19,11,105,114,74,125,77,36,188,0,125,15,
19:13:07,94,66,147,0,154,44,80,0,0,166,93,31,61,28,16,128,107,4,19,11,105,114,74,125,77,36,188,0,125,15,
19:13:08,94,66,147,0,154,44,80,0,0,166,93,31,61,28,16,128,107,4,19,11,105,114,74,125,77,36,188,0,125,15,
19:13:09,94,66,147,0,154,44,80,0,0,166,93,31,61,28,16,128,107,4,19,11,105,114,74,125,77,36,188,0,125,15,
19:13:10,94,66,147,0,154,44,80,0,0,166,93,31,61,28,16,128,107,4,19,11,105,114,74,125,77,36,188,0,125,15,
19:13:11,96,66,149,0,154,44,80,0,0,166,93,31,61,28,16,128,109,4,19,11,105,114,74,125,79,36,188,0,125,15,
19:13:12,96,66,149,0,154,44,80,0,0,166,93,31,61,28,16,128,109,4,19,11,105,114,74,125,79,36,188,0,125,15,
19:13:13,96,66,149,0,154,44,80,0,0,166,93,31,61,28,16,128,109,4,19,11,105,114,74,125,79,36,188,0,125,15,
19:13:14,96,66,149,0,154,44,80,0,0,166,93,31,61,28,16,128,109,4,19,11,105,114,74,125,79,36,188,0,125,15,
19:13:15,96,66,149,0,154,44,80,0,0,166,93,31,61,28,16,128,109,4,19,11,105,114,74,125,79,36,188,0,125,15,
19:13:16,96,66,149,0,154,44,80,0,0,166,93,31,61,28,16,128,109,4,19,11,105,114,74,125,79,36,188,0,125,15,
19:13:17,96,66,149,0,154,44,80,0,0,166,93,31,61,28,16,128,109,4,19,11,105,114,74,125,79,36,188,0,125,15,
19:13:18,96,66,149,0,154,44,80,0,0,166,93,31,61,28,16,128,109,4,19,11,105,114,74,125,79,36,188,0,125,15,
19:13:19,96,66,149,0,154,44,80,0,0,166,93,31,61,28,16,128,109,4,19,11,105,114,74,125,79,36,188,0,125,15,
19:13:20,96,66,149,0,154,44,80,0,0,166,93,31,61,28,16,128,109,4,19,11,105,114,74,125,79,36,188,0,125,15,
19:13:21,96,66,149,0,154,44,80,0,0,166,93,31,61,28,16,128,109,4,19,11,105,114,74,125,79,36,188,0,125,15,
19:13:22,96,66,149,0,154,44,80,0,0,166,93,31,61,28,16,128,109,4,19,11,105,114,74,125,79,36,188,0,125,15,
19:13:23,96,66,149,0,154,44,80,0,0,166,93,31,61,28,16,128,109,4,19,11,105,114,74,125,79,36,188,0,125,15,
19:13:24,96,66,149,0,154,44,80,0,0,166,93,31,61,28,16,128,109,4,19,11,105,114,74,125,79,36,188,0,125,15,
19:13:25,96,66,149,0,154,44,80,0,0,166,93,31,61,28,16,128,109,4,19,11,105,114,74,125,79,36,188,0,125,15,
19:13:26,96,66,149,0,154,44,80,0,0,166,93,31,61,28,16,128,109,4,19,11,105,114,74,125,79,36,188,0,125,15,
19:13:27,96,66,149,0,154,44,80,0,0,166,93,31,61,28,16,128,109,4,19,11,105,114,74,125,79,36,188,0,125,15,
19:13:28,96,66,149,0,154,44,80,0,0,166,93,31,61,28,16,128,109,4,19,11,105,114,74,125,79,36,188,0,125,15,
19:13:29,96,66,149,0,154,44,80,0,0,166,93,31,61,28,16,128,109,4,19,11,105,114,74,125,79,36,188,0,125,15,
19:13:30,96,66,149,0,154,44,80,0,0,166,93,31,61,28,16,128,109,4,19,11,105,114,74,125,79,36,188,0,125,15,
19:13:31,96,66,149,0,154,44,80,0,0,166,93,31,61,28,16,128,109,4,19,11,105,114,74,125,79,36,188,0,125,15,
19:13:32,96,66,149,0,154,44,80,0,0,166,93,31,61,28,16,128,109,4,19,11,105,114,74,125,79,36,188,0,125,15,
19:13:33,96,66,149,0,154,44,80,0,0,166,93,31,61,28,16,128,109,4,19,11,105,114,74,125,79,36,188,0,125,15,
19:13:34,96,66,149,0,154,44,80,0,0,166,93,31,61,28,16,128,109,4,19,11,105,114,74,125,79,36,188,0,125,15,
19:13:35,96,66,149,0,154,44,80,0,0,166,93,31,61,28,16,128,109,4,19,11,105,114,74,125,79,36,188,0,125,15,
19:13:36,96,66,149,0,154,44,80,0,0,166,93,31,61,28,16,128,109,4,19,11,105,114,74,125,79,36,188,0,125,15,
19:13:37,96,66,149,0,154,44,80,0,0,166,93,31,61,28,16,128,109,4,19,11,105,114,74,125,79,36,188,0,125,15,
19:13:38,96,66,149,0,154,44,80,0,0,166,93,31,61,28,16,128,109,4,19,11,105,114,74,125,79,36,188,0,125,15,
19:13:39,96,66,149,0,154,44,80,0,0,166,93,31,61,28,16,128,109,4,19,11,105,114,74,125,79,36,188,0,125,15,
19:13:40,98,66,149,0,156,44,82,0,0,166,93,31,61,28,16,128,110,4,19,11,105,114,74,125,79,36,190,0,125,15,
19:13:41,98,66,149,0,156,44,82,0,0,166,93,31,61,28,16,128,110,4,19,11,105,114,74,125,79,36,190,0,125,15,
19:13:42,98,66,149,0,156,44,82,0,0,166,93,31,61,28,16,128,110,4,19,11,105,114,74,125,79,36,190,0,125,15,
19:13:43,98,66,149,0,156,44,82,0,0,166,93,31,61,28,16,128,110,4,19,11,105,114,74,125,79,36,190,0,125,15,
19:13:44,98,66,149,0,156,44,82,0,0,166,93,31,61,28,16,128,110,4,19,11,105,114,74,125,79,36,190,0,125,15,
19:13:45,98,66,149,0,156,44,82,0,0,166,93,31,61,28,16,128,110,4,19,11,105,114,74,125,79,36,190,0,125,15,
19:13:46,98,66,149,0,156,44,82,0,0,166,93,31,61,28,16,128,110,4,19,11,105,114,74,125,79,36,190,0,125,15,
19:13:47,98,66,149,0,156,44,82,0,0,166,93,31,61,28,16,128,110,4,19,11,105,114,74,125,79,36,190,0,125,15,
19:13:48,98,66,149,0,156,44,82,0,0,166,93,31,61,28,16,128,110,4,19,11,105,114,74,125,79,36,190,0,125,15,
19:13:49,98,66,149,0,156,44,82,0,0,166,93,31,61,28,16,128,110,4,19,11,105,114,74,125,79,36,190,0,125,15,
19:13:50,98,66,149,0,156,44,82,0,0,166,93,31,61,28,16,128,110,4,19,11,105,114,74,125,79,36,190,0,125,15,
19:13:51,98,66,149,0,156,44,82,0,0,166,93,31,61,28,16,128,110,4,19,11,105,114,74,125,79,36,190,0,125,15,
19:13:52,98,66,149,0,156,44,82,0,0,166,93,31,61,28,16,128,110,4,19,11,105,114,74,125,79,36,190,0,125,15,
19:13:53,98,66,149,0,156,44,82,0,0,166,93,31,61,28,16,128,110,4,19,11,105,114,74,125,79,36,190,0,125,15,
19:13:54,98,66,149,0,156,44,82,0,0,166,93,31,61,28,16,128,110,4,19,11,105,114,74,125,79,36,190,0,125,15,
19:13:55,98,66,149,0,156,44,82,0,0,166,93,31,61,28,16,128,110,4,19,11,105,114,74,125,79,36,190,0,125,15,
19:13:56,98,66,149,0,156,44,82,0,0,166,93,31,61,28,16,128,110,4,19,11,105,114,74,125,79,36,190,0,125,15,
19:13:57,98,66,149,0,156,44,82,0,0,166,93,31,61,28,16,128,110,4,19,11,105,114,74,125,79,36,190,0,125,15,
19:13:58,98,66,149,0,156,44,82,0,0,166,93,31,61,28,16,128,110,4,19,11,105,114,74,125,79,36,190,0,125,15,
19:13:59,98,66,149,0,156,44,82,0,0,166,93,31,61,28,16,128,110,4,19,11,105,114,74,125,79,36,190,0,125,15,
19:14,98,66,149,0,156,44,82,0,0,166,93,31,61,28,16,128,110,4,19,11,105,114,74,125,79,36,190,0,125,15,
19:14:01,98,66,149,0,156,44,82,0,0,166,93,31,61,28,16,128,110,4,19,11,105,114,74,125,79,36,190,0,125,15,
19:14:02,98,66,149,0,156,44,82,0,0,166,93,31,61,28,16,128,110,4,19,11,105,114,74,125,79,36,190,0,125,15,
19:14:03,98,66,149,0,156,44,82,0,0,166,93,31,61,28,16,128,110,4,19,11,105,114,74,125,79,36,190,0,125,15,
19:14:04,98,66,149,0,156,44,82,0,0,166,93,31,61,28,16,128,110,4,19,11,105,114,74,125,79,36,190,0,125,15,
19:14:05,98,66,149,0,156,44,82,0,0,166,93,31,61,28,16,128,110,4,19,11,105,114,74,125,79,36,190,0,125,15,
19:14:06,98,66,149,0,156,44,82,0,0,166,93,31,61,28,16,128,110,4,19,11,105,114,74,125,79,36,190,0,125,15,
19:14:07,98,66,149,0,156,44,82,0,0,166,93,31,61,28,16,128,110,4,19,11,105,114,74,125,79,36,190,0,125,15,
19:14:08,98,66,149,0,156,44,82,0,0,166,93,31,61,28,16,128,110,4,19,11,105,114,74,125,79,36,190,0,125,15,
19:14:09,98,66,149,0,156,44,82,0,0,166,93,31,61,28,16,128,110,4,19,11,105,114,74,125,79,36,190,0,125,15,
19:14:10,98,66,149,0,156,44,82,0,0,166,93,31,61,28,16,128,110,4,19,11,105,114,74,125,79,36,190,0,125,15,
19:14:11,100,66,149,0,156,44,82,0,0,166,100,33,61,28,16,128,110,4,19,11,105,114,74,131,79,36,193,0,125,15,
19:14:12,100,66,149,0,156,44,82,0,0,166,100,33,61,28,16,128,110,4,19,11,105,114,74,131,79,36,193,0,125,15,
19:14:13,100,66,149,0,156,44,82,0,0,166,100,33,61,28,16,128,110,4,19,11,105,114,74,131,79,36,193,0,125,15,
19:14:14,100,66,149,0,156,44,82,0,0,166,100,33,61,28,16,128,110,4,19,11,105,114,74,131,79,36,193,0,125,15,
19:14:15,100,66,149,0,156,44,82,0,0,166,100,33,61,28,16,128,110,4,19,11,105,114,74,131,79,36,193,0,125,15,
19:14:16,100,66,149,0,156,44,82,0,0,166,100,33,61,28,16,128,110,4,19,11,105,114,74,131,79,36,193,0,125,15,
19:14:17,100,66,149,0,156,44,82,0,0,166,100,33,61,28,16,128,110,4,19,11,105,114,74,131,79,36,193,0,125,15,
19:14:18,100,66,149,0,156,44,82,0,0,166,100,33,61,28,16,128,110,4,19,11,105,114,74,131,79,36,193,0,125,15,
19:14:19,100,66,149,0,156,44,82,0,0,166,100,33,61,28,16,128,110,4,19,11,105,114,74,131,79,36,193,0,125,15,
19:14:20,100,66,149,0,156,44,82,0,0,166,100,33,61,28,16,128,110,4,19,11,105,114,74,131,79,36,193,0,125,15,
19:14:21,100,66,149,0,156,44,82,0,0,166,100,33,61,28,16,128,110,4,19,11,105,114,74,131,79,36,193,0,125,15,
19:14:22,100,66,149,0,156,44,82,0,0,166,100,33,61,28,16,128,110,4,19,11,105,114,74,131,79,36,193,0,125,15,
19:14:23,100,66,149,0,156,44,82,0,0,166,100,33,61,28,16,128,110,4,19,11,105,114,74,131,79,36,193,0,125,15,
19:14:24,100,66,149,0,156,44,82,0,0,166,100,33,61,28,16,128,110,4,19,11,105,114,74,131,79,36,193,0,125,15,
19:14:25,100,66,149,0,156,44,82,0,0,166,100,33,61,28,16,128,110,4,19,11,105,114,74,131,79,36,193,0,125,15,
19:14:26,100,66,149,0,156,44,82,0,0,166,100,33,61,28,16,128,110,4,19,11,105,114,74,131,79,36,193,0,125,15,
19:14:27,100,66,149,0,156,44,82,0,0,166,100,33,61,28,16,128,110,4,19,11,105,114,74,131,79,36,193,0,125,15,
19:14:28,100,66,149,0,156,44,82,0,0,166,100,33,61,28,16,128,110,4,19,11,105,114,74,131,79,36,193,0,125,15,
19:14:29,100,66,149,0,156,44,82,0,0,166,100,33,61,28,16,128,110,4,19,11,105,114,74,131,79,36,193,0,125,15,
19:14:30,100,66,149,0,156,44,82,0,0,166,100,33,61,28,16,128,110,4,19,11,105,114,74,131,79,36,193,0,125,15,
19:14:31,100,66,149,0,156,44,82,0,0,166,100,33,61,28,16,128,110,4,19,11,105,114,74,131,79,36,193,0,125,15,
19:14:32,100,66,149,0,156,44,82,0,0,166,100,33,61,28,16,128,110,4,19,11,105,114,74,131,79,36,193,0,125,15,
19:14:33,100,66,149,0,156,44,82,0,0,166,100,33,61,28,16,128,110,4,19,11,105,114,74,131,79,36,193,0,125,15,
19:14:34,100,66,149,0,156,44,82,0,0,166,100,33,61,28,16,128,110,4,19,11,105,114,74,131,79,36,193,0,125,15,
19:14:35,100,66,149,0,156,44,82,0,0,166,100,33,61,28,16,128,110,4,19,11,105,114,74,131,79,36,193,0,125,15,
19:14:36,100,66,149,0,156,44,82,0,0,166,100,33,61,28,16,128,110,4,19,11,105,114,74,131,79,36,193,0,125,15,
19:14:37,100,66,149,0,156,44,82,0,0,166,100,33,61,28,16,128,110,4,19,11,105,114,74,131,79,36,193,0,125,15,
19:14:38,100,66,149,0,156,44,82,0,0,166,100,33,61,28,16,128,110,4,19,11,105,114,74,131,79,36,193,0,125,15,
19:14:39,100,66,149,0,156,44,82,0,0,166,100,33,61,28,16,128,110,4,19,11,105,114,74,131,79,36,193,0,125,15,
19:14:40,100,66,149,0,156,44,82,0,0,166,100,33,61,28,16,128,110,4,19,11,105,114,74,131,79,36,193,0,125,15,
19:14:41,100,66,149,0,156,44,82,0,0,166,100,33,61,28,16,128,110,4,19,11,105,114,74,131,79,36,193,0,125,15,
19:14:42,100,66,149,0,156,44,82,0,0,166,100,33,61,28,16,128,115,4,19,11,105,114,74,132,79,36,193,0,125,15,
19:14:43,100,66,149,0,156,44,82,0,0,166,100,33,61,28,16,128,115,4,19,11,105,114,74,132,79,36,193,0,125,15,
19:14:44,100,66,149,0,156,44,82,0,0,166,100,33,61,28,16,128,115,4,19,11,105,114,74,132,79,36,193,0,125,15,
19:14:45,100,66,149,0,156,44,82,0,0,166,100,33,61,28,16,128,115,4,19,11,105,114,74,132,79,36,193,0,125,15,
19:14:46,100,66,149,0,156,44,82,0,0,166,100,33,61,28,16,128,115,4,19,11,105,114,74,132,79,36,193,0,125,15,
19:14:47,100,66,149,0,156,44,82,0,0,166,100,33,61,28,16,128,115,4,19,11,105,114,74,132,79,36,193,0,125,15,
19:14:48,100,66,149,0,156,44,82,0,0,166,100,33,61,28,16,128,115,4,19,11,105,114,74,132,79,36,193,0,125,15,
19:14:49,100,66,149,0,156,44,82,0,0,166,100,33,61,28,16,128,115,4,19,11,105,114,74,132,79,36,193,0,125,15,
19:14:50,100,66,149,0,156,44,82,0,0,166,100,33,61,28,16,128,115,4,19,11,105,114,74,132,79,36,193,0,125,15,
19:14:51,100,66,149,0,156,44,82,0,0,166,100,33,61,28,16,128,115,4,19,11,105,114,74,132,79,36,193,0,125,15,
19:14:52,100,66,149,0,156,44,82,0,0,166,100,33,61,28,16,128,115,4,19,11,105,114,74,132,79,36,193,0,125,15,
19:14:53,100,66,149,0,156,44,82,0,0,166,100,33,61,28,16,128,115,4,19,11,105,114,74,132,79,36,193,0,125,15,
19:14:54,100,66,149,0,156,44,82,0,0,166,100,33,61,28,16,128,115,4,19,11,105,114,74,132,79,36,193,0,125,15,
19:14:55,100,66,149,0,156,44,82,0,0,166,100,33,61,28,16,128,115,4,19,11,105,114,74,132,79,36,193,0,125,15,
19:14:56,100,66,149,0,156,44,82,0,0,166,100,33,61,28,16,128,115,4,19,11,105,114,74,132,79,36,193,0,125,15,
19:14:57,100,66,149,0,156,44,82,0,0,166,100,33,61,28,16,128,115,4,19,11,105,114,74,132,79,36,193,0,125,15,
19:14:58,100,66,149,0,156,44,82,0,0,166,100,33,61,28,16,128,115,4,19,11,105,114,74,132,79,36,193,0,125,15,
19:14:59,100,66,149,0,156,44,82,0,0,166,100,33,61,28,16,128,115,4,19,11,105,114,74,132,79,36,193,0,125,15,
19:15,100,66,149,0,156,44,82,0,0,166,100,33,61,28,16,128,115,4,19,11,105,114,74,132,79,36,193,0,125,15,
19:15:01,100,66,149,0,156,44,82,0,0,166,100,33,61,28,16,128,115,4,19,11,105,114,74,132,79,36,193,0,125,15,
19:15:02,100,66,149,0,156,44,82,0,0,166,100,33,61,28,16,128,115,4,19,11,105,114,74,132,79,36,193,0,125,15,
19:15:03,100,66,149,0,156,44,82,0,0,166,100,33,61,28,16,128,115,4,19,11,105,114,74,132,79,36,193,0,125,15,
19:15:04,100,66,149,0,156,44,82,0,0,166,100,33,61,28,16,128,115,4,19,11,105,114,74,132,79,36,193,0,125,15,
19:15:05,100,66,149,0,156,44,82,0,0,166,100,33,61,28,16,128,115,4,19,11,105,114,74,132,79,36,193,0,125,15,
19:15:06,100,66,149,0,156,44,82,0,0,166,100,33,61,28,16,128,115,4,19,11,105,114,74,132,79,36,193,0,125,15,
19:15:07,100,66,149,0,156,44,82,0,0,166,100,33,61,28,16,128,115,4,19,11,105,114,74,132,79,36,193,0,125,15,
19:15:08,100,66,149,0,156,44,82,0,0,166,100,33,61,28,16,128,115,4,19,11,105,114,74,132,79,36,193,0,125,15,
19:15:09,100,66,149,0,156,44,82,0,0,166,100,33,61,28,16,128,115,4,19,11,105,114,74,132,79,36,193,0,125,15,
19:15:10,100,66,149,0,156,44,82,0,0,166,100,33,61,28,16,128,115,4,19,11,105,114,74,132,79,36,193,0,125,15,
19:15:11,100,66,149,0,156,44,82,0,0,166,100,33,61,28,16,128,115,4,19,11,105,114,74,132,79,36,193,0,125,15,
19:15:12,100,66,149,0,156,44,82,0,0,166,100,33,61,28,16,128,115,4,19,11,105,114,74,132,79,36,193,0,125,15,
19:15:13,100,66,149,0,156,44,82,0,0,166,100,33,61,28,16,128,115,4,19,11,105,114,74,132,79,36,193,0,125,15,
19:15:14,100,66,149,0,156,44,82,0,0,166,100,33,61,28,16,128,115,4,19,11,105,114,74,132,79,36,193,0,125,15,
19:15:15,100,66,149,0,156,44,82,0,0,166,100,33,61,28,16,128,115,4,19,11,105,114,74,132,79,36,193,0,125,15,
19:15:16,100,66,153,0,158,44,86,0,0,171,103,33,61,31,16,128,115,4,19,11,105,117,74,132,79,36,193,0,125,15,
19:15:17,100,66,153,0,158,44,86,0,0,171,103,33,61,31,16,128,115,4,19,11,105,117,74,132,79,36,193,0,125,15,
19:15:18,100,66,153,0,158,44,86,0,0,171,103,33,61,31,16,128,115,4,19,11,105,117,74,132,79,36,193,0,125,15,
19:15:19,100,66,153,0,158,44,86,0,0,171,103,33,61,31,16,128,115,4,19,11,105,117,74,132,79,36,193,0,125,15,
19:15:20,100,66,153,0,158,44,86,0,0,171,103,33,61,31,16,128,115,4,19,11,105,117,74,132,79,36,193,0,125,15,
19:15:21,100,66,153,0,158,44,86,0,0,171,103,33,61,31,16,128,115,4,19,11,105,117,74,132,79,36,193,0,125,15,
19:15:22,100,66,153,0,158,44,86,0,0,171,103,33,61,31,16,128,115,4,19,11,105,117,74,132,79,36,193,0,125,15,
19:15:23,100,66,153,0,158,44,86,0,0,171,103,33,61,31,16,128,115,4,19,11,105,117,74,132,79,36,193,0,125,15,
19:15:24,100,66,153,0,158,44,86,0,0,171,103,33,61,31,16,128,115,4,19,11,105,117,74,132,79,36,193,0,125,15,
19:15:25,100,66,153,0,158,44,86,0,0,171,103,33,61,31,16,128,115,4,19,11,105,117,74,132,79,36,193,0,125,15,
19:15:26,100,66,153,0,158,44,86,0,0,171,103,33,61,31,16,128,115,4,19,11,105,117,74,132,79,36,193,0,125,15,
19:15:27,100,66,153,0,158,44,86,0,0,171,103,33,61,31,16,128,115,4,19,11,105,117,74,132,79,36,193,0,125,15,
19:15:28,100,66,153,0,158,44,86,0,0,171,103,33,61,31,16,128,115,4,19,11,105,117,74,132,79,36,193,0,125,15,
19:15:29,100,66,153,0,158,44,86,0,0,171,103,33,61,31,16,128,115,4,19,11,105,117,74,132,79,36,193,0,125,15,
19:15:30,100,66,153,0,158,44,86,0,0,171,103,33,61,31,16,128,115,4,19,11,105,117,74,132,79,36,193,0,125,15,
19:15:31,100,66,153,0,158,44,86,0,0,171,103,33,61,31,16,128,115,4,19,11,105,117,74,132,79,36,193,0,125,15,
19:15:32,100,66,153,0,158,44,86,0,0,171,103,33,61,31,16,128,115,4,19,11,105,117,74,132,79,36,193,0,125,15,
19:15:33,100,66,153,0,158,44,86,0,0,171,103,33,61,31,16,128,115,4,19,11,105,117,74,132,79,36,193,0,125,15,
19:15:34,100,66,153,0,158,44,86,0,0,171,103,33,61,31,16,128,115,4,19,11,105,117,74,132,79,36,193,0,125,15,
19:15:35,100,66,153,0,158,44,86,0,0,171,103,33,61,31,16,128,115,4,19,11,105,117,74,132,79,36,193,0,125,15,
19:15:36,100,66,153,0,158,44,86,0,0,171,103,33,61,31,16,128,115,4,19,11,105,117,74,132,79,36,193,0,125,15,
19:15:37,100,66,153,0,158,44,86,0,0,171,103,33,61,31,16,128,115,4,19,11,105,117,74,132,79,36,193,0,125,15,
19:15:38,100,66,153,0,158,44,86,0,0,171,103,33,61,31,16,128,115,4,19,11,105,117,74,132,79,36,193,0,125,15,
19:15:39,100,66,153,0,158,44,86,0,0,171,103,33,61,31,16,128,115,4,19,11,105,117,74,132,79,36,193,0,125,15,
19:15:40,100,66,153,0,158,44,86,0,0,171,103,33,61,31,16,128,115,4,19,11,105,117,74,132,79,36,193,0,125,15,
19:15:41,100,66,153,0,158,44,86,0,0,171,103,33,61,31,16,128,115,4,19,11,105,117,74,132,79,36,193,0,125,15,
19:15:42,100,66,153,0,158,44,86,0,0,171,103,33,61,31,16,128,115,4,19,11,105,117,74,132,79,36,193,0,125,15,
19:15:43,104,66,158,0,162,46,86,0,0,176,103,33,61,31,18,131,115,4,19,11,105,120,76,132,79,36,193,0,125,15,
19:15:44,104,66,158,0,162,46,86,0,0,176,103,33,61,31,18,131,115,4,19,11,105,120,76,132,79,36,193,0,125,15,
19:15:45,104,66,158,0,162,46,86,0,0,176,103,33,61,31,18,131,115,4,19,11,105,120,76,132,79,36,193,0,125,15,
19:15:46,104,66,158,0,162,46,86,0,0,176,103,33,61,31,18,131,115,4,19,11,105,120,76,132,79,36,193,0,125,15,
19:15:47,104,66,158,0,162,46,86,0,0,176,103,33,61,31,18,131,115,4,19,11,105,120,76,132,79,36,193,0,125,15,
19:15:48,104,66,158,0,162,46,86,0,0,176,103,33,61,31,18,131,115,4,19,11,105,120,76,132,79,36,193,0,125,15,
19:15:49,104,66,158,0,162,46,86,0,0,176,103,33,61,31,18,131,115,4,19,11,105,120,76,132,79,36,193,0,125,15,
19:15:50,104,66,158,0,162,46,86,0,0,176,103,33,61,31,18,131,115,4,19,11,105,120,76,132,79,36,193,0,125,15,
19:15:51,104,66,158,0,162,46,86,0,0,176,103,33,61,31,18,131,115,4,19,11,105,120,76,132,79,36,193,0,125,15,
19:15:52,104,66,158,0,162,46,86,0,0,176,103,33,61,31,18,131,115,4,19,11,105,120,76,132,79,36,193,0,125,15,
19:15:53,104,66,158,0,162,46,86,0,0,176,103,33,61,31,18,131,115,4,19,11,105,120,76,132,79,36,193,0,125,15,
19:15:54,104,66,158,0,162,46,86,0,0,176,103,33,61,31,18,131,115,4,19,11,105,120,76,132,79,36,193,0,125,15,
19:15:55,104,66,158,0,162,46,86,0,0,176,103,33,61,31,18,131,115,4,19,11,105,120,76,132,79,36,193,0,125,15,
19:15:56,104,66,158,0,162,46,86,0,0,176,103,33,61,31,18,131,115,4,19,11,105,120,76,132,79,36,193,0,125,15,
19:15:57,104,66,158,0,162,46,86,0,0,176,103,33,61,31,18,131,115,4,19,11,105,120,76,132,79,36,193,0,125,15,
19:15:58,104,66,158,0,162,46,86,0,0,176,103,33,61,31,18,131,115,4,19,11,105,120,76,132,79,36,193,0,125,15,
19:15:59,104,66,158,0,162,46,86,0,0,176,103,33,61,31,18,131,115,4,19,11,105,120,76,132,79,36,193,0,125,15,
19:16,104,66,158,0,162,46,86,0,0,176,103,33,61,31,18,131,115,4,19,11,105,120,76,132,79,36,193,0,125,15,
19:16:01,104,66,158,0,162,46,86,0,0,176,103,33,61,31,18,131,115,4,19,11,105,120,76,132,79,36,193,0,125,15,
19:16:02,104,66,158,0,162,46,86,0,0,176,103,33,61,31,18,131,115,4,19,11,105,120,76,132,79,36,193,0,125,15,
19:16:03,104,66,158,0,162,46,86,0,0,176,103,33,61,31,18,131,115,4,19,11,105,120,76,132,79,36,193,0,125,15,
19:16:04,104,66,158,0,162,46,86,0,0,176,103,33,61,31,18,131,115,4,19,11,105,120,76,132,79,36,193,0,125,15,
19:16:05,104,66,158,0,162,46,86,0,0,176,103,33,61,31,18,131,115,4,19,11,105,120,76,132,79,36,193,0,125,15,
19:16:06,104,66,158,0,162,46,86,0,0,176,103,33,61,31,18,131,115,4,19,11,105,120,76,132,79,36,193,0,125,15,
19:16:07,104,66,158,0,162,46,86,0,0,176,103,33,61,31,18,131,115,4,19,11,105,120,76,132,79,36,193,0,125,15,
19:16:08,104,66,158,0,162,46,86,0,0,176,103,33,61,31,18,131,115,4,19,11,105,120,76,132,79,36,193,0,125,15,
19:16:09,104,66,158,0,162,46,86,0,0,176,103,33,61,31,18,131,115,4,19,11,105,120,76,132,79,36,193,0,125,15,
19:16:10,104,68,160,0,162,46,88,0,0,176,103,33,61,31,18,134,115,4,19,11,105,120,80,133,82,36,193,0,125,15,
19:16:11,104,68,160,0,162,46,88,0,0,176,103,33,61,31,18,134,115,4,19,11,105,120,80,133,82,36,193,0,125,15,
19:16:12,104,68,160,0,162,46,88,0,0,176,103,33,61,31,18,134,115,4,19,11,105,120,80,133,82,36,193,0,125,15,
19:16:13,104,68,160,0,162,46,88,0,0,176,103,33,61,31,18,134,115,4,19,11,105,120,80,133,82,36,193,0,125,15,
19:16:14,104,68,160,0,162,46,88,0,0,176,103,33,61,31,18,134,115,4,19,11,105,120,80,133,82,36,193,0,125,15,
19:16:15,104,68,160,0,162,46,88,0,0,176,103,33,61,31,18,134,115,4,19,11,105,120,80,133,82,36,193,0,125,15,
19:16:16,104,68,160,0,162,46,88,0,0,176,103,33,61,31,18,134,115,4,19,11,105,120,80,133,82,36,193,0,125,15,
19:16:17,104,68,160,0,162,46,88,0,0,176,103,33,61,31,18,134,115,4,19,11,105,120,80,133,82,36,193,0,125,15,
19:16:18,104,68,160,0,162,46,88,0,0,176,103,33,61,31,18,134,115,4,19,11,105,120,80,133,82,36,193,0,125,15,
19:16:19,104,68,160,0,162,46,88,0,0,176,103,33,61,31,18,134,115,4,19,11,105,120,80,133,82,36,193,0,125,15,
19:16:20,104,68,160,0,162,46,88,0,0,176,103,33,61,31,18,134,115,4,19,11,105,120,80,133,82,36,193,0,125,15,
19:16:21,104,68,160,0,162,46,88,0,0,176,103,33,61,31,18,134,115,4,19,11,105,120,80,133,82,36,193,0,125,15,
19:16:22,104,68,160,0,162,46,88,0,0,176,103,33,61,31,18,134,115,4,19,11,105,120,80,133,82,36,193,0,125,15,
19:16:23,104,68,160,0,162,46,88,0,0,176,103,33,61,31,18,134,115,4,19,11,105,120,80,133,82,36,193,0,125,15,
19:16:24,104,68,160,0,162,46,88,0,0,176,103,33,61,31,18,134,115,4,19,11,105,120,80,133,82,36,193,0,125,15,
19:16:25,104,68,160,0,162,46,88,0,0,176,103,33,61,31,18,134,115,4,19,11,105,120,80,133,82,36,193,0,125,15,
19:16:26,104,68,160,0,162,46,88,0,0,176,103,33,61,31,18,134,115,4,19,11,105,120,80,133,82,36,193,0,125,15,
19:16:27,104,68,160,0,162,46,88,0,0,176,103,33,61,31,18,134,115,4,19,11,105,120,80,133,82,36,193,0,125,15,
19:16:28,104,68,160,0,162,46,88,0,0,176,103,33,61,31,18,134,115,4,19,11,105,120,80,133,82,36,193,0,125,15,
19:16:29,104,68,160,0,162,46,88,0,0,176,103,33,61,31,18,134,115,4,19,11,105,120,80,133,82,36,193,0,125,15,
19:16:30,104,68,160,0,162,46,88,0,0,176,103,33,61,31,18,134,115,4,19,11,105,120,80,133,82,36,193,0,125,15,
19:16:31,104,68,160,0,162,46,88,0,0,176,103,33,61,31,18,134,115,4,19,11,105,120,80,133,82,36,193,0,125,15,
19:16:32,104,68,160,0,162,46,88,0,0,176,103,33,61,31,18,134,115,4,19,11,105,120,80,133,82,36,193,0,125,15,
19:16:33,104,68,160,0,162,46,88,0,0,176,103,33,61,31,18,134,115,4,19,11,105,120,80,133,82,36,193,0,125,15,
19:16:34,104,68,160,0,162,46,88,0,0,176,103,33,61,31,18,134,115,4,19,11,105,120,80,133,82,36,193,0,125,15,
19:16:35,104,68,160,0,162,46,88,0,0,176,103,33,61,31,18,134,115,4,19,11,105,120,80,133,82,36,193,0,125,15,
19:16:36,104,68,160,0,162,46,88,0,0,176,103,33,61,31,18,134,115,4,19,11,105,120,80,133,82,36,193,0,125,15,
19:16:37,104,68,160,0,162,46,88,0,0,176,103,37,61,31,18,134,115,4,19,11,105,120,80,133,82,36,193,0,125,15,
19:16:38,104,68,160,0,162,46,88,0,0,176,103,37,61,31,18,134,115,4,19,11,105,120,80,133,82,36,193,0,125,15,
19:16:39,104,68,160,0,162,46,88,0,0,176,103,37,61,31,18,134,115,4,19,11,105,120,80,133,82,36,193,0,125,15,
19:16:40,104,68,160,0,162,46,88,0,0,176,103,37,61,31,18,134,115,4,19,11,105,120,80,133,82,36,193,0,125,15,
19:16:41,104,68,160,0,162,46,88,0,0,176,103,37,61,31,18,134,115,4,19,11,105,120,80,133,82,36,193,0,125,15,
19:16:42,104,68,160,0,162,46,88,0,0,176,103,37,61,31,18,134,115,4,19,11,105,120,80,133,82,36,193,0,125,15,
19:16:43,104,68,160,0,162,46,88,0,0,176,103,37,61,31,18,134,115,4,19,11,105,120,80,133,82,36,193,0,125,15,
19:16:44,104,68,160,0,162,46,88,0,0,176,103,37,61,31,18,134,115,4,19,11,105,120,80,133,82,36,193,0,125,15,
19:16:45,104,68,160,0,162,46,88,0,0,176,103,37,61,31,18,134,115,4,19,11,105,120,80,133,82,36,193,0,125,15,
19:16:46,104,68,160,0,162,46,88,0,0,176,103,37,61,31,18,134,115,4,19,11,105,120,80,133,82,36,193,0,125,15,
19:16:47,104,68,160,0,162,46,88,0,0,176,103,37,61,31,18,134,115,4,19,11,105,120,80,133,82,36,193,0,125,15,
19:16:48,104,68,160,0,162,46,88,0,0,176,103,37,61,31,18,134,115,4,19,11,105,120,80,133,82,36,193,0,125,15,
19:16:49,104,68,160,0,162,46,88,0,0,176,103,37,61,31,18,134,115,4,19,11,105,120,80,133,82,36,193,0,125,15,
19:16:50,104,68,160,0,162,46,88,0,0,176,103,37,61,31,18,134,115,4,19,11,105,120,80,133,82,36,193,0,125,15,
19:16:51,104,68,160,0,162,46,88,0,0,176,103,37,61,31,18,134,115,4,19,11,105,120,80,133,82,36,193,0,125,15,
19:16:52,104,68,160,0,162,46,88,0,0,176,103,37,61,31,18,134,115,4,19,11,105,120,80,133,82,36,193,0,125,15,
19:16:53,104,68,160,0,162,46,88,0,0,176,103,37,61,31,18,134,115,4,19,11,105,120,80,133,82,36,193,0,125,15,
19:16:54,104,68,160,0,162,46,88,0,0,176,103,37,61,31,18,134,115,4,19,11,105,120,80,133,82,36,193,0,125,15,
19:16:55,104,68,160,0,162,46,88,0,0,176,103,37,61,31,18,134,115,4,19,11,105,120,80,133,82,36,193,0,125,15,
19:16:56,104,68,160,0,162,46,88,0,0,176,103,37,61,31,18,134,115,4,19,11,105,120,80,133,82,36,193,0,125,15,
19:16:57,104,68,160,0,162,46,88,0,0,176,103,37,61,31,18,134,115,4,19,11,105,120,80,133,82,36,193,0,125,15,
19:16:58,104,68,160,0,162,46,88,0,0,176,103,37,61,31,18,134,115,4,19,11,105,120,80,133,82,36,193,0,125,15,
19:16:59,104,68,160,0,162,46,88,0,0,176,103,37,61,31,18,134,115,4,19,11,105,120,80,133,82,36,193,0,125,15,
19:17,104,68,160,0,162,46,88,0,0,176,103,37,61,31,18,134,115,4,19,11,105,120,80,133,82,36,193,0,125,15,
19:17:01,104,68,160,0,162,46,88,0,0,176,103,37,61,31,18,134,115,4,19,11,105,120,80,133,82,36,193,0,125,15,
19:17:02,104,68,160,0,162,46,88,0,0,176,103,37,61,31,18,134,115,4,19,11,105,120,80,133,82,36,193,0,125,15,
19:17:03,104,68,160,0,162,46,88,0,0,176,103,37,61,31,18,134,115,4,19,11,105,120,80,133,82,36,193,0,125,15,
19:17:04,104,68,160,0,162,46,88,0,0,176,103,37,61,31,18,134,115,4,19,11,105,120,80,133,82,36,193,0,125,15,
19:17:05,104,68,160,0,162,46,88,0,0,176,103,37,61,31,18,134,115,4,19,11,105,120,80,133,82,36,193,0,125,15,
19:17:06,104,68,160,0,162,46,88,0,0,176,103,37,61,31,18,134,115,4,19,11,105,120,80,133,82,36,193,0,125,15,
19:17:07,104,68,160,0,162,46,88,0,0,176,103,37,61,31,18,134,115,4,19,11,105,120,80,133,82,36,193,0,125,15,
19:17:08,104,68,160,0,164,46,88,0,0,176,103,37,61,31,18,139,120,4,19,11,105,120,80,133,83,36,197,0,127,15,
19:17:09,104,68,160,0,164,46,88,0,0,176,103,37,61,31,18,139,120,4,19,11,105,120,80,133,83,36,197,0,127,15,
19:17:10,104,68,160,0,164,46,88,0,0,176,103,37,61,31,18,139,120,4,19,11,105,120,80,133,83,36,197,0,127,15,
19:17:11,104,68,160,0,164,46,88,0,0,176,103,37,61,31,18,139,120,4,19,11,105,120,80,133,83,36,197,0,127,15,
19:17:12,104,68,160,0,164,46,88,0,0,176,103,37,61,31,18,139,120,4,19,11,105,120,80,133,83,36,197,0,127,15,
19:17:13,104,68,160,0,164,46,88,0,0,176,103,37,61,31,18,139,120,4,19,11,105,120,80,133,83,36,197,0,127,15,
19:17:14,104,68,160,0,164,46,88,0,0,176,103,37,61,31,18,139,120,4,19,11,105,120,80,133,83,36,197,0,127,15,
19:17:15,104,68,160,0,164,46,88,0,0,176,103,37,61,31,18,139,120,4,19,11,105,120,80,133,83,36,197,0,127,15,
19:17:16,104,68,160,0,164,46,88,0,0,176,103,37,61,31,18,139,120,4,19,11,105,120,80,133,83,36,197,0,127,15,
19:17:17,104,68,160,0,164,46,88,0,0,176,103,37,61,31,18,139,120,4,19,11,105,120,80,133,83,36,197,0,127,15,
19:17:18,104,68,160,0,164,46,88,0,0,176,103,37,61,31,18,139,120,4,19,11,105,120,80,133,83,36,197,0,127,15,
19:17:19,104,68,160,0,164,46,88,0,0,176,103,37,61,31,18,139,120,4,19,11,105,120,80,133,83,36,197,0,127,15,
19:17:20,104,68,160,0,164,46,88,0,0,176,103,37,61,31,18,139,120,4,19,11,105,120,80,133,83,36,197,0,127,15,
19:17:21,104,68,160,0,164,46,88,0,0,176,103,37,61,31,18,139,120,4,19,11,105,120,80,133,83,36,197,0,127,15,
19:17:22,104,68,160,0,164,46,88,0,0,176,103,37,61,31,18,139,120,4,19,11,105,120,80,133,83,36,197,0,127,15,
19:17:23,104,68,160,0,164,46,88,0,0,176,103,37,61,31,18,139,120,4,19,11,105,120,80,133,83,36,197,0,127,15,
19:17:24,104,68,160,0,164,46,88,0,0,176,103,37,61,31,18,139,120,4,19,11,105,120,80,133,83,36,197,0,127,15,
19:17:25,104,68,160,0,164,46,88,0,0,176,103,37,61,31,18,139,120,4,19,11,105,120,80,133,83,36,197,0,127,15,
19:17:26,104,68,160,0,164,46,88,0,0,176,103,37,61,31,18,139,120,4,19,11,105,120,80,133,83,36,197,0,127,15,
19:17:27,104,68,160,0,164,46,88,0,0,176,103,37,61,31,18,139,120,4,19,11,105,120,80,133,83,36,197,0,127,15,
19:17:28,104,68,160,0,164,46,88,0,0,176,103,37,61,31,18,139,120,4,19,11,105,120,80,133,83,36,197,0,127,15,
19:17:29,104,68,160,0,164,46,88,0,0,176,103,37,61,31,18,139,120,4,19,11,105,120,80,133,83,36,197,0,127,15,
19:17:30,104,68,160,0,164,46,88,0,0,176,103,37,61,31,18,139,120,4,19,11,105,120,80,133,83,36,197,0,127,15,
19:17:31,104,68,160,0,164,46,88,0,0,176,103,37,61,31,18,139,120,4,19,11,105,120,80,133,83,36,197,0,127,15,
19:17:32,104,68,160,0,164,46,88,0,0,176,103,37,61,31,18,139,120,4,19,11,105,120,80,133,83,36,197,0,127,15,
19:17:33,104,68,160,0,164,46,88,0,0,176,103,37,61,31,18,139,120,4,19,11,105,120,80,133,83,36,197,0,127,15,
19:17:34,104,68,160,0,164,46,88,0,0,176,103,37,61,31,18,139,120,4,19,11,105,120,80,133,83,36,197,0,127,15,
19:17:35,104,68,160,0,164,46,88,0,0,176,103,37,61,31,18,139,120,4,19,11,105,120,80,133,83,36,197,0,127,15,
19:17:36,104,68,160,0,164,46,88,0,0,176,103,37,61,31,18,139,120,4,19,11,105,120,80,133,83,36,197,0,127,15,
19:17:37,104,68,160,0,164,46,88,0,0,176,103,37,61,31,18,139,120,4,19,11,105,120,80,133,83,36,197,0,127,15,
19:17:38,104,68,160,0,164,46,88,0,0,176,103,37,61,31,18,139,120,4,19,11,105,120,80,133,83,36,197,0,127,15,
19:17:39,104,68,160,0,164,46,88,0,0,176,103,37,61,31,18,139,120,4,19,11,105,120,80,133,83,36,197,0,127,15,
19:17:40,104,68,160,0,164,46,88,0,0,176,103,39,61,31,18,139,120,4,19,11,105,123,80,135,86,36,197,0,127,15,
19:17:41,104,68,160,0,164,46,88,0,0,176,103,39,61,31,18,139,120,4,19,11,105,123,80,135,86,36,197,0,127,15,
19:17:42,104,68,160,0,164,46,88,0,0,176,103,39,61,31,18,139,120,4,19,11,105,123,80,135,86,36,197,0,127,15,
19:17:43,104,68,160,0,164,46,88,0,0,176,103,39,61,31,18,139,120,4,19,11,105,123,80,135,86,36,197,0,127,15,
19:17:44,104,68,160,0,164,46,88,0,0,176,103,39,61,31,18,139,120,4,19,11,105,123,80,135,86,36,197,0,127,15,
19:17:45,104,68,160,0,164,46,88,0,0,176,103,39,61,31,18,139,120,4,19,11,105,123,80,135,86,36,197,0,127,15,
19:17:46,104,68,160,0,164,46,88,0,0,176,103,39,61,31,18,139,120,4,19,11,105,123,80,135,86,36,197,0,127,15,
19:17:47,104,68,160,0,164,46,88,0,0,176,103,39,61,31,18,139,120,4,19,11,105,123,80,135,86,36,197,0,127,15,
19:17:48,104,68,160,0,164,46,88,0,0,176,103,39,61,31,18,139,120,4,19,11,105,123,80,135,86,36,197,0,127,15,
19:17:49,104,68,160,0,164,46,88,0,0,176,103,39,61,31,18,139,120,4,19,11,105,123,80,135,86,36,197,0,127,15,
19:17:50,104,68,160,0,164,46,88,0,0,176,103,39,61,31,18,139,120,4,19,11,105,123,80,135,86,36,197,0,127,15,
19:17:51,104,68,160,0,164,46,88,0,0,176,103,39,61,31,18,139,120,4,19,11,105,123,80,135,86,36,197,0,127,15,
19:17:52,104,68,160,0,164,46,88,0,0,176,103,39,61,31,18,139,120,4,19,11,105,123,80,135,86,36,197,0,127,15,
19:17:53,104,68,160,0,164,46,88,0,0,176,103,39,61,31,18,139,120,4,19,11,105,123,80,135,86,36,197,0,127,15,
19:17:54,104,68,160,0,164,46,88,0,0,176,103,39,61,31,18,139,120,4,19,11,105,123,80,135,86,36,197,0,127,15,
19:17:55,104,68,160,0,164,46,88,0,0,176,103,39,61,31,18,139,120,4,19,11,105,123,80,135,86,36,197,0,127,15,
19:17:56,104,68,160,0,164,46,88,0,0,176,103,39,61,31,18,139,120,4,19,11,105,123,80,135,86,36,197,0,127,15,
19:17:57,104,68,160,0,164,46,88,0,0,176,103,39,61,31,18,139,120,4,19,11,105,123,80,135,86,36,197,0,127,15,
19:17:58,104,68,160,0,164,46,88,0,0,176,103,39,61,31,18,139,120,4,19,11,105,123,80,135,86,36,197,0,127,15,
19:17:59,104,68,160,0,164,46,88,0,0,176,103,39,61,31,18,139,120,4,19,11,105,123,80,135,86,36,197,0,127,15,
19:18,104,68,160,0,164,46,88,0,0,176,103,39,61,31,18,139,120,4,19,11,105,123,80,135,86,36,197,0,127,15,
19:18:01,104,68,160,0,164,46,88,0,0,176,103,39,61,31,18,139,120,4,19,11,105,123,80,135,86,36,197,0,127,15,
19:18:02,104,68,160,0,164,46,88,0,0,176,103,39,61,31,18,139,120,4,19,11,105,123,80,135,86,36,197,0,127,15,
19:18:03,104,68,160,0,164,46,88,0,0,176,103,39,61,31,18,139,120,4,19,11,105,123,80,135,86,36,197,0,127,15,
19:18:04,104,68,160,0,164,46,88,0,0,176,103,39,61,31,18,139,120,4,19,11,105,123,80,135,86,36,197,0,127,15,
19:18:05,104,68,160,0,164,46,88,0,0,176,103,39,61,31,18,139,120,4,19,11,105,123,80,135,86,36,197,0,127,15,
19:18:06,104,68,160,0,164,46,88,0,0,176,103,39,61,31,18,139,120,4,19,11,105,123,80,135,86,36,197,0,127,15,
19:18:07,104,68,160,0,164,46,88,0,0,176,103,39,61,31,18,139,120,4,19,11,105,123,80,135,86,36,197,0,127,15,
19:18:08,104,68,160,0,164,46,88,0,0,176,103,39,61,31,18,139,120,4,19,11,105,123,80,135,86,36,197,0,127,15,
19:18:09,104,68,160,0,164,46,88,0,0,176,103,39,61,31,18,139,120,4,19,11,105,123,80,135,86,36,197,0,127,15,
19:18:10,104,68,160,0,164,46,88,0,0,176,103,39,61,31,18,139,120,4,19,11,105,123,80,135,86,36,197,0,127,15,
19:18:11,104,73,161,0,164,46,90,0,0,176,105,39,66,31,18,139,120,4,19,11,108,123,80,137,86,36,200,0,130,15,
19:18:12,104,73,161,0,164,46,90,0,0,176,105,39,66,31,18,139,120,4,19,11,108,123,80,137,86,36,200,0,130,15,
19:18:13,104,73,161,0,164,46,90,0,0,176,105,39,66,31,18,139,120,4,19,11,108,123,80,137,86,36,200,0,130,15,
19:18:14,104,73,161,0,164,46,90,0,0,176,105,39,66,31,18,139,120,4,19,11,108,123,80,137,86,36,200,0,130,15,
19:18:15,104,73,161,0,164,46,90,0,0,176,105,39,66,31,18,139,120,4,19,11,108,123,80,137,86,36,200,0,130,15,
19:18:16,104,73,161,0,164,46,90,0,0,176,105,39,66,31,18,139,120,4,19,11,108,123,80,137,86,36,200,0,130,15,
19:18:17,104,73,161,0,164,46,90,0,0,176,105,39,66,31,18,139,120,4,19,11,108,123,80,137,86,36,200,0,130,15,
19:18:18,104,73,161,0,164,46,90,0,0,176,105,39,66,31,18,139,120,4,19,11,108,123,80,137,86,36,200,0,130,15,
19:18:19,104,73,161,0,164,46,90,0,0,176,105,39,66,31,18,139,120,4,19,11,108,123,80,137,86,36,200,0,130,15,
19:18:20,104,73,161,0,164,46,90,0,0,176,105,39,66,31,18,139,120,4,19,11,108,123,80,137,86,36,200,0,130,15,
19:18:21,104,73,161,0,164,46,90,0,0,176,105,39,66,31,18,139,120,4,19,11,108,123,80,137,86,36,200,0,130,15,
19:18:22,104,73,161,0,164,46,90,0,0,176,105,39,66,31,18,139,120,4,19,11,108,123,80,137,86,36,200,0,130,15,
19:18:23,104,73,161,0,164,46,90,0,0,176,105,39,66,31,18,139,120,4,19,11,108,123,80,137,86,36,200,0,130,15,
19:18:24,104,73,161,0,164,46,90,0,0,176,105,39,66,31,18,139,120,4,19,11,108,123,80,137,86,36,200,0,130,15,
19:18:25,104,73,161,0,164,46,90,0,0,176,105,39,66,31,18,139,120,4,19,11,108,123,80,137,86,36,200,0,130,15,
19:18:26,104,73,161,0,164,46,90,0,0,176,105,39,66,31,18,139,120,4,19,11,108,123,80,137,86,36,200,0,130,15,
19:18:27,104,73,161,0,164,46,90,0,0,176,105,39,66,31,18,139,120,4,19,11,108,123,80,137,86,36,200,0,130,15,
19:18:28,104,73,161,0,164,46,90,0,0,176,105,39,66,31,18,139,120,4,19,11,108,123,80,137,86,36,200,0,130,15,
19:18:29,104,73,161,0,164,46,90,0,0,176,105,39,66,31,18,139,120,4,19,11,108,123,80,137,86,36,200,0,130,15,
19:18:30,104,73,161,0,164,46,90,0,0,176,105,39,66,31,18,139,120,4,19,11,108,123,80,137,86,36,200,0,130,15,
19:18:31,104,73,161,0,164,46,90,0,0,176,105,39,66,31,18,139,120,4,19,11,108,123,80,137,86,36,200,0,130,15,
19:18:32,104,73,161,0,164,46,90,0,0,176,105,39,66,31,18,139,120,4,19,11,108,123,80,137,86,36,200,0,130,15,
19:18:33,104,73,161,0,164,46,90,0,0,176,105,39,66,31,18,139,120,4,19,11,108,123,80,137,86,36,200,0,130,15,
19:18:34,104,73,161,0,164,46,90,0,0,176,105,39,66,31,18,139,120,4,19,11,108,123,80,137,86,36,200,0,130,15,
19:18:35,104,73,161,0,164,46,90,0,0,176,105,39,66,31,18,139,120,4,19,11,108,123,80,137,86,36,200,0,130,15,
19:18:36,104,73,161,0,164,46,90,0,0,176,105,39,66,31,18,139,120,4,19,11,108,123,80,137,86,36,200,0,130,15,
19:18:37,104,73,161,0,164,46,90,0,0,176,105,39,66,31,18,139,120,4,19,11,108,123,80,137,86,36,200,0,130,15,
19:18:38,104,73,161,0,164,46,90,0,0,176,105,39,66,31,18,139,120,4,19,11,108,123,80,137,86,36,200,0,130,15,
19:18:39,104,73,161,0,164,46,90,0,0,176,105,39,66,31,18,139,120,4,19,11,108,123,80,137,86,36,200,0,130,15,
19:18:40,104,73,162,0,164,46,90,0,0,178,105,39,66,31,18,139,120,4,19,11,108,123,82,137,86,36,202,0,133,15,
19:18:41,104,73,162,0,164,46,90,0,0,178,105,39,66,31,18,139,120,4,19,11,108,123,82,137,86,36,202,0,133,15,
19:18:42,104,73,162,0,164,46,90,0,0,178,105,39,66,31,18,139,120,4,19,11,108,123,82,137,86,36,202,0,133,15,
19:18:43,104,73,162,0,164,46,90,0,0,178,105,39,66,31,18,139,120,4,19,11,108,123,82,137,86,36,202,0,133,15,
19:18:44,104,73,162,0,164,46,90,0,0,178,105,39,66,31,18,139,120,4,19,11,108,123,82,137,86,36,202,0,133,15,
19:18:45,104,73,162,0,164,46,90,0,0,178,105,39,66,31,18,139,120,4,19,11,108,123,82,137,86,36,202,0,133,15,
19:18:46,104,73,162,0,164,46,90,0,0,178,105,39,66,31,18,139,120,4,19,11,108,123,82,137,86,36,202,0,133,15,
19:18:47,104,73,162,0,164,46,90,0,0,178,105,39,66,31,18,139,120,4,19,11,108,123,82,137,86,36,202,0,133,15,
19:18:48,104,73,162,0,164,46,90,0,0,178,105,39,66,31,18,139,120,4,19,11,108,123,82,137,86,36,202,0,133,15,
19:18:49,104,73,162,0,164,46,90,0,0,178,105,39,66,31,18,139,120,4,19,11,108,123,82,137,86,36,202,0,133,15,
19:18:50,104,73,162,0,164,46,90,0,0,178,105,39,66,31,18,139,120,4,19,11,108,123,82,137,86,36,202,0,133,15,
19:18:51,104,73,162,0,164,46,90,0,0,178,105,39,66,31,18,139,120,4,19,11,108,123,82,137,86,36,202,0,133,15,
19:18:52,104,73,162,0,164,46,90,0,0,178,105,39,66,31,18,139,120,4,19,11,108,123,82,137,86,36,202,0,133,15,
19:18:53,104,73,162,0,164,46,90,0,0,178,105,39,66,31,18,139,120,4,19,11,108,123,82,137,86,36,202,0,133,15,
19:18:54,104,73,162,0,164,46,90,0,0,178,105,39,66,31,18,139,120,4,19,11,108,123,82,137,86,36,202,0,133,15,
19:18:55,104,73,162,0,164,46,90,0,0,178,105,39,66,31,18,139,120,4,19,11,108,123,82,137,86,36,202,0,133,15,
19:18:56,104,73,162,0,164,46,90,0,0,178,105,39,66,31,18,139,120,4,19,11,108,123,82,137,86,36,202,0,133,15,
19:18:57,104,73,162,0,164,46,90,0,0,178,105,39,66,31,18,139,120,4,19,11,108,123,82,137,86,36,202,0,133,15,
19:18:58,104,73,162,0,164,46,90,0,0,178,105,39,66,31,18,139,120,4,19,11,108,123,82,137,86,36,202,0,133,15,
19:18:59,104,73,162,0,164,46,90,0,0,178,105,39,66,31,18,139,120,4,19,11,108,123,82,137,86,36,202,0,133,15,
19:19,104,73,162,0,164,46,90,0,0,178,105,39,66,31,18,139,120,4,19,11,108,123,82,137,86,36,202,0,133,15,
19:19:01,104,73,162,0,164,46,90,0,0,178,105,39,66,31,18,139,120,4,19,11,108,123,82,137,86,36,202,0,133,15,
19:19:02,104,73,162,0,164,46,90,0,0,178,105,39,66,31,18,139,120,4,19,11,108,123,82,137,86,36,202,0,133,15,
19:19:03,104,73,162,0,164,46,90,0,0,178,105,39,66,31,18,139,120,4,19,11,108,123,82,137,86,36,202,0,133,15,
19:19:04,104,73,162,0,164,46,90,0,0,178,105,39,66,31,18,139,120,4,19,11,108,123,82,137,86,36,202,0,133,15,
19:19:05,104,73,162,0,164,46,90,0,0,178,105,39,66,31,18,139,120,4,19,11,108,123,82,137,86,36,202,0,133,15,
19:19:06,104,73,162,0,164,46,90,0,0,178,105,39,66,31,18,139,120,4,19,11,108,123,82,137,86,36,202,0,133,15,
19:19:07,104,73,162,0,164,48,90,0,0,178,107,41,66,31,18,139,122,4,19,11,109,123,82,137,89,36,202,0,133,15,
19:19:08,104,73,162,0,164,48,90,0,0,178,107,41,66,31,18,139,122,4,19,11,109,123,82,137,89,36,202,0,133,15,
19:19:09,104,73,162,0,164,48,90,0,0,178,107,41,66,31,18,139,122,4,19,11,109,123,82,137,89,36,202,0,133,15,
19:19:10,104,73,162,0,164,48,90,0,0,178,107,41,66,31,18,139,122,4,19,11,109,123,82,137,89,36,202,0,133,15,
19:19:11,104,73,162,0,164,48,90,0,0,178,107,41,66,31,18,139,122,4,19,11,109,123,82,137,89,36,202,0,133,15,
19:19:12,104,73,162,0,164,48,90,0,0,178,107,41,66,31,18,139,122,4,19,11,109,123,82,137,89,36,202,0,133,15,
19:19:13,104,73,162,0,164,48,90,0,0,178,107,41,66,31,18,139,122,4,19,11,109,123,82,137,89,36,202,0,133,15,
19:19:14,104,73,162,0,164,48,90,0,0,178,107,41,66,31,18,139,122,4,19,11,109,123,82,137,89,36,202,0,133,15,
19:19:15,104,73,162,0,164,48,90,0,0,178,107,41,66,31,18,139,122,4,19,11,109,123,82,137,89,36,202,0,133,15,
19:19:16,104,73,162,0,164,48,90,0,0,178,107,41,66,31,18,139,122,4,19,11,109,123,82,137,89,36,202,0,133,15,
19:19:17,104,73,162,0,164,48,90,0,0,178,107,41,66,31,18,139,122,4,19,11,109,123,82,137,89,36,202,0,133,15,
19:19:18,104,73,162,0,164,48,90,0,0,178,107,41,66,31,18,139,122,4,19,11,109,123,82,137,89,36,202,0,133,15,
19:19:19,104,73,162,0,164,48,90,0,0,178,107,41,66,31,18,139,122,4,19,11,109,123,82,137,89,36,202,0,133,15,
19:19:20,104,73,162,0,164,48,90,0,0,178,107,41,66,31,18,139,122,4,19,11,109,123,82,137,89,36,202,0,133,15,
19:19:21,104,73,162,0,164,48,90,0,0,178,107,41,66,31,18,139,122,4,19,11,109,123,82,137,89,36,202,0,133,15,
19:19:22,104,73,162,0,164,48,90,0,0,178,107,41,66,31,18,139,122,4,19,11,109,123,82,137,89,36,202,0,133,15,
19:19:23,104,73,162,0,164,48,90,0,0,178,107,41,66,31,18,139,122,4,19,11,109,123,82,137,89,36,202,0,133,15,
19:19:24,104,73,162,0,164,48,90,0,0,178,107,41,66,31,18,139,122,4,19,11,109,123,82,137,89,36,202,0,133,15,
19:19:25,104,73,162,0,164,48,90,0,0,178,107,41,66,31,18,139,122,4,19,11,109,123,82,137,89,36,202,0,133,15,
19:19:26,104,73,162,0,164,48,90,0,0,178,107,41,66,31,18,139,122,4,19,11,109,123,82,137,89,36,202,0,133,15,
19:19:27,104,73,162,0,164,48,90,0,0,178,107,41,66,31,18,139,122,4,19,11,109,123,82,137,89,36,202,0,133,15,
19:19:28,104,73,162,0,164,48,90,0,0,178,107,41,66,31,18,139,122,4,19,11,109,123,82,137,89,36,202,0,133,15,
19:19:29,104,73,162,0,164,48,90,0,0,178,107,41,66,31,18,139,122,4,19,11,109,123,82,137,89,36,202,0,133,15,
19:19:30,104,73,162,0,164,48,90,0,0,178,107,41,66,31,18,139,122,4,19,11,109,123,82,137,89,36,202,0,133,15,
19:19:31,104,73,162,0,164,48,90,0,0,178,107,41,66,31,18,139,122,4,19,11,109,123,82,137,89,36,202,0,133,15,
19:19:32,104,73,162,0,164,48,90,0,0,178,107,41,66,31,18,139,122,4,19,11,109,123,82,137,89,36,202,0,133,15,
19:19:33,104,73,162,0,164,48,90,0,0,178,107,41,66,31,18,139,122,4,19,11,109,123,82,137,89,36,202,0,133,15,
19:19:34,104,73,162,0,164,48,90,0,0,178,107,41,66,31,18,139,122,4,19,11,109,123,82,137,89,36,202,0,133,15,
19:19:35,104,73,162,0,164,48,90,0,0,178,107,41,66,31,18,139,122,4,19,11,109,123,82,137,89,36,202,0,133,15,
19:19:36,112,73,162,0,164,48,90,0,0,178,107,41,66,31,18,139,122,4,19,11,109,125,82,139,89,36,202,0,133,15,
19:19:37,112,73,162,0,164,48,90,0,0,178,107,41,66,31,18,139,122,4,19,11,109,125,82,139,89,36,202,0,133,15,
19:19:38,112,73,162,0,164,48,90,0,0,178,107,41,66,31,18,139,122,4,19,11,109,125,82,139,89,36,202,0,133,15,
19:19:39,112,73,162,0,164,48,90,0,0,178,107,41,66,31,18,139,122,4,19,11,109,125,82,139,89,36,202,0,133,15,
19:19:40,112,73,162,0,164,48,90,0,0,178,107,41,66,31,18,139,122,4,19,11,109,125,82,139,89,36,202,0,133,15,
19:19:41,112,73,162,0,164,48,90,0,0,178,107,41,66,31,18,139,122,4,19,11,109,125,82,139,89,36,202,0,133,15,
19:19:42,112,73,162,0,164,48,90,0,0,178,107,41,66,31,18,139,122,4,19,11,109,125,82,139,89,36,202,0,133,15,
19:19:43,112,73,162,0,164,48,90,0,0,178,107,41,66,31,18,139,122,4,19,11,109,125,82,139,89,36,202,0,133,15,
19:19:44,112,73,162,0,164,48,90,0,0,178,107,41,66,31,18,139,122,4,19,11,109,125,82,139,89,36,202,0,133,15,
19:19:45,112,73,162,0,164,48,90,0,0,178,107,41,66,31,18,139,122,4,19,11,109,125,82,139,89,36,202,0,133,15,
19:19:46,112,73,162,0,164,48,90,0,0,178,107,41,66,31,18,139,122,4,19,11,109,125,82,139,89,36,202,0,133,15,
19:19:47,112,73,162,0,164,48,90,0,0,178,107,41,66,31,18,139,122,4,19,11,109,125,82,139,89,36,202,0,133,15,
19:19:48,112,73,162,0,164,48,90,0,0,178,107,41,66,31,18,139,122,4,19,11,109,125,82,139,89,36,202,0,133,15,
19:19:49,112,73,162,0,164,48,90,0,0,178,107,41,66,31,18,139,122,4,19,11,109,125,82,139,89,36,202,0,133,15,
19:19:50,112,73,162,0,164,48,90,0,0,178,107,41,66,31,18,139,122,4,19,11,109,125,82,139,89,36,202,0,133,15,
19:19:51,112,73,162,0,164,48,90,0,0,178,107,41,66,31,18,139,122,4,19,11,109,125,82,139,89,36,202,0,133,15,
19:19:52,112,73,162,0,164,48,90,0,0,178,107,41,66,31,18,139,122,4,19,11,109,125,82,139,89,36,202,0,133,15,
19:19:53,112,73,162,0,164,48,90,0,0,178,107,41,66,31,18,139,122,4,19,11,109,125,82,139,89,36,202,0,133,15,
19:19:54,112,73,162,0,164,48,90,0,0,178,107,41,66,31,18,139,122,4,19,11,109,125,82,139,89,36,202,0,133,15,
19:19:55,112,73,162,0,164,48,90,0,0,178,107,41,66,31,18,139,122,4,19,11,109,125,82,139,89,36,202,0,133,15,
19:19:56,112,73,162,0,164,48,90,0,0,178,107,41,66,31,18,139,122,4,19,11,109,125,82,139,89,36,202,0,133,15,
19:19:57,112,73,162,0,164,48,90,0,0,178,107,41,66,31,18,139,122,4,19,11,109,125,82,139,89,36,202,0,133,15,
19:19:58,112,73,162,0,164,48,90,0,0,178,107,41,66,31,18,139,122,4,19,11,109,125,82,139,89,36,202,0,133,15,
19:19:59,112,73,162,0,164,48,90,0,0,178,107,41,66,31,18,139,122,4,19,11,109,125,82,139,89,36,202,0,133,15,
19:20,112,73,162,0,164,48,90,0,0,178,107,41,66,31,18,139,122,4,19,11,109,125,82,139,89,36,202,0,133,15,
19:20:01,112,73,162,0,164,48,90,0,0,178,107,41,66,31,18,139,122,4,19,11,109,125,82,139,89,36,202,0,133,15,
19:20:02,112,73,162,0,164,48,90,0,0,178,107,41,66,31,18,139,122,4,19,11,109,125,82,139,89,36,202,0,133,15,
19:20:03,112,73,162,0,164,48,90,0,0,178,107,41,66,31,18,139,122,4,19,11,109,125,82,139,89,36,202,0,133,15,
19:20:04,112,73,162,0,164,48,90,0,0,178,107,41,66,31,18,139,122,4,19,11,109,125,82,139,89,36,202,0,133,15,
19:20:05,112,73,162,0,164,48,90,0,0,178,107,41,66,31,18,139,122,4,19,11,109,125,82,139,89,36,202,0,133,15,
19:20:06,112,73,162,0,164,48,90,0,0,178,107,41,66,31,18,139,122,4,19,11,109,125,82,139,89,36,202,0,133,15,
19:20:07,112,73,162,0,164,48,90,0,0,178,107,41,66,31,18,139,122,4,19,11,109,125,82,139,89,36,202,0,133,15,
19:20:08,112,73,162,0,164,48,90,0,0,178,107,41,66,31,18,139,122,4,19,11,109,125,82,139,89,36,202,0,133,15,
19:20:09,112,73,162,0,164,48,90,0,0,178,107,41,66,31,18,139,122,4,19,11,109,125,82,139,89,36,202,0,133,15,
19:20:10,114,73,167,0,164,48,93,0,0,178,109,41,68,31,18,139,122,4,24,11,109,125,82,140,89,36,204,0,133,15,
19:20:11,114,73,167,0,164,48,93,0,0,178,109,41,68,31,18,139,122,4,24,11,109,125,82,140,89,36,204,0,133,15,
19:20:12,114,73,167,0,164,48,93,0,0,178,109,41,68,31,18,139,122,4,24,11,109,125,82,140,89,36,204,0,133,15,
19:20:13,114,73,167,0,164,48,93,0,0,178,109,41,68,31,18,139,122,4,24,11,109,125,82,140,89,36,204,0,133,15,
19:20:14,114,73,167,0,164,48,93,0,0,178,109,41,68,31,18,139,122,4,24,11,109,125,82,140,89,36,204,0,133,15,
19:20:15,114,73,167,0,164,48,93,0,0,178,109,41,68,31,18,139,122,4,24,11,109,125,82,140,89,36,204,0,133,15,
19:20:16,114,73,167,0,164,48,93,0,0,178,109,41,68,31,18,139,122,4,24,11,109,125,82,140,89,36,204,0,133,15,
19:20:17,114,73,167,0,164,48,93,0,0,178,109,41,68,31,18,139,122,4,24,11,109,125,82,140,89,36,204,0,133,15,
19:20:18,114,73,167,0,164,48,93,0,0,178,109,41,68,31,18,139,122,4,24,11,109,125,82,140,89,36,204,0,133,15,
19:20:19,114,73,167,0,164,48,93,0,0,178,109,41,68,31,18,139,122,4,24,11,109,125,82,140,89,36,204,0,133,15,
19:20:20,114,73,167,0,164,48,93,0,0,178,109,41,68,31,18,139,122,4,24,11,109,125,82,140,89,36,204,0,133,15,
19:20:21,114,73,167,0,164,48,93,0,0,178,109,41,68,31,18,139,122,4,24,11,109,125,82,140,89,36,204,0,133,15,
19:20:22,114,73,167,0,164,48,93,0,0,178,109,41,68,31,18,139,122,4,24,11,109,125,82,140,89,36,204,0,133,15,
19:20:23,114,73,167,0,164,48,93,0,0,178,109,41,68,31,18,139,122,4,24,11,109,125,82,140,89,36,204,0,133,15,
19:20:24,114,73,167,0,164,48,93,0,0,178,109,41,68,31,18,139,122,4,24,11,109,125,82,140,89,36,204,0,133,15,
19:20:25,114,73,167,0,164,48,93,0,0,178,109,41,68,31,18,139,122,4,24,11,109,125,82,140,89,36,204,0,133,15,
19:20:26,114,73,167,0,164,48,93,0,0,178,109,41,68,31,18,139,122,4,24,11,109,125,82,140,89,36,204,0,133,15,
19:20:27,114,73,167,0,164,48,93,0,0,178,109,41,68,31,18,139,122,4,24,11,109,125,82,140,89,36,204,0,133,15,
19:20:28,114,73,167,0,164,48,93,0,0,178,109,41,68,31,18,139,122,4,24,11,109,125,82,140,89,36,204,0,133,15,
19:20:29,114,73,167,0,164,48,93,0,0,178,109,41,68,31,18,139,122,4,24,11,109,125,82,140,89,36,204,0,133,15,
19:20:30,114,73,167,0,164,48,93,0,0,178,109,41,68,31,18,139,122,4,24,11,109,125,82,140,89,36,204,0,133,15,
19:20:31,114,73,167,0,164,48,93,0,0,178,109,41,68,31,18,139,122,4,24,11,109,125,82,140,89,36,204,0,133,15,
19:20:32,114,73,167,0,164,48,93,0,0,178,109,41,68,31,18,139,122,4,24,11,109,125,82,140,89,36,204,0,133,15,
19:20:33,114,73,167,0,164,48,93,0,0,178,109,41,68,31,18,139,122,4,24,11,109,125,82,140,89,36,204,0,133,15,
19:20:34,114,73,167,0,164,48,93,0,0,178,109,41,68,31,18,139,122,4,24,11,111,125,82,140,89,36,204,0,133,15,
19:20:35,114,73,167,0,164,48,93,0,0,178,109,41,68,31,18,139,122,4,24,11,111,125,82,140,89,36,204,0,133,15,
19:20:36,114,73,167,0,164,48,93,0,0,178,109,41,68,31,18,139,122,4,24,11,111,125,82,140,89,36,204,0,133,15,
19:20:37,117,75,167,0,164,48,93,0,0,181,109,41,68,34,18,139,122,4,24,11,111,125,82,140,91,36,207,0,133,15,
19:20:38,117,75,167,0,164,48,93,0,0,181,109,41,68,34,18,139,122,4,24,11,111,125,82,140,91,36,207,0,133,15,
19:20:39,117,75,167,0,164,48,93,0,0,181,109,41,68,34,18,139,122,4,24,11,111,125,82,140,91,36,207,0,133,15,
19:20:40,117,75,167,0,164,48,93,0,0,181,109,41,68,34,18,139,122,4,24,11,111,125,82,140,91,36,207,0,133,15,
19:20:41,117,75,167,0,164,48,93,0,0,181,109,41,68,34,18,139,122,4,24,11,111,125,82,140,91,36,207,0,133,15,
19:20:42,117,75,167,0,164,48,93,0,0,181,109,41,68,34,18,139,122,4,24,11,111,125,82,140,91,36,207,0,133,15,
19:20:43,117,75,167,0,164,48,93,0,0,181,109,41,68,34,18,139,122,4,24,11,111,125,82,140,91,36,207,0,133,15,
19:20:44,117,75,167,0,164,48,93,0,0,181,109,41,68,34,18,139,122,4,24,11,111,125,82,140,91,36,207,0,133,15,
19:20:45,117,75,167,0,164,48,93,0,0,181,109,41,68,34,18,139,122,4,24,11,111,125,82,140,91,36,207,0,133,15,
19:20:46,117,75,167,0,164,48,93,0,0,181,109,41,68,34,18,139,122,4,24,11,111,125,82,140,91,36,207,0,133,15,
19:20:47,117,75,167,0,164,48,93,0,0,181,109,41,68,34,18,139,122,4,24,11,111,125,82,140,91,36,207,0,133,15,
19:20:48,117,75,167,0,164,48,93,0,0,181,109,41,68,34,18,139,122,4,24,11,111,125,82,140,91,36,207,0,133,15,
19:20:49,117,75,167,0,164,48,93,0,0,181,109,41,68,34,18,139,122,4,24,11,111,125,82,140,91,36,207,0,133,15,
19:20:50,117,75,167,0,164,48,93,0,0,181,109,41,68,34,18,139,122,4,24,11,111,125,82,140,91,36,207,0,133,15,
19:20:51,117,75,167,0,164,48,93,0,0,181,109,41,68,34,18,139,122,4,24,11,111,125,82,140,91,36,207,0,133,15,
19:20:52,117,75,167,0,164,48,93,0,0,181,109,41,68,34,18,139,122,4,24,11,111,125,82,140,91,36,207,0,133,15,
19:20:53,117,75,167,0,164,48,93,0,0,181,109,41,68,34,18,139,122,4,24,11,111,125,82,140,91,36,207,0,133,15,
19:20:54,117,75,167,0,164,48,93,0,0,181,109,41,68,34,18,139,122,4,24,11,111,125,82,140,91,36,207,0,133,15,
19:20:55,117,75,167,0,164,48,93,0,0,181,109,41,68,34,18,139,122,4,24,11,111,125,82,140,91,36,207,0,133,15,
19:20:56,117,75,167,0,164,48,93,0,0,181,109,41,68,34,18,139,122,4,24,11,111,125,82,140,91,36,207,0,133,15,
19:20:57,117,75,167,0,164,48,93,0,0,181,109,41,68,34,18,139,122,4,24,11,111,125,82,140,91,36,207,0,133,15,
19:20:58,117,75,167,0,164,48,93,0,0,181,109,41,68,34,18,139,122,4,24,11,111,125,82,140,91,36,207,0,133,15,
19:20:59,117,75,167,0,164,48,93,0,0,181,109,41,68,34,18,139,122,4,24,11,111,125,82,140,91,36,207,0,133,15,
19:21,117,75,167,0,164,48,93,0,0,181,109,41,68,34,18,139,122,4,24,11,111,125,82,140,91,36,207,0,133,15,
19:21:01,117,75,167,0,164,48,93,0,0,181,109,41,68,34,18,139,122,4,24,11,111,125,82,140,91,36,207,0,133,15,
19:21:02,117,75,167,0,164,48,93,0,0,181,109,41,68,34,18,139,122,4,24,11,111,125,82,140,91,36,207,0,133,15,
19:21:03,117,75,167,0,164,48,93,0,0,181,109,41,68,34,18,139,122,4,24,11,111,125,82,140,91,36,207,0,133,15,
19:21:04,117,75,171,0,167,48,93,0,0,181,109,43,68,34,18,140,125,4,24,11,111,129,82,140,91,36,207,0,133,15,
19:21:05,117,75,171,0,167,48,93,0,0,181,109,43,68,34,18,140,125,4,24,11,111,129,82,140,91,36,207,0,133,15,
19:21:06,117,75,171,0,167,48,93,0,0,181,109,43,68,34,18,140,125,4,24,11,111,129,82,140,91,36,207,0,133,15,
19:21:07,117,75,171,0,167,48,93,0,0,181,109,43,68,34,18,140,125,4,24,11,111,129,82,140,91,36,207,0,133,15,
19:21:08,117,75,171,0,167,48,93,0,0,181,109,43,68,34,18,140,125,4,24,11,111,129,82,140,91,36,207,0,133,15,
19:21:09,117,75,171,0,167,48,93,0,0,181,109,43,68,34,18,140,125,4,24,11,111,129,82,140,91,36,207,0,133,15,
19:21:10,117,75,171,0,167,48,93,0,0,181,109,43,68,34,18,140,125,4,24,11,111,129,82,140,91,36,207,0,133,15,
19:21:11,117,75,171,0,167,48,93,0,0,181,109,43,68,34,18,140,125,4,24,11,111,129,82,140,91,36,207,0,133,15,
19:21:12,117,75,171,0,167,48,93,0,0,181,109,43,68,34,18,140,125,4,24,11,111,129,82,140,91,36,207,0,133,15,
19:21:13,117,75,171,0,167,48,93,0,0,181,109,43,68,34,18,140,125,4,24,11,111,129,82,140,91,36,207,0,133,15,
19:21:14,117,75,171,0,167,48,93,0,0,181,109,43,68,34,18,140,125,4,24,11,111,129,82,140,91,36,207,0,133,15,
19:21:15,117,75,171,0,167,48,93,0,0,181,109,43,68,34,18,140,125,4,24,11,111,129,82,140,91,36,207,0,133,15,
19:21:16,117,75,171,0,167,48,93,0,0,181,109,43,68,34,18,140,125,4,24,11,111,129,82,140,91,36,207,0,133,15,
19:21:17,117,75,171,0,167,48,93,0,0,181,109,43,68,34,18,140,125,4,24,11,111,129,82,140,91,36,207,0,133,15,
19:21:18,117,75,171,0,167,48,93,0,0,181,109,43,68,34,18,140,125,4,24,11,111,129,82,140,91,36,207,0,133,15,
19:21:19,117,75,171,0,167,48,93,0,0,181,109,43,68,34,18,140,125,4,24,11,111,129,82,140,91,36,207,0,133,15,
19:21:20,117,75,171,0,167,48,93,0,0,181,109,43,68,34,18,140,125,4,24,11,111,129,82,140,91,36,207,0,133,15,
19:21:21,117,75,171,0,167,48,93,0,0,181,109,43,68,34,18,140,125,4,24,11,111,129,82,140,91,36,207,0,133,15,
19:21:22,117,75,171,0,167,48,93,0,0,181,109,43,68,34,18,140,125,4,24,11,111,129,82,140,91,36,207,0,133,15,
19:21:23,117,75,171,0,167,48,93,0,0,181,109,43,68,34,18,140,125,4,24,11,111,129,82,140,91,36,207,0,133,15,
19:21:24,117,75,171,0,167,48,93,0,0,181,109,43,68,34,18,140,125,4,24,11,111,129,82,140,91,36,207,0,133,15,
19:21:25,117,75,171,0,167,48,93,0,0,181,109,43,68,34,18,140,125,4,24,11,111,129,82,140,91,36,207,0,133,15,
19:21:26,117,75,171,0,167,48,93,0,0,181,109,43,68,34,18,140,125,4,24,11,111,129,82,140,91,36,207,0,133,15,
19:21:27,117,75,171,0,167,48,93,0,0,181,109,43,68,34,18,140,125,4,24,11,111,129,82,140,91,36,207,0,133,15,
19:21:28,117,75,171,0,167,48,93,0,0,181,109,43,68,34,18,140,125,4,24,11,111,129,82,140,91,36,207,0,133,15,
19:21:29,117,75,171,0,167,48,93,0,0,181,109,43,68,34,18,140,125,4,24,11,111,129,82,140,91,36,207,0,133,15,
19:21:30,117,75,171,0,167,48,93,0,0,181,109,43,68,34,18,140,125,4,24,11,111,129,82,140,91,36,207,0,133,15,
19:21:31,117,75,171,0,169,48,93,0,0,183,109,43,68,34,18,140,125,4,24,11,111,129,82,143,91,36,207,0,133,15,
19:21:32,117,75,171,0,169,48,93,0,0,183,109,43,68,34,18,140,125,4,24,11,111,129,82,143,91,36,207,0,133,15,
19:21:33,117,75,171,0,169,48,93,0,0,183,109,43,68,34,18,140,125,4,24,11,111,129,82,143,91,36,207,0,133,15,
19:21:34,117,75,171,0,169,48,93,0,0,183,109,43,68,34,18,140,125,4,24,11,111,129,82,143,91,36,207,0,133,15,
19:21:35,117,75,171,0,169,48,93,0,0,183,109,43,68,34,18,140,125,4,24,11,111,129,82,143,91,36,207,0,133,15,
19:21:36,117,75,171,0,169,48,93,0,0,183,109,43,68,34,18,140,125,4,24,11,111,129,82,143,91,36,207,0,133,15,
19:21:37,117,75,171,0,169,48,93,0,0,183,109,43,68,34,18,140,125,4,24,11,111,129,82,143,91,36,207,0,133,15,
19:21:38,117,75,171,0,169,48,93,0,0,183,109,43,68,34,18,140,125,4,24,11,111,129,82,143,91,36,207,0,133,15,
19:21:39,117,75,171,0,169,48,93,0,0,183,109,43,68,34,18,140,125,4,24,11,111,129,82,143,91,36,207,0,133,15,
19:21:40,117,75,171,0,169,48,93,0,0,183,109,43,68,34,18,140,125,4,24,11,111,129,82,143,91,36,207,0,133,15,
19:21:41,117,75,171,0,169,48,93,0,0,183,109,43,68,34,18,140,125,4,24,11,111,129,82,143,91,36,207,0,133,15,
19:21:42,117,75,171,0,169,48,93,0,0,183,109,43,68,34,18,140,125,4,24,11,111,129,82,143,91,36,207,0,133,15,
19:21:43,117,75,171,0,169,48,93,0,0,183,109,43,68,34,18,140,125,4,24,11,111,129,82,143,91,36,207,0,133,15,
19:21:44,117,75,171,0,169,48,93,0,0,183,109,43,68,34,18,140,125,4,24,11,111,129,82,143,91,36,207,0,133,15,
19:21:45,117,75,171,0,169,48,93,0,0,183,109,43,68,34,18,140,125,4,24,11,111,129,82,143,91,36,207,0,133,15,
19:21:46,117,75,171,0,169,48,93,0,0,183,109,43,68,34,18,140,125,4,24,11,111,129,82,143,91,36,207,0,133,15,
19:21:47,117,75,171,0,169,48,93,0,0,183,109,43,68,34,18,140,125,4,24,11,111,129,82,143,91,36,207,0,133,15,
19:21:48,117,75,171,0,169,48,93,0,0,183,109,43,68,34,18,140,125,4,24,11,111,129,82,143,91,36,207,0,133,15,
19:21:49,117,75,171,0,169,48,93,0,0,183,109,43,68,34,18,140,125,4,24,11,111,129,82,143,91,36,207,0,133,15,
19:21:50,117,75,171,0,169,48,93,0,0,183,109,43,68,34,18,140,125,4,24,11,111,129,82,143,91,36,207,0,133,15,
19:21:51,117,75,171,0,169,48,93,0,0,183,109,43,68,34,18,140,125,4,24,11,111,129,82,143,91,36,207,0,133,15,
19:21:52,117,75,171,0,169,48,93,0,0,183,109,43,68,34,18,140,125,4,24,11,111,129,82,143,91,36,207,0,133,15,
19:21:53,117,75,171,0,169,48,93,0,0,183,109,43,68,34,18,140,125,4,24,11,111,129,82,143,91,36,207,0,133,15,
19:21:54,117,75,171,0,169,48,93,0,0,183,109,43,68,34,18,140,125,4,24,11,111,129,82,143,91,36,207,0,133,15,
19:21:55,117,75,171,0,169,48,93,0,0,183,109,43,68,34,18,140,125,4,24,11,111,129,82,143,91,36,207,0,133,15,
19:21:56,117,75,171,0,169,48,93,0,0,183,109,43,68,34,18,140,125,4,24,11,111,129,82,143,91,36,207,0,133,15,
19:21:57,117,75,171,0,169,48,93,0,0,183,109,43,68,34,18,140,125,4,24,11,111,129,82,143,91,36,207,0,133,15,
19:21:58,117,75,171,0,169,48,93,0,0,183,109,43,68,34,18,140,125,4,24,11,111,129,82,143,91,36,207,0,133,15,
19:21:59,117,75,171,0,169,48,93,0,0,183,109,43,68,34,18,140,125,4,24,11,111,129,82,143,91,36,207,0,133,15,
19:22,117,75,171,0,169,48,93,0,0,183,109,43,68,34,18,140,125,4,24,11,111,129,82,143,91,36,207,0,133,15,
19:22:01,117,75,171,0,169,48,93,0,0,183,109,43,68,34,18,140,125,4,24,11,111,129,82,143,91,36,207,0,133,15,
19:22:02,117,75,171,0,169,48,93,0,0,183,109,43,68,34,18,140,125,4,24,11,111,129,82,143,91,36,207,0,133,15,
19:22:03,117,75,171,0,169,48,93,0,0,183,109,43,68,34,18,140,125,4,24,11,111,129,82,143,91,36,207,0,133,15,
19:22:04,117,75,171,0,173,48,93,0,0,183,109,43,68,34,18,141,125,4,24,11,111,129,82,145,92,36,207,0,136,15,
19:22:05,117,75,171,0,173,48,93,0,0,183,109,43,68,34,18,141,125,4,24,11,111,129,82,145,92,36,207,0,136,15,
19:22:06,117,75,171,0,173,48,93,0,0,183,109,43,68,34,18,141,125,4,24,11,111,129,82,145,92,36,207,0,136,15,
19:22:07,117,75,171,0,173,48,93,0,0,183,109,43,68,34,18,141,125,4,24,11,111,129,82,145,92,36,207,0,136,15,
19:22:08,117,75,171,0,173,48,93,0,0,183,109,43,68,34,18,141,125,4,24,11,111,129,82,145,92,36,207,0,136,15,
19:22:09,117,75,171,0,173,48,93,0,0,183,109,43,68,34,18,141,125,4,24,11,111,129,82,145,92,36,207,0,136,15,
19:22:10,117,75,171,0,173,48,93,0,0,183,109,43,68,34,18,141,125,4,24,11,111,129,82,145,92,36,207,0,136,15,
19:22:11,117,75,171,0,173,48,93,0,0,183,109,43,68,34,18,141,125,4,24,11,111,129,82,145,92,36,207,0,136,15,
19:22:12,117,75,171,0,173,48,93,0,0,183,109,43,68,34,18,141,125,4,24,11,111,129,82,145,92,36,207,0,136,15,
19:22:13,117,75,171,0,173,48,93,0,0,183,109,43,68,34,18,141,125,4,24,11,111,129,82,145,92,36,207,0,136,15,
19:22:14,117,75,171,0,173,48,93,0,0,183,109,43,68,34,18,141,125,4,24,11,111,129,82,145,92,36,207,0,136,15,
19:22:15,117,75,171,0,173,48,93,0,0,183,109,43,68,34,18,141,125,4,24,11,111,129,82,145,92,36,207,0,136,15,
19:22:16,117,75,171,0,173,48,93,0,0,183,109,43,68,34,18,141,125,4,24,11,111,129,82,145,92,36,207,0,136,15,
19:22:17,117,75,171,0,173,48,93,0,0,183,109,43,68,34,18,141,125,4,24,11,111,129,82,145,92,36,207,0,136,15,
19:22:18,117,75,171,0,173,48,93,0,0,183,109,43,68,34,18,141,125,4,24,11,111,129,82,145,92,36,207,0,136,15,
19:22:19,117,75,171,0,173,48,93,0,0,183,109,43,68,34,18,141,125,4,24,11,111,129,82,145,92,36,207,0,136,15,
19:22:20,117,75,171,0,173,48,93,0,0,183,109,43,68,34,18,141,125,4,24,11,111,129,82,145,92,36,207,0,136,15,
19:22:21,117,75,171,0,173,48,93,0,0,183,109,43,68,34,18,141,125,4,24,11,111,129,82,145,92,36,207,0,136,15,
19:22:22,117,75,171,0,173,48,93,0,0,183,109,43,68,34,18,141,125,4,24,11,111,129,82,145,92,36,207,0,136,15,
19:22:23,117,75,171,0,173,48,93,0,0,183,109,43,68,34,18,141,125,4,24,11,111,129,82,145,92,36,207,0,136,15,
19:22:24,117,75,171,0,173,48,93,0,0,183,109,43,68,34,18,141,125,4,24,11,111,129,82,145,92,36,207,0,136,15,
19:22:25,117,75,171,0,173,48,93,0,0,183,109,43,68,34,18,141,125,4,24,11,111,129,82,145,92,36,207,0,136,15,
19:22:26,117,75,171,0,173,48,93,0,0,183,109,43,68,34,18,141,125,4,24,11,111,129,82,145,92,36,207,0,136,15,
19:22:27,117,75,171,0,173,48,93,0,0,183,109,43,68,34,18,141,125,4,24,11,111,129,82,145,92,36,207,0,136,15,
19:22:28,117,75,171,0,173,48,93,0,0,183,109,43,68,34,18,141,125,4,24,11,111,129,82,145,92,36,207,0,136,15,
19:22:29,117,75,171,0,173,48,93,0,0,183,109,43,68,34,18,141,125,4,24,11,111,129,82,145,92,36,207,0,136,15,
19:22:30,117,75,171,0,173,48,93,0,0,183,109,43,68,34,18,141,125,4,24,11,111,129,82,145,92,36,207,0,136,15,
19:22:31,117,75,171,0,173,48,93,0,0,183,109,43,68,34,18,141,125,4,24,11,111,129,82,145,92,36,207,0,136,15,
19:22:32,117,75,171,0,173,48,93,0,0,183,109,43,68,34,18,141,125,4,24,11,111,129,82,145,92,36,207,0,136,15,
19:22:33,119,75,172,0,173,48,95,0,0,183,109,43,68,34,18,141,128,4,28,11,111,129,85,147,93,36,207,0,138,15,
19:22:34,119,75,172,0,173,48,95,0,0,183,109,43,68,34,18,141,128,4,28,11,111,129,85,147,93,36,207,0,138,15,
19:22:35,119,75,172,0,173,48,95,0,0,183,109,43,68,34,18,141,128,4,28,11,111,129,85,147,93,36,207,0,138,15,
19:22:36,119,75,172,0,173,48,95,0,0,183,109,43,68,34,18,141,128,4,28,11,111,129,85,147,93,36,207,0,138,15,
19:22:37,119,75,172,0,173,48,95,0,0,183,109,43,68,34,18,141,128,4,28,11,111,129,85,147,93,36,207,0,138,15,
19:22:38,119,75,172,0,173,48,95,0,0,183,109,43,68,34,18,141,128,4,28,11,111,129,85,147,93,36,207,0,138,15,
19:22:39,119,75,172,0,173,48,95,0,0,183,109,43,68,34,18,141,128,4,28,11,111,129,85,147,93,36,207,0,138,15,
19:22:40,119,75,172,0,173,48,95,0,0,183,109,43,68,34,18,141,128,4,28,11,111,129,85,147,93,36,207,0,138,15,
19:22:41,119,75,172,0,173,48,95,0,0,183,109,43,68,34,18,141,128,4,28,11,111,129,85,147,93,36,207,0,138,15,
19:22:42,119,75,172,0,173,48,95,0,0,183,109,43,68,34,18,141,128,4,28,11,111,129,85,147,93,36,207,0,138,15,
19:22:43,119,75,172,0,173,48,95,0,0,183,109,43,68,34,18,141,128,4,28,11,111,129,85,147,93,36,207,0,138,15,
19:22:44,119,75,172,0,173,48,95,0,0,183,109,43,68,34,18,141,128,4,28,11,111,129,85,147,93,36,207,0,138,15,
19:22:45,119,75,172,0,173,48,95,0,0,183,109,43,68,34,18,141,128,4,28,11,111,129,85,147,93,36,207,0,138,15,
19:22:46,119,75,172,0,173,48,95,0,0,183,109,43,68,34,18,141,128,4,28,11,111,129,85,147,93,36,207,0,138,15,
19:22:47,119,75,172,0,173,48,95,0,0,183,109,43,68,34,18,141,128,4,28,11,111,129,85,147,93,36,207,0,138,15,
19:22:48,119,75,172,0,173,48,95,0,0,183,109,43,68,34,18,141,128,4,28,11,111,129,85,147,93,36,207,0,138,15,
19:22:49,119,75,172,0,173,48,95,0,0,183,109,43,68,34,18,141,128,4,28,11,111,129,85,147,93,36,207,0,138,15,
19:22:50,119,75,172,0,173,48,95,0,0,183,109,43,68,34,18,141,128,4,28,11,111,129,85,147,93,36,207,0,138,15,
19:22:51,119,75,172,0,173,48,95,0,0,183,109,43,68,34,18,141,128,4,28,11,111,129,85,147,93,36,207,0,138,15,
19:22:52,119,75,172,0,173,48,95,0,0,183,109,43,68,34,18,141,128,4,28,11,111,129,85,147,93,36,207,0,138,15,
19:22:53,119,75,172,0,173,48,95,0,0,183,109,43,68,34,18,141,128,4,28,11,111,129,85,147,93,36,207,0,138,15,
19:22:54,119,75,172,0,173,48,95,0,0,183,109,43,68,34,18,141,128,4,28,11,111,129,85,147,93,36,207,0,138,15,
19:22:55,119,75,172,0,173,48,95,0,0,183,109,43,68,34,18,141,128,4,28,11,111,129,85,147,93,36,207,0,138,15,
19:22:56,119,75,172,0,173,48,95,0,0,183,109,43,68,34,18,141,128,4,28,11,111,129,85,147,93,36,207,0,138,15,
19:22:57,119,75,172,0,173,48,95,0,0,183,109,43,68,34,18,141,128,4,28,11,111,129,85,147,93,36,207,0,138,15,
19:22:58,119,75,172,0,173,48,95,0,0,183,109,43,68,34,18,141,128,4,28,11,111,129,85,147,93,36,207,0,138,15,
19:22:59,119,75,172,0,173,48,95,0,0,183,109,43,68,34,18,141,128,4,28,11,111,129,85,147,93,36,207,0,138,15,
19:23,119,75,172,0,173,48,95,0,0,183,109,43,68,34,18,141,128,4,28,11,111,129,85,147,93,36,207,0,138,15,
19:23:01,119,75,172,0,173,48,95,0,0,183,109,43,68,34,18,141,128,4,28,11,111,129,85,147,93,36,207,0,138,15,
19:23:02,119,75,172,0,173,48,95,0,0,183,109,43,68,34,18,141,128,4,28,11,111,129,85,147,93,36,207,0,138,15,
19:23:03,119,75,172,0,173,48,95,0,0,183,109,43,68,34,18,141,128,4,28,11,111,129,85,147,93,36,207,0,138,15,
19:23:04,119,75,172,0,173,48,95,0,0,183,109,43,68,34,18,141,128,4,28,11,111,129,85,147,93,36,207,0,138,15,
19:23:05,119,75,172,0,173,48,95,0,0,183,109,43,68,34,18,141,128,4,28,11,111,129,85,147,93,36,207,0,138,15,
19:23:06,119,75,172,0,173,48,95,0,0,183,109,43,68,34,18,141,128,4,28,11,111,129,85,147,93,36,207,0,138,15,
19:23:07,119,75,172,0,173,48,95,0,0,183,109,43,68,34,18,141,128,4,28,11,111,129,85,147,93,36,207,0,138,15,
19:23:08,119,75,172,0,173,48,95,0,0,183,109,43,68,34,18,141,128,4,28,11,111,129,85,147,93,36,207,0,138,15,
19:23:09,119,75,172,0,173,48,95,0,0,183,109,43,68,34,18,141,128,4,28,11,111,129,85,147,93,36,207,0,138,15,
19:23:10,119,75,172,0,173,48,95,0,0,183,109,43,68,34,18,141,128,4,28,11,111,129,85,147,93,36,207,0,138,15,
19:23:11,119,75,172,0,173,48,95,0,0,183,109,43,68,34,18,141,128,4,28,11,111,129,85,147,93,36,207,0,138,15,
19:23:12,119,75,172,0,173,48,95,0,0,183,109,43,68,34,18,141,128,4,28,11,111,129,85,147,93,36,207,0,138,15,
19:23:13,119,75,172,0,177,48,95,0,0,183,111,43,68,34,18,141,128,4,28,11,111,129,87,147,93,36,207,0,140,15,
19:23:14,119,75,172,0,177,48,95,0,0,183,111,43,68,34,18,141,128,4,28,11,111,129,87,147,93,36,207,0,140,15,
19:23:15,119,75,172,0,177,48,95,0,0,183,111,43,68,34,18,141,128,4,28,11,111,129,87,147,93,36,207,0,140,15,
19:23:16,119,75,172,0,177,48,95,0,0,183,111,43,68,34,18,141,128,4,28,11,111,129,87,147,93,36,207,0,140,15,
19:23:17,119,75,172,0,177,48,95,0,0,183,111,43,68,34,18,141,128,4,28,11,111,129,87,147,93,36,207,0,140,15,
19:23:18,119,75,172,0,177,48,95,0,0,183,111,43,68,34,18,141,128,4,28,11,111,129,87,147,93,36,207,0,140,15,
19:23:19,119,75,172,0,177,48,95,0,0,183,111,43,68,34,18,141,128,4,28,11,111,129,87,147,93,36,207,0,140,15,
19:23:20,119,75,172,0,177,48,95,0,0,183,111,43,68,34,18,141,128,4,28,11,111,129,87,147,93,36,207,0,140,15,
19:23:21,119,75,172,0,177,48,95,0,0,183,111,43,68,34,18,141,128,4,28,11,111,129,87,147,93,36,207,0,140,15,
19:23:22,119,75,172,0,177,48,95,0,0,183,111,43,68,34,18,141,128,4,28,11,111,129,87,147,93,36,207,0,140,15,
19:23:23,119,75,172,0,177,48,95,0,0,183,111,43,68,34,18,141,128,4,28,11,111,129,87,147,93,36,207,0,140,15,
19:23:24,119,75,172,0,177,48,95,0,0,183,111,43,68,34,18,141,128,4,28,11,111,129,87,147,93,36,207,0,140,15,
19:23:25,119,75,172,0,177,48,95,0,0,183,111,43,68,34,18,141,128,4,28,11,111,129,87,147,93,36,207,0,140,15,
19:23:26,119,75,172,0,177,48,95,0,0,183,111,43,68,34,18,141,128,4,28,11,111,129,87,147,93,36,207,0,140,15,
19:23:27,119,75,172,0,177,48,95,0,0,183,111,43,68,34,18,141,128,4,28,11,111,129,87,147,93,36,207,0,140,15,
19:23:28,119,75,172,0,177,48,95,0,0,183,111,43,68,34,18,141,128,4,28,11,111,129,87,147,93,36,207,0,140,15,
19:23:29,119,75,172,0,177,48,95,0,0,183,111,43,68,34,18,141,128,4,28,11,111,129,87,147,93,36,207,0,140,15,
19:23:30,119,75,172,0,177,48,95,0,0,183,111,43,68,34,18,141,128,4,28,11,111,129,87,147,93,36,207,0,140,15,
19:23:31,119,75,172,0,177,48,95,0,0,183,111,43,68,34,18,141,128,4,28,11,111,129,87,147,93,36,207,0,140,15,
19:23:32,119,75,172,0,177,48,95,0,0,183,111,43,68,34,18,141,128,4,28,11,111,129,87,147,93,36,207,0,140,15,
19:23:33,119,75,172,0,177,48,95,0,0,183,111,43,68,34,18,141,128,4,28,11,111,129,87,147,93,36,207,0,140,15,
19:23:34,119,75,172,0,177,48,95,0,0,183,111,43,68,34,18,141,128,4,28,11,111,129,87,147,93,36,207,0,140,15,
19:23:35,119,75,172,0,177,48,95,0,0,183,111,43,68,34,18,141,128,4,28,11,111,129,87,147,93,36,207,0,140,15,
19:23:36,119,75,172,0,177,48,95,0,0,183,111,43,68,34,18,141,128,4,28,11,111,129,87,147,93,36,207,0,140,15,
19:23:37,119,75,172,0,177,48,95,0,0,183,111,43,68,34,18,141,128,4,28,11,111,129,87,147,93,36,207,0,140,15,
19:23:38,119,75,172,0,177,48,95,0,0,183,111,43,68,34,18,141,128,4,28,11,111,129,87,147,93,36,207,0,140,15,
19:23:39,119,75,172,0,177,48,95,0,0,183,111,43,68,34,18,141,128,4,28,11,111,129,87,147,93,36,207,0,140,15,
19:23:40,119,75,172,0,177,48,96,0,0,190,111,43,70,34,18,141,128,4,28,11,111,129,87,147,93,36,212,0,142,15,
19:23:41,119,75,172,0,177,48,96,0,0,190,111,43,70,34,18,141,128,4,28,11,111,129,87,147,93,36,212,0,142,15,
19:23:42,119,75,172,0,177,48,96,0,0,190,111,43,70,34,18,141,128,4,28,11,111,129,87,147,93,36,212,0,142,15,
19:23:43,119,75,172,0,177,48,96,0,0,190,111,43,70,34,18,141,128,4,28,11,111,129,87,147,93,36,212,0,142,15,
19:23:44,119,75,172,0,177,48,96,0,0,190,111,43,70,34,18,141,128,4,28,11,111,129,87,147,93,36,212,0,142,15,
19:23:45,119,75,172,0,177,48,96,0,0,190,111,43,70,34,18,141,128,4,28,11,111,129,87,147,93,36,212,0,142,15,
19:23:46,119,75,172,0,177,48,96,0,0,190,111,43,70,34,18,141,128,4,28,11,111,129,87,147,93,36,212,0,142,15,
19:23:47,119,75,172,0,177,48,96,0,0,190,111,43,70,34,18,141,128,4,28,11,111,129,87,147,93,36,212,0,142,15,
19:23:48,119,75,172,0,177,48,96,0,0,190,111,43,70,34,18,141,128,4,28,11,111,129,87,147,93,36,212,0,142,15,
19:23:49,119,75,172,0,177,48,96,0,0,190,111,43,70,34,18,141,128,4,28,11,111,129,87,147,93,36,212,0,142,15,
19:23:50,119,75,172,0,177,48,96,0,0,190,111,43,70,34,18,141,128,4,28,11,111,129,87,147,93,36,212,0,142,15,
19:23:51,119,75,172,0,177,48,96,0,0,190,111,43,70,34,18,141,128,4,28,11,111,129,87,147,93,36,212,0,142,15,
19:23:52,119,75,172,0,177,48,96,0,0,190,111,43,70,34,18,141,128,4,28,11,111,129,87,147,93,36,212,0,142,15,
19:23:53,119,75,172,0,177,48,96,0,0,190,111,43,70,34,18,141,128,4,28,11,111,129,87,147,93,36,212,0,142,15,
19:23:54,119,75,172,0,177,48,96,0,0,190,111,43,70,34,18,141,128,4,28,11,111,129,87,147,93,36,212,0,142,15,
19:23:55,119,75,172,0,177,48,96,0,0,190,111,43,70,34,18,141,128,4,28,11,111,129,87,147,93,36,212,0,142,15,
19:23:56,119,75,172,0,177,48,96,0,0,190,111,43,70,34,18,141,128,4,28,11,111,129,87,147,93,36,212,0,142,15,
19:23:57,119,75,172,0,177,48,96,0,0,190,111,43,70,34,18,141,128,4,28,11,111,129,87,147,93,36,212,0,142,15,
19:23:58,119,75,172,0,177,48,96,0,0,190,111,43,70,34,18,141,128,4,28,11,111,129,87,147,93,36,212,0,142,15,
19:23:59,119,75,172,0,177,48,96,0,0,190,111,43,70,34,18,141,128,4,28,11,111,129,87,147,93,36,212,0,142,15,
19:24,119,75,172,0,177,48,96,0,0,190,111,43,70,34,18,141,128,4,28,11,111,129,87,147,93,36,212,0,142,15,
19:24:01,119,75,172,0,177,48,96,0,0,190,111,43,70,34,18,141,128,4,28,11,111,129,87,147,93,36,212,0,142,15,
19:24:02,119,75,172,0,177,48,96,0,0,190,111,43,70,34,18,141,128,4,28,11,111,129,87,147,93,36,212,0,142,15,
19:24:03,119,75,172,0,177,48,96,0,0,190,111,43,70,34,18,141,128,4,28,11,111,129,87,147,93,36,212,0,142,15,
19:24:04,119,75,172,0,177,48,96,0,0,190,111,43,70,34,18,141,128,4,28,11,111,129,87,147,93,36,212,0,142,15,
19:24:05,119,75,172,0,177,48,96,0,0,190,111,43,70,34,18,141,128,4,28,11,111,129,87,147,93,36,212,0,142,15,
19:24:06,119,75,172,0,177,48,96,0,0,190,111,43,70,34,18,141,128,4,28,11,111,129,87,147,93,36,212,0,142,15,
19:24:07,119,75,172,0,177,48,96,0,0,190,111,43,70,34,18,141,128,4,28,11,111,129,87,147,93,36,212,0,142,15,
19:24:08,119,75,172,0,177,48,96,0,0,190,111,43,70,34,18,141,128,4,28,11,111,129,87,147,93,36,212,0,142,15,
19:24:09,119,75,172,0,177,48,96,0,0,190,111,43,70,34,18,141,128,4,28,11,111,129,87,147,93,36,212,0,142,15,
19:24:10,119,75,172,0,177,48,96,0,0,190,111,43,70,34,18,141,128,4,28,11,111,129,87,147,93,36,212,0,142,15,
19:24:11,119,75,172,0,177,48,96,0,0,190,111,43,70,34,18,141,128,4,28,11,111,129,87,147,93,36,212,0,142,15,
19:24:12,119,75,172,0,177,48,96,0,0,190,111,43,70,34,18,141,128,4,28,11,111,129,87,147,93,36,212,0,142,15,
19:24:13,119,77,177,0,179,48,96,0,0,190,111,44,70,34,18,141,128,4,28,11,111,134,87,147,93,36,213,0,146,15,
19:24:14,119,77,177,0,179,48,96,0,0,190,111,44,70,34,18,141,128,4,28,11,111,134,87,147,93,36,213,0,146,15,
19:24:15,119,77,177,0,179,48,96,0,0,190,111,44,70,34,18,141,128,4,28,11,111,134,87,147,93,36,213,0,146,15,
19:24:16,119,77,177,0,179,48,96,0,0,190,111,44,70,34,18,141,128,4,28,11,111,134,87,147,93,36,213,0,146,15,
19:24:17,119,77,177,0,179,48,96,0,0,190,111,44,70,34,18,141,128,4,28,11,111,134,87,147,93,36,213,0,146,15,
19:24:18,119,77,177,0,179,48,96,0,0,190,111,44,70,34,18,141,128,4,28,11,111,134,87,147,93,36,213,0,146,15,
19:24:19,119,77,177,0,179,48,96,0,0,190,111,44,70,34,18,141,128,4,28,11,111,134,87,147,93,36,213,0,146,15,
19:24:20,119,77,177,0,179,48,96,0,0,190,111,44,70,34,18,141,128,4,28,11,111,134,87,147,93,36,213,0,146,15,
19:24:21,119,77,177,0,179,48,96,0,0,190,111,44,70,34,18,141,128,4,28,11,111,134,87,147,93,36,213,0,146,15,
19:24:22,119,77,177,0,179,48,96,0,0,190,111,44,70,34,18,141,128,4,28,11,111,134,87,147,93,36,213,0,146,15,
19:24:23,119,77,177,0,179,48,96,0,0,190,111,44,70,34,18,141,128,4,28,11,111,134,87,147,93,36,213,0,146,15,
19:24:24,119,77,177,0,179,48,96,0,0,190,111,44,70,34,18,141,128,4,28,11,111,134,87,147,93,36,213,0,146,15,
19:24:25,119,77,177,0,179,48,96,0,0,190,111,44,70,34,18,141,128,4,28,11,111,134,87,147,93,36,213,0,146,15,
19:24:26,119,77,177,0,179,48,96,0,0,190,111,44,70,34,18,141,128,4,28,11,111,134,87,147,93,36,213,0,146,15,
19:24:27,119,77,177,0,179,48,96,0,0,190,111,44,70,34,18,141,128,4,28,11,111,134,87,147,93,36,213,0,146,15,
19:24:28,119,77,177,0,179,48,96,0,0,190,111,44,70,34,18,141,128,4,28,11,111,134,87,147,93,36,213,0,146,15,
19:24:29,119,77,177,0,179,48,96,0,0,190,111,44,70,34,18,141,128,4,28,11,111,134,87,147,93,36,213,0,146,15,
19:24:30,119,77,177,0,179,48,96,0,0,190,111,44,70,34,18,141,128,4,28,11,111,134,87,147,93,36,213,0,146,15,
19:24:31,119,77,177,0,179,48,96,0,0,190,111,44,70,34,18,141,128,4,28,11,111,134,87,147,93,36,213,0,146,15,
19:24:32,119,77,177,0,179,48,96,0,0,190,111,44,70,34,18,141,128,4,30,11,111,134,87,147,93,36,213,0,146,15,
19:24:33,119,77,177,0,179,48,96,0,0,190,111,44,70,34,18,141,128,4,30,11,111,134,87,147,93,36,213,0,146,15,
19:24:34,119,77,177,0,179,48,96,0,0,190,111,44,70,34,18,141,128,4,30,11,111,134,87,147,93,36,213,0,146,15,
19:24:35,119,77,177,0,179,48,96,0,0,190,111,44,70,34,18,141,128,4,30,11,111,134,87,147,93,36,213,0,146,15,
19:24:36,119,77,177,0,179,48,96,0,0,190,111,44,70,34,18,141,128,4,30,11,111,134,87,147,93,36,213,0,146,15,
19:24:37,119,77,177,0,179,48,96,0,0,190,111,44,70,34,18,141,128,4,30,11,111,134,87,147,93,36,213,0,146,15,
19:24:38,119,77,177,0,179,48,96,0,0,190,111,44,70,34,18,141,128,4,30,11,111,134,87,147,93,36,213,0,146,15,
19:24:39,119,77,177,0,179,48,96,0,0,190,111,44,70,34,18,141,128,4,30,11,111,134,87,147,93,36,213,0,146,15,
19:24:40,119,77,177,0,181,50,96,0,0,190,111,45,70,34,18,143,128,4,30,11,112,136,87,147,93,36,213,0,149,15,
19:24:41,119,77,177,0,181,50,96,0,0,190,111,45,70,34,18,143,128,4,30,11,112,136,87,147,93,36,213,0,149,15,
19:24:42,119,77,177,0,181,50,96,0,0,190,111,45,70,34,18,143,128,4,30,11,112,136,87,147,93,36,213,0,149,15,
19:24:43,119,77,177,0,181,50,96,0,0,190,111,45,70,34,18,143,128,4,30,11,112,136,87,147,93,36,213,0,149,15,
19:24:44,119,77,177,0,181,50,96,0,0,190,111,45,70,34,18,143,128,4,30,11,112,136,87,147,93,36,213,0,149,15,
19:24:45,119,77,177,0,181,50,96,0,0,190,111,45,70,34,18,143,128,4,30,11,112,136,87,147,93,36,213,0,149,15,
19:24:46,119,77,177,0,181,50,96,0,0,190,111,45,70,34,18,143,128,4,30,11,112,136,87,147,93,36,213,0,149,15,
19:24:47,119,77,177,0,181,50,96,0,0,190,111,45,70,34,18,143,128,4,30,11,112,136,87,147,93,36,213,0,149,15,
19:24:48,119,77,177,0,181,50,96,0,0,190,111,45,70,34,18,143,128,4,30,11,112,136,87,147,93,36,213,0,149,15,
19:24:49,119,77,177,0,181,50,96,0,0,190,111,45,70,34,18,143,128,4,30,11,112,136,87,147,93,36,213,0,149,15,
19:24:50,119,77,177,0,181,50,96,0,0,190,111,45,70,34,18,143,128,4,30,11,112,136,87,147,93,36,213,0,149,15,
19:24:51,119,77,177,0,181,50,96,0,0,190,111,45,70,34,18,143,128,4,30,11,112,136,87,147,93,36,213,0,149,15,
19:24:52,119,77,177,0,181,50,96,0,0,190,111,45,70,34,18,143,128,4,30,11,112,136,87,147,93,36,213,0,149,15,
19:24:53,119,77,177,0,181,50,96,0,0,190,111,45,70,34,18,143,128,4,30,11,112,136,87,147,93,36,213,0,149,15,
19:24:54,119,77,177,0,181,50,96,0,0,190,111,45,70,34,18,143,128,4,30,11,112,136,87,147,93,36,213,0,149,15,
19:24:55,119,77,177,0,181,50,96,0,0,190,111,45,70,34,18,143,128,4,30,11,112,136,87,147,93,36,213,0,149,15,
19:24:56,119,77,177,0,181,50,96,0,0,190,111,45,70,34,18,143,128,4,30,11,112,136,87,147,93,36,213,0,149,15,
19:24:57,119,77,177,0,181,50,96,0,0,190,111,45,70,34,18,143,128,4,30,11,112,136,87,147,93,36,213,0,149,15,
19:24:58,119,77,177,0,181,50,96,0,0,190,111,45,70,34,18,143,128,4,30,11,112,136,87,147,93,36,213,0,149,15,
19:24:59,119,77,177,0,181,50,96,0,0,190,111,45,70,34,18,143,128,4,30,11,112,136,87,147,93,36,213,0,149,15,
19:25,119,77,177,0,181,50,96,0,0,190,111,45,70,34,18,143,128,4,30,11,112,136,87,147,93,36,213,0,149,15,
19:25:01,119,77,177,0,181,50,96,0,0,190,111,45,70,34,18,143,128,4,30,11,112,136,87,147,93,36,213,0,149,15,
19:25:02,119,77,177,0,181,50,96,0,0,190,111,45,70,34,18,143,128,4,30,11,112,136,87,147,93,36,213,0,149,15,
19:25:03,119,77,177,0,181,50,96,0,0,190,111,45,70,34,18,143,128,4,30,11,112,136,87,147,93,36,213,0,149,15,
19:25:04,119,77,177,0,181,50,96,0,0,190,111,45,70,34,18,143,128,4,30,11,112,136,87,147,93,36,213,0,149,15,
19:25:05,119,77,177,0,181,50,96,0,0,190,111,45,70,34,18,143,128,4,30,11,112,136,87,147,93,36,213,0,149,15,
19:25:06,119,77,177,0,181,50,96,0,0,190,111,45,70,34,18,143,128,4,30,11,112,136,87,147,93,36,213,0,149,15,
19:25:07,119,77,177,0,181,50,96,0,0,190,111,45,70,34,18,143,128,4,30,11,112,136,87,147,93,36,213,0,149,15,
19:25:08,119,79,177,0,181,50,98,0,0,190,111,45,70,34,18,143,131,4,30,11,112,138,87,147,93,36,213,0,149,15,
19:25:09,119,79,177,0,181,50,98,0,0,190,111,45,70,34,18,143,131,4,30,11,112,138,87,147,93,36,213,0,149,15,
19:25:10,119,79,177,0,181,50,98,0,0,190,111,45,70,34,18,143,131,4,30,11,112,138,87,147,93,36,213,0,149,15,
19:25:11,119,79,177,0,181,50,98,0,0,190,111,45,70,34,18,143,131,4,30,11,112,138,87,147,93,36,213,0,149,15,
19:25:12,119,79,177,0,181,50,98,0,0,190,111,45,70,34,18,143,131,4,30,11,112,138,87,147,93,36,213,0,149,15,
19:25:13,119,79,177,0,181,50,98,0,0,190,111,45,70,34,18,143,131,4,30,11,112,138,87,147,93,36,213,0,149,15,
19:25:14,119,79,177,0,181,50,98,0,0,190,111,45,70,34,18,143,131,4,30,11,112,138,87,147,93,36,213,0,149,15,
19:25:15,119,79,177,0,181,50,98,0,0,190,111,45,70,34,18,143,131,4,30,11,112,138,87,147,93,36,213,0,149,15,
19:25:16,119,79,177,0,181,50,98,0,0,190,111,45,70,34,18,143,131,4,30,11,112,138,87,147,93,36,213,0,149,15,
19:25:17,119,79,177,0,181,50,98,0,0,190,111,45,70,34,18,143,131,4,30,11,112,138,87,147,93,36,213,0,149,15,
19:25:18,119,79,177,0,181,50,98,0,0,190,111,45,70,34,18,143,131,4,30,11,112,138,87,147,93,36,213,0,149,15,
19:25:19,119,79,177,0,181,50,98,0,0,190,111,45,70,34,18,143,131,4,30,11,112,138,87,147,93,36,213,0,149,15,
19:25:20,119,79,177,0,181,50,98,0,0,190,111,45,70,34,18,143,131,4,30,11,112,138,87,147,93,36,213,0,149,15,
19:25:21,119,79,177,0,181,50,98,0,0,190,111,45,70,34,18,143,131,4,30,11,112,138,87,147,93,36,213,0,149,15,
19:25:22,119,79,177,0,181,50,98,0,0,190,111,45,70,34,18,143,131,4,30,11,112,138,87,147,93,36,213,0,149,15,
19:25:23,119,79,177,0,181,50,98,0,0,190,111,45,70,34,18,143,131,4,30,11,112,138,87,147,93,36,213,0,149,15,
19:25:24,119,79,177,0,181,50,98,0,0,190,111,45,70,34,18,143,131,4,30,11,112,138,87,147,93,36,213,0,149,15,
19:25:25,119,79,177,0,181,50,98,0,0,190,111,45,70,34,18,143,131,4,30,11,112,138,87,147,93,36,213,0,149,15,
19:25:26,119,79,177,0,181,50,98,0,0,190,111,45,70,34,18,143,131,4,30,11,112,138,87,147,93,36,213,0,149,15,
19:25:27,119,79,177,0,181,50,98,0,0,190,111,45,70,34,18,143,131,4,30,11,112,138,87,147,93,36,213,0,149,15,
19:25:28,119,79,177,0,181,50,98,0,0,190,111,45,70,34,18,143,131,4,30,11,112,138,87,147,93,36,213,0,149,15,
19:25:29,119,79,177,0,181,50,98,0,0,190,111,45,70,34,18,143,131,4,30,11,112,138,87,147,93,36,213,0,149,15,
19:25:30,119,79,177,0,181,50,98,0,0,190,111,45,70,34,18,143,131,4,30,11,112,138,87,147,93,36,213,0,149,15,
19:25:31,119,79,177,0,181,50,98,0,0,190,111,45,70,34,18,143,131,4,30,11,112,138,87,147,93,36,213,0,149,15,
19:25:32,119,79,177,0,181,50,98,0,0,190,111,45,70,34,18,143,131,4,30,11,112,138,87,147,93,36,213,0,149,15,
19:25:33,119,79,177,0,181,50,98,0,0,190,111,45,70,34,18,143,131,4,30,11,112,138,87,147,93,36,213,0,149,15,
19:25:34,119,79,177,0,181,50,98,0,0,190,111,45,70,34,18,143,131,4,30,11,112,138,87,147,93,36,213,0,149,15,
19:25:35,119,79,177,0,184,50,98,0,0,190,111,47,70,34,18,145,136,4,30,11,112,138,87,151,95,39,213,0,154,15,
19:25:36,119,79,177,0,184,50,98,0,0,190,111,47,70,34,18,145,136,4,30,11,112,138,87,151,95,39,213,0,154,15,
19:25:37,119,79,177,0,184,50,98,0,0,190,111,47,70,34,18,145,136,4,30,11,112,138,87,151,95,39,213,0,154,15,
19:25:38,119,79,177,0,184,50,98,0,0,190,111,47,70,34,18,145,136,4,30,11,112,138,87,151,95,39,213,0,154,15,
19:25:39,119,79,177,0,184,50,98,0,0,190,111,47,70,34,18,145,136,4,30,11,112,138,87,151,95,39,213,0,154,15,
19:25:40,119,79,177,0,184,50,98,0,0,190,111,47,70,34,18,145,136,4,30,11,112,138,87,151,95,39,213,0,154,15,
19:25:41,119,79,177,0,184,50,98,0,0,190,111,47,70,34,18,145,136,4,30,11,112,138,87,151,95,39,213,0,154,15,
19:25:42,119,79,177,0,184,50,98,0,0,190,111,47,70,34,18,145,136,4,30,11,112,138,87,151,95,39,213,0,154,15,
19:25:43,119,79,177,0,184,50,98,0,0,190,111,47,70,34,18,145,136,4,30,11,112,138,87,151,95,39,213,0,154,15,
19:25:44,119,79,177,0,184,50,98,0,0,190,111,47,70,34,18,145,136,4,30,11,112,138,87,151,95,39,213,0,154,15,
19:25:45,119,79,177,0,184,50,98,0,0,190,111,47,70,34,18,145,136,4,30,11,112,138,87,151,95,39,213,0,154,15,
19:25:46,119,79,177,0,184,50,98,0,0,190,111,47,70,34,18,145,136,4,30,11,112,138,87,151,95,39,213,0,154,15,
19:25:47,119,79,177,0,184,50,98,0,0,190,111,47,70,34,18,145,136,4,30,11,112,138,87,151,95,39,213,0,154,15,
19:25:48,119,79,177,0,184,50,98,0,0,190,111,47,70,34,18,145,136,4,30,11,112,138,87,151,95,39,213,0,154,15,
19:25:49,119,79,177,0,184,50,98,0,0,190,111,47,70,34,18,145,136,4,30,11,112,138,87,151,95,39,213,0,154,15,
19:25:50,119,79,177,0,184,50,98,0,0,190,111,47,70,34,18,145,136,4,30,11,112,138,87,151,95,39,213,0,154,15,
19:25:51,119,79,177,0,184,50,98,0,0,190,111,47,70,34,18,145,136,4,30,11,112,138,87,151,95,39,213,0,154,15,
19:25:52,119,79,177,0,184,50,98,0,0,190,111,47,70,34,18,145,136,4,30,11,112,138,87,151,95,39,213,0,154,15,
19:25:53,119,79,177,0,184,50,98,0,0,190,111,47,70,34,18,145,136,4,30,11,112,138,87,151,95,39,213,0,154,15,
19:25:54,119,79,177,0,184,50,98,0,0,190,111,47,70,34,18,145,136,4,30,11,112,138,87,151,95,39,213,0,154,15,
19:25:55,119,79,177,0,184,50,98,0,0,190,111,47,70,34,18,145,136,4,30,11,112,138,87,151,95,39,213,0,154,15,
19:25:56,119,79,177,0,184,50,98,0,0,190,111,47,70,34,18,145,136,4,30,11,112,138,87,151,95,39,213,0,154,15,
19:25:57,119,79,177,0,184,50,98,0,0,190,111,47,70,34,18,145,136,4,30,11,112,138,87,151,95,39,213,0,154,15,
19:25:58,119,79,177,0,184,50,98,0,0,190,111,47,70,34,18,145,136,4,30,11,112,138,87,151,95,39,213,0,154,15,
19:25:59,119,79,177,0,184,50,98,0,0,190,111,47,70,34,18,145,136,4,30,11,112,138,87,151,95,39,213,0,154,15,
19:26,119,79,177,0,184,50,98,0,0,190,111,47,70,34,18,145,136,4,30,11,112,138,87,151,95,39,213,0,154,15,
19:26:01,119,79,177,0,184,50,98,0,0,190,111,47,70,34,18,145,136,4,30,11,112,138,87,151,95,39,213,0,154,15,
19:26:02,123,79,177,0,184,50,98,0,0,190,111,47,72,34,18,145,136,4,30,11,112,138,87,151,95,39,213,0,154,15,
19:26:03,123,79,177,0,184,50,98,0,0,190,111,47,72,34,18,145,136,4,30,11,112,138,87,151,95,39,213,0,154,15,
19:26:04,123,79,177,0,184,50,98,0,0,190,111,47,72,34,18,145,136,4,30,11,112,138,87,151,95,39,213,0,154,15,
19:26:05,123,79,177,0,184,50,98,0,0,190,111,47,72,34,18,145,136,4,30,11,112,138,87,151,95,39,213,0,154,15,
19:26:06,123,79,177,0,184,50,98,0,0,190,111,47,72,34,18,145,136,4,30,11,112,138,87,151,95,39,213,0,154,15,
19:26:07,123,79,177,0,184,50,98,0,0,190,111,47,72,34,18,145,136,4,30,11,112,138,87,151,95,39,213,0,154,15,
19:26:08,123,79,177,0,184,50,98,0,0,190,111,47,72,34,18,145,136,4,30,11,112,138,87,151,95,39,213,0,154,15,
19:26:09,123,79,177,0,184,50,98,0,0,190,111,47,72,34,18,145,136,4,30,11,112,138,87,151,95,39,213,0,154,15,
19:26:10,123,79,177,0,184,50,98,0,0,190,111,47,72,34,18,145,136,4,30,11,112,138,87,151,95,39,213,0,154,15,
19:26:11,123,79,177,0,184,50,98,0,0,190,111,47,72,34,18,145,136,4,30,11,112,138,87,151,95,39,213,0,154,15,
19:26:12,123,79,177,0,184,50,98,0,0,190,111,47,72,34,18,145,136,4,30,11,112,138,87,151,95,39,213,0,154,15,
19:26:13,123,79,177,0,184,50,98,0,0,190,111,47,72,34,18,145,136,4,30,11,112,138,87,151,95,39,213,0,154,15,
19:26:14,123,79,177,0,184,50,98,0,0,190,111,47,72,34,18,145,136,4,30,11,112,138,87,151,95,39,213,0,154,15,
19:26:15,123,79,177,0,184,50,98,0,0,190,111,47,72,34,18,145,136,4,30,11,112,138,87,151,95,39,213,0,154,15,
19:26:16,123,79,177,0,184,50,98,0,0,190,111,47,72,34,18,145,136,4,30,11,112,138,87,151,95,39,213,0,154,15,
19:26:17,123,79,177,0,184,50,98,0,0,190,111,47,72,34,18,145,136,4,30,11,112,138,87,151,95,39,213,0,154,15,
19:26:18,123,79,177,0,184,50,98,0,0,190,111,47,72,34,18,145,136,4,30,11,112,138,87,151,95,39,213,0,154,15,
19:26:19,123,79,177,0,184,50,98,0,0,190,111,47,72,34,18,145,136,4,30,11,112,138,87,151,95,39,213,0,154,15,
19:26:20,123,79,177,0,184,50,98,0,0,190,111,47,72,34,18,145,136,4,30,11,112,138,87,151,95,39,213,0,154,15,
19:26:21,123,79,177,0,184,50,98,0,0,190,111,47,72,34,18,145,136,4,30,11,112,138,87,151,95,39,213,0,154,15,
19:26:22,123,79,177,0,184,50,98,0,0,190,111,47,72,34,18,145,136,4,30,11,112,138,87,151,95,39,213,0,154,15,
19:26:23,123,79,177,0,184,50,98,0,0,190,111,47,72,34,18,145,136,4,30,11,112,138,87,151,95,39,213,0,154,15,
19:26:24,123,79,177,0,184,50,98,0,0,190,111,47,72,34,18,145,136,4,30,11,112,138,87,151,95,39,213,0,154,15,
19:26:25,123,79,177,0,184,50,98,0,0,190,111,47,72,34,18,145,136,4,30,11,112,138,87,151,95,39,213,0,154,15,
19:26:26,123,79,177,0,184,50,98,0,0,190,111,47,72,34,18,145,136,4,30,11,112,138,87,151,95,39,213,0,154,15,
19:26:27,123,79,177,0,184,50,98,0,0,190,111,47,72,34,18,145,136,4,30,11,112,138,87,151,95,39,213,0,154,15,
19:26:28,123,79,177,0,184,50,98,0,0,190,111,47,72,34,18,145,136,4,30,11,112,138,87,151,95,39,213,0,154,15,
19:26:29,123,79,177,0,184,50,98,0,0,190,111,47,72,34,18,145,136,4,30,11,112,138,87,151,95,39,213,0,154,15,
19:26:30,123,79,177,0,184,50,98,0,0,190,111,47,72,34,18,145,136,4,30,11,112,138,87,151,95,39,213,0,154,15,
19:26:31,123,79,177,0,184,50,98,0,0,190,111,47,72,34,18,145,136,4,30,11,112,138,87,151,95,39,213,0,154,15,
19:26:32,123,79,177,0,184,50,98,0,0,190,111,47,72,34,18,145,136,4,30,11,112,138,87,151,95,39,213,0,154,15,
19:26:33,123,79,177,0,184,50,98,0,0,190,111,47,72,34,18,145,136,4,32,11,112,138,87,151,95,39,216,0,154,15,
19:26:34,123,79,177,0,184,50,98,0,0,190,111,47,72,34,18,145,136,4,32,11,112,138,87,151,95,39,216,0,154,15,
19:26:35,123,79,177,0,184,50,98,0,0,190,111,47,72,34,18,145,136,4,32,11,112,138,87,151,95,39,216,0,154,15,
19:26:36,123,79,177,0,184,50,98,0,0,190,111,47,72,34,18,145,136,4,32,11,112,138,87,151,95,39,216,0,154,15,
19:26:37,123,79,177,0,184,50,98,0,0,190,111,47,72,34,18,145,136,4,32,11,112,138,87,151,95,39,216,0,154,15,
19:26:38,123,79,177,0,184,50,98,0,0,190,111,47,72,34,18,145,136,4,32,11,112,138,87,151,95,39,216,0,154,15,
19:26:39,123,79,177,0,184,50,98,0,0,190,111,47,72,34,18,145,136,4,32,11,112,138,87,151,95,39,216,0,154,15,
19:26:40,123,79,177,0,184,50,98,0,0,190,111,47,72,34,18,145,136,4,32,11,112,138,87,151,95,39,216,0,154,15,
19:26:41,123,79,177,0,184,50,98,0,0,190,111,47,72,34,18,145,136,4,32,11,112,138,87,151,95,39,216,0,154,15,
19:26:42,123,79,177,0,184,50,98,0,0,190,111,47,72,34,18,145,136,4,32,11,112,138,87,151,95,39,216,0,154,15,
19:26:43,123,79,177,0,184,50,98,0,0,190,111,47,72,34,18,145,136,4,32,11,112,138,87,151,95,39,216,0,154,15,
19:26:44,123,79,177,0,184,50,98,0,0,190,111,47,72,34,18,145,136,4,32,11,112,138,87,151,95,39,216,0,154,15,
19:26:45,123,79,177,0,184,50,98,0,0,190,111,47,72,34,18,145,136,4,32,11,112,138,87,151,95,39,216,0,154,15,
19:26:46,123,79,177,0,184,50,98,0,0,190,111,47,72,34,18,145,136,4,32,11,112,138,87,151,95,39,216,0,154,15,
19:26:47,123,79,177,0,184,50,98,0,0,190,111,47,72,34,18,145,136,4,32,11,112,138,87,151,95,39,216,0,154,15,
19:26:48,123,79,177,0,184,50,98,0,0,190,111,47,72,34,18,145,136,4,32,11,112,138,87,151,95,39,216,0,154,15,
19:26:49,123,79,177,0,184,50,98,0,0,190,111,47,72,34,18,145,136,4,32,11,112,138,87,151,95,39,216,0,154,15,
19:26:50,123,79,177,0,184,50,98,0,0,190,111,47,72,34,18,145,136,4,32,11,112,138,87,151,95,39,216,0,154,15,
19:26:51,123,79,177,0,184,50,98,0,0,190,111,47,72,34,18,145,136,4,32,11,112,138,87,151,95,39,216,0,154,15,
19:26:52,123,79,177,0,184,50,98,0,0,190,111,47,72,34,18,145,136,4,32,11,112,138,87,151,95,39,216,0,154,15,
19:26:53,123,79,177,0,184,50,98,0,0,190,111,47,72,34,18,145,136,4,32,11,112,138,87,151,95,39,216,0,154,15,
19:26:54,123,79,177,0,184,50,98,0,0,190,111,47,72,34,18,145,136,4,32,11,112,138,87,151,95,39,216,0,154,15,
19:26:55,123,79,177,0,184,50,98,0,0,190,111,47,72,34,18,145,136,4,32,11,112,138,87,151,95,39,216,0,154,15,
19:26:56,123,79,177,0,184,50,98,0,0,190,111,47,72,34,18,145,136,4,32,11,112,138,87,151,95,39,216,0,154,15,
19:26:57,123,79,177,0,184,50,98,0,0,190,111,47,72,34,18,145,136,4,32,11,112,138,87,151,95,39,216,0,154,15,
19:26:58,123,79,177,0,184,50,98,0,0,190,111,47,72,34,18,145,136,4,32,11,112,138,87,151,95,39,216,0,154,15,
19:26:59,123,79,177,0,184,50,98,0,0,190,111,47,72,34,18,145,136,4,32,11,112,138,87,151,95,39,216,0,154,15,
19:27,123,79,177,0,184,50,98,0,0,190,111,47,72,34,18,145,136,4,32,11,112,138,87,151,95,39,216,0,154,15,
19:27:01,123,79,177,0,184,50,98,0,0,190,111,47,72,34,18,145,136,4,32,11,112,138,87,151,95,39,216,0,154,15,
19:27:02,123,79,177,0,184,50,98,0,0,190,111,47,72,34,18,145,136,4,32,11,112,138,87,151,95,39,216,0,154,15,
19:27:03,123,79,177,0,184,50,98,0,0,190,111,47,72,34,18,145,136,4,32,11,112,138,87,151,95,39,216,0,154,15,
19:27:04,123,79,177,0,184,50,98,0,0,190,111,47,72,34,18,145,136,4,32,11,112,138,87,151,95,39,216,0,154,15,
19:27:05,123,79,177,0,184,50,98,0,0,190,111,47,72,34,18,145,136,4,32,11,112,138,87,151,95,39,216,0,154,15,
19:27:06,123,81,177,0,184,50,98,0,0,192,113,47,72,34,18,145,136,4,32,11,112,140,87,151,96,39,216,0,154,15,
19:27:07,123,81,177,0,184,50,98,0,0,192,113,47,72,34,18,145,136,4,32,11,112,140,87,151,96,39,216,0,154,15,
19:27:08,123,81,177,0,184,50,98,0,0,192,113,47,72,34,18,145,136,4,32,11,112,140,87,151,96,39,216,0,154,15,
19:27:09,123,81,177,0,184,50,98,0,0,192,113,47,72,34,18,145,136,4,32,11,112,140,87,151,96,39,216,0,154,15,
19:27:10,123,81,177,0,184,50,98,0,0,192,113,47,72,34,18,145,136,4,32,11,112,140,87,151,96,39,216,0,154,15,
19:27:11,123,81,177,0,184,50,98,0,0,192,113,47,72,34,18,145,136,4,32,11,112,140,87,151,96,39,216,0,154,15,
19:27:12,123,81,177,0,184,50,98,0,0,192,113,47,72,34,18,145,136,4,32,11,112,140,87,151,96,39,216,0,154,15,
19:27:13,123,81,177,0,184,50,98,0,0,192,113,47,72,34,18,145,136,4,32,11,112,140,87,151,96,39,216,0,154,15,
19:27:14,123,81,177,0,184,50,98,0,0,192,113,47,72,34,18,145,136,4,32,11,112,140,87,151,96,39,216,0,154,15,
19:27:15,123,81,177,0,184,50,98,0,0,192,113,47,72,34,18,145,136,4,32,11,112,140,87,151,96,39,216,0,154,15,
19:27:16,123,81,177,0,184,50,98,0,0,192,113,47,72,34,18,145,136,4,32,11,112,140,87,151,96,39,216,0,154,15,
19:27:17,123,81,177,0,184,50,98,0,0,192,113,47,72,34,18,145,136,4,32,11,112,140,87,151,96,39,216,0,154,15,
19:27:18,123,81,177,0,184,50,98,0,0,192,113,47,72,34,18,145,136,4,32,11,112,140,87,151,96,39,216,0,154,15,
19:27:19,123,81,177,0,184,50,98,0,0,192,113,47,72,34,18,145,136,4,32,11,112,140,87,151,96,39,216,0,154,15,
19:27:20,123,81,177,0,184,50,98,0,0,192,113,47,72,34,18,145,136,4,32,11,112,140,87,151,96,39,216,0,154,15,
19:27:21,123,81,177,0,184,50,98,0,0,192,113,47,72,34,18,145,136,4,32,11,112,140,87,151,96,39,216,0,154,15,
19:27:22,123,81,177,0,184,50,98,0,0,192,113,47,72,34,18,145,136,4,32,11,112,140,87,151,96,39,216,0,154,15,
19:27:23,123,81,177,0,184,50,98,0,0,192,113,47,72,34,18,145,136,4,32,11,112,140,87,151,96,39,216,0,154,15,
19:27:24,123,81,177,0,184,50,98,0,0,192,113,47,72,34,18,145,136,4,32,11,112,140,87,151,96,39,216,0,154,15,
19:27:25,123,81,177,0,184,50,98,0,0,192,113,47,72,34,18,145,136,4,32,11,112,140,87,151,96,39,216,0,154,15,
19:27:26,123,81,177,0,184,50,98,0,0,192,113,47,72,34,18,145,136,4,32,11,112,140,87,151,96,39,216,0,154,15,
19:27:27,123,81,177,0,184,50,98,0,0,192,113,47,72,34,18,145,136,4,32,11,112,140,87,151,96,39,216,0,154,15,
19:27:28,123,81,177,0,184,50,98,0,0,192,113,47,72,34,18,145,136,4,32,11,112,140,87,151,96,39,216,0,154,15,
19:27:29,123,81,177,0,184,50,98,0,0,192,113,47,72,34,18,145,136,4,34,11,112,140,87,151,96,39,216,0,154,15,
19:27:30,123,81,177,0,184,50,98,0,0,192,113,47,72,34,18,145,136,4,34,11,112,140,87,151,96,39,216,0,154,15,
19:27:31,123,81,177,0,184,50,98,0,0,192,113,47,72,34,18,145,136,4,34,11,112,140,87,151,96,39,216,0,154,15,
19:27:32,123,81,177,0,184,50,98,0,0,192,113,47,72,34,18,145,136,4,34,11,112,140,87,151,96,39,216,0,154,15,
19:27:33,125,81,177,0,184,50,98,0,0,192,113,47,72,34,18,145,136,4,34,11,112,140,89,151,96,39,216,0,154,15,
19:27:34,125,81,177,0,184,50,98,0,0,192,113,47,72,34,18,145,136,4,34,11,112,140,89,151,96,39,216,0,154,15,
19:27:35,125,81,177,0,184,50,98,0,0,192,113,47,72,34,18,145,136,4,34,11,112,140,89,151,96,39,216,0,154,15,
19:27:36,125,81,177,0,184,50,98,0,0,192,113,47,72,34,18,145,136,4,34,11,112,140,89,151,96,39,216,0,154,15,
19:27:37,125,81,177,0,184,50,98,0,0,192,113,47,72,34,18,145,136,4,34,11,112,140,89,151,96,39,216,0,154,15,
19:27:38,125,81,177,0,184,50,98,0,0,192,113,47,72,34,18,145,136,4,34,11,112,140,89,151,96,39,216,0,154,15,
19:27:39,125,81,177,0,184,50,98,0,0,192,113,47,72,34,18,145,136,4,34,11,112,140,89,151,96,39,216,0,154,15,
19:27:40,125,81,177,0,184,50,98,0,0,192,113,47,72,34,18,145,136,4,34,11,112,140,89,151,96,39,216,0,154,15,
19:27:41,125,81,177,0,184,50,98,0,0,192,113,47,72,34,18,145,136,4,34,11,112,140,89,151,96,39,216,0,154,15,
19:27:42,125,81,177,0,184,50,98,0,0,192,113,47,72,34,18,145,136,4,34,11,112,140,89,151,96,39,216,0,154,15,
19:27:43,125,81,177,0,184,50,98,0,0,192,113,47,72,34,18,145,136,4,34,11,112,140,89,151,96,39,216,0,154,15,
19:27:44,125,81,177,0,184,50,98,0,0,192,113,47,72,34,18,145,136,4,34,11,112,140,89,151,96,39,216,0,154,15,
19:27:45,125,81,177,0,184,50,98,0,0,192,113,47,72,34,18,145,136,4,34,11,112,140,89,151,96,39,216,0,154,15,
19:27:46,125,81,177,0,184,50,98,0,0,192,113,47,72,34,18,145,136,4,34,11,112,140,89,151,96,39,216,0,154,15,
19:27:47,125,81,177,0,184,50,98,0,0,192,113,47,72,34,18,145,136,4,34,11,112,140,89,151,96,39,216,0,154,15,
19:27:48,125,81,177,0,184,50,98,0,0,192,113,47,72,34,18,145,136,4,34,11,112,140,89,151,96,39,216,0,154,15,
19:27:49,125,81,177,0,184,50,98,0,0,192,113,47,72,34,18,145,136,4,34,11,112,140,89,151,96,39,216,0,154,15,
19:27:50,125,81,177,0,184,50,98,0,0,192,113,47,72,34,18,145,136,4,34,11,112,140,89,151,96,39,216,0,154,15,
19:27:51,125,81,177,0,184,50,98,0,0,192,113,47,72,34,18,145,136,4,34,11,112,140,89,151,96,39,216,0,154,15,
19:27:52,125,81,177,0,184,50,98,0,0,192,113,47,72,34,18,145,136,4,34,11,112,140,89,151,96,39,216,0,154,15,
19:27:53,125,81,177,0,184,50,98,0,0,192,113,47,72,34,18,145,136,4,34,11,112,140,89,151,96,39,216,0,154,15,
19:27:54,125,81,177,0,184,50,98,0,0,192,113,47,72,34,18,145,136,4,34,11,112,140,89,151,96,39,216,0,154,15,
19:27:55,125,81,177,0,184,50,98,0,0,192,113,47,72,34,18,145,136,4,34,11,112,140,89,151,96,39,216,0,154,15,
19:27:56,125,81,177,0,184,50,98,0,0,192,113,47,72,34,18,145,136,4,34,11,112,140,89,151,96,39,216,0,154,15,
19:27:57,125,81,177,0,184,50,98,0,0,192,113,47,72,34,18,145,136,4,34,11,112,140,89,151,96,39,216,0,154,15,
19:27:58,125,81,177,0,184,50,98,0,0,192,113,47,72,34,18,145,136,4,34,11,112,140,89,151,96,39,216,0,154,15,
19:27:59,125,81,177,0,184,50,98,0,0,192,113,47,72,34,18,145,136,4,34,11,112,140,89,151,96,39,216,0,154,15,
19:28,125,81,177,0,184,50,98,0,0,192,113,47,72,34,18,145,136,4,34,11,112,140,89,151,96,39,216,0,154,15,
19:28:01,125,81,177,0,184,50,98,0,0,192,113,47,72,34,18,145,136,4,34,11,112,140,89,151,96,39,216,0,154,15,
19:28:02,125,81,177,0,184,50,99,0,0,194,113,47,72,34,18,145,136,4,34,11,115,140,89,152,96,39,216,0,154,15,
19:28:03,125,81,177,0,184,50,99,0,0,194,113,47,72,34,18,145,136,4,34,11,115,140,89,152,96,39,216,0,154,15,
19:28:04,125,81,177,0,184,50,99,0,0,194,113,47,72,34,18,145,136,4,34,11,115,140,89,152,96,39,216,0,154,15,
19:28:05,125,81,177,0,184,50,99,0,0,194,113,47,72,34,18,145,136,4,34,11,115,140,89,152,96,39,216,0,154,15,
19:28:06,125,81,177,0,184,50,99,0,0,194,113,47,72,34,18,145,136,4,34,11,115,140,89,152,96,39,216,0,154,15,
19:28:07,125,81,177,0,184,50,99,0,0,194,113,47,72,34,18,145,136,4,34,11,115,140,89,152,96,39,216,0,154,15,
19:28:08,125,81,177,0,184,50,99,0,0,194,113,47,72,34,18,145,136,4,34,11,115,140,89,152,96,39,216,0,154,15,
19:28:09,125,81,177,0,184,50,99,0,0,194,113,47,72,34,18,145,136,4,34,11,115,140,89,152,96,39,216,0,154,15,
19:28:10,125,81,177,0,184,50,99,0,0,194,113,47,72,34,18,145,136,4,34,11,115,140,89,152,96,39,216,0,154,15,
19:28:11,125,81,177,0,184,50,99,0,0,194,113,47,72,34,18,145,136,4,34,11,115,140,89,152,96,39,216,0,154,15,
19:28:12,125,81,177,0,184,50,99,0,0,194,113,47,72,34,18,145,136,4,34,11,115,140,89,152,96,39,216,0,154,15,
19:28:13,125,81,177,0,184,50,99,0,0,194,113,47,72,34,18,145,136,4,34,11,115,140,89,152,96,39,216,0,154,15,
19:28:14,125,81,177,0,184,50,99,0,0,194,113,47,72,34,18,145,136,4,34,11,115,140,89,152,96,39,216,0,154,15,
19:28:15,125,81,177,0,184,50,99,0,0,194,113,47,72,34,18,145,136,4,34,11,115,140,89,152,96,39,216,0,154,15,
19:28:16,125,81,177,0,184,50,99,0,0,194,113,47,72,34,18,145,136,4,34,11,115,140,89,152,96,39,216,0,154,15,
19:28:17,125,81,177,0,184,50,99,0,0,194,113,47,72,34,18,145,136,4,34,11,115,140,89,152,96,39,216,0,154,15,
19:28:18,125,81,177,0,184,50,99,0,0,194,113,47,72,34,18,145,136,4,34,11,115,140,89,152,96,39,216,0,154,15,
19:28:19,125,81,177,0,184,50,99,0,0,194,113,47,72,34,18,145,136,4,34,11,115,140,89,152,96,39,216,0,154,15,
19:28:20,125,81,177,0,184,50,99,0,0,194,113,47,72,34,18,145,136,4,34,11,115,140,89,152,96,39,216,0,154,15,
19:28:21,125,81,177,0,184,50,99,0,0,194,113,47,72,34,18,145,136,4,34,11,115,140,89,152,96,39,216,0,154,15,
19:28:22,125,81,177,0,184,50,99,0,0,194,113,47,72,34,18,145,136,4,34,11,115,140,89,152,96,39,216,0,154,15,
19:28:23,125,81,177,0,184,50,99,0,0,194,113,47,72,34,18,145,136,4,34,11,115,140,89,152,96,39,216,0,154,15,
19:28:24,125,81,177,0,184,50,99,0,0,194,113,47,72,34,18,145,136,4,34,11,115,140,89,152,96,39,216,0,154,15,
19:28:25,125,81,177,0,184,50,99,0,0,194,113,47,72,34,18,145,136,4,34,11,115,140,89,152,96,39,216,0,154,15,
19:28:26,125,81,177,0,184,50,99,0,0,194,113,47,72,34,18,145,136,4,34,11,115,140,89,152,96,39,216,0,154,15,
19:28:27,125,81,177,0,184,50,99,0,0,194,113,47,72,34,18,145,136,4,34,11,115,140,89,152,96,39,216,0,154,15,
19:28:28,125,81,180,0,184,50,99,0,0,194,113,47,72,34,18,148,136,4,34,11,116,140,89,154,97,39,216,0,156,15,
19:28:29,125,81,180,0,184,50,99,0,0,194,113,47,72,34,18,148,136,4,34,11,116,140,89,154,97,39,216,0,156,15,
19:28:30,125,81,180,0,184,50,99,0,0,194,113,47,72,34,18,148,136,4,34,11,116,140,89,154,97,39,216,0,156,15,
19:28:31,125,81,180,0,184,50,99,0,0,194,113,47,72,34,18,148,136,4,34,11,116,140,89,154,97,39,216,0,156,15,
19:28:32,125,81,180,0,184,50,99,0,0,194,113,47,72,34,18,148,136,4,34,11,116,140,89,154,97,39,216,0,156,15,
19:28:33,125,81,180,0,184,50,99,0,0,194,113,47,72,34,18,148,136,4,34,11,116,140,89,154,97,39,216,0,156,15,
19:28:34,125,81,180,0,184,50,99,0,0,194,113,47,72,34,18,148,136,4,34,11,116,140,89,154,97,39,216,0,156,15,
19:28:35,125,81,180,0,184,50,99,0,0,194,113,47,72,34,18,148,136,4,34,11,116,140,89,154,97,39,216,0,156,15,
19:28:36,125,81,180,0,184,50,99,0,0,194,113,47,72,34,18,148,136,4,34,11,116,140,89,154,97,39,216,0,156,15,
19:28:37,125,81,180,0,184,50,99,0,0,194,113,47,72,34,18,148,136,4,34,11,116,140,89,154,97,39,216,0,156,15,
19:28:38,125,81,180,0,184,50,99,0,0,194,113,47,72,34,18,148,136,4,34,11,116,140,89,154,97,39,216,0,156,15,
19:28:39,125,81,180,0,184,50,99,0,0,194,113,47,72,34,18,148,136,4,34,11,116,140,89,154,97,39,216,0,156,15,
19:28:40,125,81,180,0,184,50,99,0,0,194,113,47,72,34,18,148,136,4,34,11,116,140,89,154,97,39,216,0,156,15,
19:28:41,125,81,180,0,184,50,99,0,0,194,113,47,72,34,18,148,136,4,34,11,116,140,89,154,97,39,216,0,156,15,
19:28:42,125,81,180,0,184,50,99,0,0,194,113,47,72,34,18,148,136,4,34,11,116,140,89,154,97,39,216,0,156,15,
19:28:43,125,81,180,0,184,50,99,0,0,194,113,47,72,34,18,148,136,4,34,11,116,140,89,154,97,39,216,0,156,15,
19:28:44,125,81,180,0,184,50,99,0,0,194,113,47,72,34,18,148,136,4,34,11,116,140,89,154,97,39,216,0,156,15,
19:28:45,125,81,180,0,184,50,99,0,0,194,113,47,72,34,18,148,136,4,34,11,116,140,89,154,97,39,216,0,156,15,
19:28:46,125,81,180,0,184,50,99,0,0,194,113,47,72,34,18,148,136,4,34,11,116,140,89,154,97,39,216,0,156,15,
19:28:47,125,81,180,0,184,50,99,0,0,194,113,47,72,34,18,148,136,4,34,11,116,140,89,154,97,39,216,0,156,15,
19:28:48,125,81,180,0,184,50,99,0,0,194,113,47,72,34,18,148,136,4,34,11,116,140,89,154,97,39,216,0,156,15,
19:28:49,125,81,180,0,184,50,99,0,0,194,113,47,72,34,18,148,136,4,34,11,116,140,89,154,97,39,216,0,156,15,
19:28:50,125,81,180,0,184,50,99,0,0,194,113,47,72,34,18,148,136,4,34,11,116,140,89,154,97,39,216,0,156,15,
19:28:51,125,81,180,0,184,50,99,0,0,194,113,47,72,34,18,148,136,4,34,11,116,140,89,154,97,39,216,0,156,15,
19:28:52,125,81,180,0,184,50,99,0,0,194,113,47,72,34,18,148,136,4,34,11,116,140,89,154,97,39,216,0,156,15,
19:28:53,125,81,180,0,184,50,99,0,0,194,113,47,72,34,18,148,136,4,34,11,116,140,89,154,97,39,216,0,156,15,
19:28:54,125,81,180,0,184,50,99,0,0,194,113,47,72,34,18,148,136,4,34,11,116,140,89,154,97,39,216,0,156,15,
19:28:55,125,81,180,0,184,50,99,0,0,194,113,47,72,34,18,148,136,4,34,11,116,140,89,154,97,39,216,0,156,15,
19:28:56,125,81,180,0,184,50,99,0,0,194,113,47,72,34,18,148,136,4,34,11,116,140,89,154,97,39,216,0,156,15,
19:28:57,125,81,180,0,184,50,99,0,0,194,113,47,72,34,18,148,136,4,34,11,116,140,89,154,97,39,216,0,156,15,
19:28:58,125,81,180,0,184,50,99,0,0,194,113,47,72,34,18,148,136,4,34,11,116,140,89,154,97,39,216,0,156,15,
19:28:59,125,81,180,0,184,50,99,0,0,194,113,47,72,34,18,148,136,4,34,11,116,140,89,154,97,39,216,0,158,15,
19:29,125,81,180,0,184,50,99,0,0,194,113,47,72,34,18,148,136,4,34,11,116,140,89,154,97,39,216,0,158,15,
19:29:01,125,81,180,0,184,50,99,0,0,194,113,47,72,34,18,148,136,4,34,11,116,140,89,154,97,39,216,0,158,15,
19:29:02,125,81,180,0,184,50,99,0,0,194,113,47,72,34,18,148,136,4,34,11,116,140,89,154,97,39,216,0,158,15,
19:29:03,125,81,180,0,184,50,99,0,0,194,113,47,72,34,18,148,136,4,34,11,116,140,89,154,97,39,216,0,158,15,
19:29:04,125,81,180,0,184,50,99,0,0,194,113,47,72,34,18,148,136,4,34,11,116,140,89,154,97,39,216,0,158,15,
19:29:05,125,81,180,0,184,50,99,0,0,194,113,47,72,34,18,148,136,4,34,11,116,140,89,154,97,39,216,0,158,15,
19:29:06,125,81,180,0,184,50,99,0,0,194,113,47,72,34,18,148,136,4,34,11,116,140,89,154,97,39,216,0,158,15,
19:29:07,125,81,180,0,184,50,99,0,0,194,113,47,72,34,18,148,136,4,34,11,116,140,89,154,97,39,216,0,158,15,
19:29:08,125,81,180,0,184,50,99,0,0,194,113,47,72,34,18,148,136,4,34,11,116,140,89,154,97,39,216,0,158,15,
19:29:09,125,81,180,0,184,50,99,0,0,194,113,47,72,34,18,148,136,4,34,11,116,140,89,154,97,39,216,0,158,15,
19:29:10,125,81,180,0,184,50,99,0,0,194,113,47,72,34,18,148,136,4,34,11,116,140,89,154,97,39,216,0,158,15,
19:29:11,125,81,180,0,184,50,99,0,0,194,113,47,72,34,18,148,136,4,34,11,116,140,89,154,97,39,216,0,158,15,
19:29:12,125,81,180,0,184,50,99,0,0,194,113,47,72,34,18,148,136,4,34,11,116,140,89,154,97,39,216,0,158,15,
19:29:13,125,81,180,0,184,50,99,0,0,194,113,47,72,34,18,148,136,4,34,11,116,140,89,154,97,39,216,0,158,15,
19:29:14,125,81,180,0,184,50,99,0,0,194,113,47,72,34,18,148,136,4,34,11,116,140,89,154,97,39,216,0,158,15,
19:29:15,125,81,180,0,184,50,99,0,0,194,113,47,72,34,18,148,136,4,34,11,116,140,89,154,97,39,216,0,158,15,
19:29:16,125,81,180,0,184,50,99,0,0,194,113,47,72,34,18,148,136,4,34,11,116,140,89,154,97,39,216,0,158,15,
19:29:17,125,81,180,0,184,50,99,0,0,194,113,47,72,34,18,148,136,4,34,11,116,140,89,154,97,39,216,0,158,15,
19:29:18,125,81,180,0,184,50,99,0,0,194,113,47,72,34,18,148,136,4,34,11,116,140,89,154,97,39,216,0,158,15,
19:29:19,125,81,180,0,184,50,99,0,0,194,113,47,72,34,18,148,136,4,34,11,116,140,89,154,97,39,216,0,158,15,
19:29:20,125,81,180,0,184,50,99,0,0,194,113,47,72,34,18,148,136,4,34,11,116,140,89,154,97,39,216,0,158,15,
19:29:21,125,81,180,0,184,50,99,0,0,194,113,47,72,34,18,148,136,4,34,11,116,140,89,154,97,39,216,0,158,15,
19:29:22,125,81,180,0,184,50,99,0,0,194,113,47,72,34,18,148,136,4,34,11,116,140,89,154,97,39,216,0,158,15,
19:29:23,125,81,180,0,184,50,99,0,0,194,113,47,72,34,18,148,136,4,34,11,116,140,89,154,97,39,216,0,158,15,
19:29:24,125,81,180,0,184,50,99,0,0,194,113,47,72,34,18,148,136,4,34,11,116,140,89,154,97,39,216,0,158,15,
19:29:25,125,81,180,0,184,50,99,0,0,194,113,47,72,34,18,148,136,4,34,11,116,140,89,154,97,39,216,0,158,15,
19:29:26,125,81,180,0,184,50,99,0,0,194,113,47,72,34,18,148,136,4,34,11,116,140,89,154,97,39,216,0,158,15,
19:29:27,125,81,180,0,184,50,99,0,0,194,113,47,72,34,18,148,136,4,34,11,116,140,89,154,97,39,216,0,158,15,
19:29:28,125,81,180,0,184,50,99,0,0,194,113,47,72,34,18,148,136,4,34,11,116,140,89,154,97,39,216,0,158,15,
19:29:29,125,81,180,0,184,50,99,0,0,194,113,47,72,34,18,148,136,4,34,11,116,140,89,154,97,39,216,0,158,15,
19:29:30,125,81,180,0,184,50,99,0,0,194,113,47,72,34,18,148,136,4,34,11,116,140,89,154,97,39,216,0,158,15,
19:29:31,125,81,180,0,184,50,99,0,0,194,113,47,72,34,18,148,136,4,34,11,116,140,89,154,97,39,216,0,158,15,
19:29:32,125,81,180,0,184,50,99,0,0,194,113,47,72,34,18,148,136,4,34,11,116,140,89,154,97,39,216,0,158,15,
19:29:33,125,81,180,0,184,50,99,0,0,194,113,47,72,34,18,148,136,4,34,11,116,140,89,154,97,39,216,0,158,15,
19:29:34,125,81,180,0,184,50,99,0,0,194,113,47,72,34,18,148,136,4,34,11,116,140,89,154,97,39,216,0,158,15,
19:29:35,125,81,183,0,184,50,99,0,0,194,113,47,72,34,18,148,136,4,34,11,119,140,89,154,97,39,216,0,158,15,
19:29:36,125,81,183,0,184,50,99,0,0,194,113,47,72,34,18,148,136,4,34,11,119,140,89,154,97,39,216,0,158,15,
19:29:37,125,81,183,0,184,50,99,0,0,194,113,47,72,34,18,148,136,4,34,11,119,140,89,154,97,39,216,0,158,15,
19:29:38,125,81,183,0,184,50,99,0,0,194,113,47,72,34,18,148,136,4,34,11,119,140,89,154,97,39,216,0,158,15,
19:29:39,125,81,183,0,184,50,99,0,0,194,113,47,72,34,18,148,136,4,34,11,119,140,89,154,97,39,216,0,158,15,
19:29:40,125,81,183,0,184,50,99,0,0,194,113,47,72,34,18,148,136,4,34,11,119,140,89,154,97,39,216,0,158,15,
19:29:41,125,81,183,0,184,50,99,0,0,194,113,47,72,34,18,148,136,4,34,11,119,140,89,154,97,39,216,0,158,15,
19:29:42,125,81,183,0,184,50,99,0,0,194,113,47,72,34,18,148,136,4,34,11,119,140,89,154,97,39,216,0,158,15,
19:29:43,125,81,183,0,184,50,99,0,0,194,113,47,72,34,18,148,136,4,34,11,119,140,89,154,97,39,216,0,158,15,
19:29:44,125,81,183,0,184,50,99,0,0,194,113,47,72,34,18,148,136,4,34,11,119,140,89,154,97,39,216,0,158,15,
19:29:45,125,81,183,0,184,50,99,0,0,194,113,47,72,34,18,148,136,4,34,11,119,140,89,154,97,39,216,0,158,15,
19:29:46,125,81,183,0,184,50,99,0,0,194,113,47,72,34,18,148,136,4,34,11,119,140,89,154,97,39,216,0,158,15,
19:29:47,125,81,183,0,184,50,99,0,0,194,113,47,72,34,18,148,136,4,34,11,119,140,89,154,97,39,216,0,158,15,
19:29:48,125,81,183,0,184,50,99,0,0,194,113,47,72,34,18,148,136,4,34,11,119,140,89,154,97,39,216,0,158,15,
19:29:49,125,81,183,0,184,50,99,0,0,194,113,47,72,34,18,148,136,4,34,11,119,140,89,154,97,39,216,0,158,15,
19:29:50,125,81,183,0,184,50,99,0,0,194,113,47,72,34,18,148,136,4,34,11,119,140,89,154,97,39,216,0,158,15,
19:29:51,125,81,183,0,184,50,99,0,0,194,113,47,72,34,18,148,136,4,34,11,119,140,89,154,97,39,216,0,158,15,
19:29:52,125,81,183,0,184,50,99,0,0,194,113,47,72,34,18,148,136,4,34,11,119,140,89,154,97,39,216,0,158,15,
19:29:53,125,81,183,0,184,50,99,0,0,194,113,47,72,34,18,148,136,4,34,11,119,140,89,154,97,39,216,0,158,15,
19:29:54,125,81,183,0,184,50,99,0,0,194,113,47,72,34,18,148,136,4,34,11,119,140,89,154,97,39,216,0,158,15,
19:29:55,125,81,183,0,184,50,99,0,0,194,113,47,72,34,18,148,136,4,34,11,119,140,89,154,97,39,216,0,158,15,
19:29:56,125,81,183,0,184,50,99,0,0,194,113,47,72,34,18,148,136,4,34,11,119,140,89,154,97,39,216,0,158,15,
19:29:57,125,81,183,0,184,50,99,0,0,194,113,47,72,34,18,148,136,4,34,11,119,140,89,154,97,39,216,0,158,15,
19:29:58,125,81,183,0,184,50,99,0,0,194,113,47,72,34,18,148,136,4,34,11,119,140,89,154,97,39,216,0,158,15,
19:29:59,125,81,183,0,184,50,99,0,0,194,113,47,72,34,18,148,136,4,34,11,119,140,89,154,97,39,216,0,158,15,
19:30,125,81,183,0,184,50,99,0,0,194,113,47,72,34,18,148,136,4,34,11,119,140,89,154,97,39,216,0,158,15,
